ProlificID,trialrespkey.corr,video_file,trialrespkey.rt,Group,Age,Gender,UKLicense,YearsExp,GlasgowExp,GlasgowYearsExp,"L - Driver Behaviour Questionnaire
On a 0-5 scale where 0 is 'Never' and 5 is 'Nearly all the time', please rate how often you... - 1. Attempt  to drive  away  from  traffic lights  in third gear","V - Driver Behaviour Questionnaire
On a 0-5 scale where 0 is 'Never' and 5 is 'Nearly all the time', please rate how often you... - 2.	Become impatient with  a slow driver  in the outer  lane and overtake on  the  inside","V - Driver Behaviour Questionnaire
On a 0-5 scale where 0 is 'Never' and 5 is 'Nearly all the time', please rate how often you... - 3.	Drive especially close  to the car  in front as  a signal  to its driver  to go faster  or get  out of the way","E - Driver Behaviour Questionnaire
On a 0-5 scale where 0 is 'Never' and 5 is 'Nearly all the time', please rate how often you... - 4.	Attempt  to overtake someone  that you hadn't noticed  to  be signalling a right  turn","L - Driver Behaviour Questionnaire
On a 0-5 scale where 0 is 'Never' and 5 is 'Nearly all the time', please rate how often you... - 5.	Forget  where  you  left your car  in car  park","L - Driver Behaviour Questionnaire
On a 0-5 scale where 0 is 'Never' and 5 is 'Nearly all the time', please rate how often you... - 6.	Switch  on  one  thing,  such as the headlights,  when  you meant  to switch  on  something  else,  such as the  wipers","L - Driver Behaviour Questionnaire
On a 0-5 scale where 0 is 'Never' and 5 is 'Nearly all the time', please rate how often you... - 7.	Realise  that  you have  no clear  recollection  of the road  along  which you have just  been  travelling","V - Driver Behaviour Questionnaire
On a 0-5 scale where 0 is 'Never' and 5 is 'Nearly all the time', please rate how often you... - 8.	Cross  a junction knowing  that the  traffic lights have  already  turned against  you","E - Driver Behaviour Questionnaire
On a 0-5 scale where 0 is 'Never' and 5 is 'Nearly all the time', please rate how often you... - 9.	Fail  to notice  that  pedestrians  are crossing when turning  into  a sides treet  from  a main  road","V - Driver Behaviour Questionnaire
On a 0-5 scale where 0 is 'Never' and 5 is 'Nearly all the time', please rate how often you... - 10.	Angered  by another driver's behaviour,  you give  chase  with the intention  of giving  him/her  a piece  of your mind","L - Driver Behaviour Questionnaire
On a 0-5 scale where 0 is 'Never' and 5 is 'Nearly all the time', please rate how often you... - 11.	Misread  the signs  and exit from  a roundabout  on the  wrong  road","V - Driver Behaviour Questionnaire
On a 0-5 scale where 0 is 'Never' and 5 is 'Nearly all the time', please rate how often you... - 12. Disregard the speed  limits  late at night or early  in the morning","Driver Behaviour Questionnaire
On a 0-5 scale where 0 is 'Never' and 5 is 'Nearly all the time', please rate how often you... - 12. Please Select 5 on the scale","E - Driver Behaviour Questionnaire
On a 0-5 scale where 0 is 'Never' and 5 is 'Nearly all the time', please rate how often you... - 13.	On  turning  left, nearly  hit a cyclist  who has come  up on your  inside","Driver Behaviour Questionnaire
On a 0-5 scale where 0 is 'Never' and 5 is 'Nearly all the time', please rate how often you... - 14. Queueing  to tum  left onto  main road,  you pay  such close  attention  to the  main stream  of  traffic that  you  nearly hit the car  in E - front","E - Driver Behaviour Questionnaire
On a 0-5 scale where 0 is 'Never' and 5 is 'Nearly all the time', please rate how often you... - 15. Drive  even  though  you realise  that  you may be over  the  legal blood alcohol limit","V - Driver Behaviour Questionnaire
On a 0-5 scale where 0 is 'Never' and 5 is 'Nearly all the time', please rate how often you... - 16.	Have  an aversion  to a particular class  of road  user,  and indicate your hostility  by  whatever  means you can","E - Driver Behaviour Questionnaire
On a 0-5 scale where 0 is 'Never' and 5 is 'Nearly all the time', please rate how often you... - 17.	Underestimate the  speed  of an oncoming vehicle when overtaking","L - Driver Behaviour Questionnaire
On a 0-5 scale where 0 is 'Never' and 5 is 'Nearly all the time', please rate how often you... - 18. Hit  something  reversing  that  you had  not previously  seen","L - Driver Behaviour Questionnaire
On a 0-5 scale where 0 is 'Never' and 5 is 'Nearly all the time', please rate how often you... - 19.	Intending  to drive to destination A, you 'wakeup'  to find yourself on the road to destination  B, perhaps  because  the  latter  is your more usual  destination","L - Driver Behaviour Questionnaire
On a 0-5 scale where 0 is 'Never' and 5 is 'Nearly all the time', please rate how often you... - 20.	Get  into  the wrong  lane approaching  a roundabout  or a junction","E - Driver Behaviour Questionnaire
On a 0-5 scale where 0 is 'Never' and 5 is 'Nearly all the time', please rate how often you... - 21.	Miss 'Give Way'  signs,  and  narrowly  avoid  colliding  with  traffic having  the  right of way","E - Driver Behaviour Questionnaire
On a 0-5 scale where 0 is 'Never' and 5 is 'Nearly all the time', please rate how often you... - 22.	Fail  to check  your rearview  mirror  before  pulling  out,  changing  lanes, etc.","V - Driver Behaviour Questionnaire
On a 0-5 scale where 0 is 'Never' and 5 is 'Nearly all the time', please rate how often you... - 23.	Get  involved  in unofficial 'races' with other  drivers","E - Driver Behaviour Questionnaire
On a 0-5 scale where 0 is 'Never' and 5 is 'Nearly all the time', please rate how often you... - 24.	Brake  too quickly  on  a slippery  road, or steer  the  wrong  way into  a skid",GroupCheck,Valid,Errors,Lapses,Violations
P2,0,Clip11,17.951,Experienced,31,Male,Yes,10,No,NA,0,1,1,0,1,1,2,3,1,0,1,2,5,1,1,1,0,0,1,0,2,0,1,1,1,Experienced,TRUE,0.625,1,1.142857143
P2,1,Clip30,8.6826,Experienced,31,Male,Yes,10,No,NA,0,1,1,0,1,1,2,3,1,0,1,2,5,1,1,1,0,0,1,0,2,0,1,1,1,Experienced,TRUE,0.625,1,1.142857143
P2,1,Clip21,58.6093,Experienced,31,Male,Yes,10,No,NA,0,1,1,0,1,1,2,3,1,0,1,2,5,1,1,1,0,0,1,0,2,0,1,1,1,Experienced,TRUE,0.625,1,1.142857143
P2,1,Clip31,4.7638,Experienced,31,Male,Yes,10,No,NA,0,1,1,0,1,1,2,3,1,0,1,2,5,1,1,1,0,0,1,0,2,0,1,1,1,Experienced,TRUE,0.625,1,1.142857143
P2,1,Clip40,7.5076,Experienced,31,Male,Yes,10,No,NA,0,1,1,0,1,1,2,3,1,0,1,2,5,1,1,1,0,0,1,0,2,0,1,1,1,Experienced,TRUE,0.625,1,1.142857143
P2,1,Clip15,5.4028,Experienced,31,Male,Yes,10,No,NA,0,1,1,0,1,1,2,3,1,0,1,2,5,1,1,1,0,0,1,0,2,0,1,1,1,Experienced,TRUE,0.625,1,1.142857143
P2,0,Clip36,12.5189,Experienced,31,Male,Yes,10,No,NA,0,1,1,0,1,1,2,3,1,0,1,2,5,1,1,1,0,0,1,0,2,0,1,1,1,Experienced,TRUE,0.625,1,1.142857143
P2,0,Clip35,10.9847,Experienced,31,Male,Yes,10,No,NA,0,1,1,0,1,1,2,3,1,0,1,2,5,1,1,1,0,0,1,0,2,0,1,1,1,Experienced,TRUE,0.625,1,1.142857143
P2,0,Clip08,18.4281,Experienced,31,Male,Yes,10,No,NA,0,1,1,0,1,1,2,3,1,0,1,2,5,1,1,1,0,0,1,0,2,0,1,1,1,Experienced,TRUE,0.625,1,1.142857143
P2,1,Clip33,12.9043,Experienced,31,Male,Yes,10,No,NA,0,1,1,0,1,1,2,3,1,0,1,2,5,1,1,1,0,0,1,0,2,0,1,1,1,Experienced,TRUE,0.625,1,1.142857143
P2,0,Clip04,11.4322,Experienced,31,Male,Yes,10,No,NA,0,1,1,0,1,1,2,3,1,0,1,2,5,1,1,1,0,0,1,0,2,0,1,1,1,Experienced,TRUE,0.625,1,1.142857143
P2,1,Clip13,10.481,Experienced,31,Male,Yes,10,No,NA,0,1,1,0,1,1,2,3,1,0,1,2,5,1,1,1,0,0,1,0,2,0,1,1,1,Experienced,TRUE,0.625,1,1.142857143
P2,0,Clip28,9.3082,Experienced,31,Male,Yes,10,No,NA,0,1,1,0,1,1,2,3,1,0,1,2,5,1,1,1,0,0,1,0,2,0,1,1,1,Experienced,TRUE,0.625,1,1.142857143
P2,1,Clip23,6.4374,Experienced,31,Male,Yes,10,No,NA,0,1,1,0,1,1,2,3,1,0,1,2,5,1,1,1,0,0,1,0,2,0,1,1,1,Experienced,TRUE,0.625,1,1.142857143
P2,1,Clip25,21.5408,Experienced,31,Male,Yes,10,No,NA,0,1,1,0,1,1,2,3,1,0,1,2,5,1,1,1,0,0,1,0,2,0,1,1,1,Experienced,TRUE,0.625,1,1.142857143
P2,1,Clip27,10.8853,Experienced,31,Male,Yes,10,No,NA,0,1,1,0,1,1,2,3,1,0,1,2,5,1,1,1,0,0,1,0,2,0,1,1,1,Experienced,TRUE,0.625,1,1.142857143
P2,1,Clip05,7.046,Experienced,31,Male,Yes,10,No,NA,0,1,1,0,1,1,2,3,1,0,1,2,5,1,1,1,0,0,1,0,2,0,1,1,1,Experienced,TRUE,0.625,1,1.142857143
P2,0,Clip03,18.4751,Experienced,31,Male,Yes,10,No,NA,0,1,1,0,1,1,2,3,1,0,1,2,5,1,1,1,0,0,1,0,2,0,1,1,1,Experienced,TRUE,0.625,1,1.142857143
P2,1,Clip07,5.359,Experienced,31,Male,Yes,10,No,NA,0,1,1,0,1,1,2,3,1,0,1,2,5,1,1,1,0,0,1,0,2,0,1,1,1,Experienced,TRUE,0.625,1,1.142857143
P2,1,Clip12,7.8912,Experienced,31,Male,Yes,10,No,NA,0,1,1,0,1,1,2,3,1,0,1,2,5,1,1,1,0,0,1,0,2,0,1,1,1,Experienced,TRUE,0.625,1,1.142857143
P2,0,Clip34,6.6086,Experienced,31,Male,Yes,10,No,NA,0,1,1,0,1,1,2,3,1,0,1,2,5,1,1,1,0,0,1,0,2,0,1,1,1,Experienced,TRUE,0.625,1,1.142857143
P2,0,Clip10,20.0417,Experienced,31,Male,Yes,10,No,NA,0,1,1,0,1,1,2,3,1,0,1,2,5,1,1,1,0,0,1,0,2,0,1,1,1,Experienced,TRUE,0.625,1,1.142857143
P2,1,Clip02,3.8472,Experienced,31,Male,Yes,10,No,NA,0,1,1,0,1,1,2,3,1,0,1,2,5,1,1,1,0,0,1,0,2,0,1,1,1,Experienced,TRUE,0.625,1,1.142857143
P2,1,Clip37,5.6964,Experienced,31,Male,Yes,10,No,NA,0,1,1,0,1,1,2,3,1,0,1,2,5,1,1,1,0,0,1,0,2,0,1,1,1,Experienced,TRUE,0.625,1,1.142857143
P2,1,Clip26,4.3473,Experienced,31,Male,Yes,10,No,NA,0,1,1,0,1,1,2,3,1,0,1,2,5,1,1,1,0,0,1,0,2,0,1,1,1,Experienced,TRUE,0.625,1,1.142857143
P2,1,Clip32,4.2055,Experienced,31,Male,Yes,10,No,NA,0,1,1,0,1,1,2,3,1,0,1,2,5,1,1,1,0,0,1,0,2,0,1,1,1,Experienced,TRUE,0.625,1,1.142857143
P2,1,Clip18,7.6968,Experienced,31,Male,Yes,10,No,NA,0,1,1,0,1,1,2,3,1,0,1,2,5,1,1,1,0,0,1,0,2,0,1,1,1,Experienced,TRUE,0.625,1,1.142857143
P2,0,Clip16,15.6089,Experienced,31,Male,Yes,10,No,NA,0,1,1,0,1,1,2,3,1,0,1,2,5,1,1,1,0,0,1,0,2,0,1,1,1,Experienced,TRUE,0.625,1,1.142857143
P2,1,Clip19,3.705,Experienced,31,Male,Yes,10,No,NA,0,1,1,0,1,1,2,3,1,0,1,2,5,1,1,1,0,0,1,0,2,0,1,1,1,Experienced,TRUE,0.625,1,1.142857143
P2,1,Clip06,4.1429,Experienced,31,Male,Yes,10,No,NA,0,1,1,0,1,1,2,3,1,0,1,2,5,1,1,1,0,0,1,0,2,0,1,1,1,Experienced,TRUE,0.625,1,1.142857143
P2,1,Clip09,5.8947,Experienced,31,Male,Yes,10,No,NA,0,1,1,0,1,1,2,3,1,0,1,2,5,1,1,1,0,0,1,0,2,0,1,1,1,Experienced,TRUE,0.625,1,1.142857143
P2,0,Clip38,8.367,Experienced,31,Male,Yes,10,No,NA,0,1,1,0,1,1,2,3,1,0,1,2,5,1,1,1,0,0,1,0,2,0,1,1,1,Experienced,TRUE,0.625,1,1.142857143
P2,1,Clip20,3.2881,Experienced,31,Male,Yes,10,No,NA,0,1,1,0,1,1,2,3,1,0,1,2,5,1,1,1,0,0,1,0,2,0,1,1,1,Experienced,TRUE,0.625,1,1.142857143
P2,1,Clip14,3.2506,Experienced,31,Male,Yes,10,No,NA,0,1,1,0,1,1,2,3,1,0,1,2,5,1,1,1,0,0,1,0,2,0,1,1,1,Experienced,TRUE,0.625,1,1.142857143
P2,1,Clip17,7.2755,Experienced,31,Male,Yes,10,No,NA,0,1,1,0,1,1,2,3,1,0,1,2,5,1,1,1,0,0,1,0,2,0,1,1,1,Experienced,TRUE,0.625,1,1.142857143
P2,1,Clip39,5.0542,Experienced,31,Male,Yes,10,No,NA,0,1,1,0,1,1,2,3,1,0,1,2,5,1,1,1,0,0,1,0,2,0,1,1,1,Experienced,TRUE,0.625,1,1.142857143
P2,0,Clip22,6.8775,Experienced,31,Male,Yes,10,No,NA,0,1,1,0,1,1,2,3,1,0,1,2,5,1,1,1,0,0,1,0,2,0,1,1,1,Experienced,TRUE,0.625,1,1.142857143
P2,1,Clip01,4.2913,Experienced,31,Male,Yes,10,No,NA,0,1,1,0,1,1,2,3,1,0,1,2,5,1,1,1,0,0,1,0,2,0,1,1,1,Experienced,TRUE,0.625,1,1.142857143
P2,0,Clip29,12.9602,Experienced,31,Male,Yes,10,No,NA,0,1,1,0,1,1,2,3,1,0,1,2,5,1,1,1,0,0,1,0,2,0,1,1,1,Experienced,TRUE,0.625,1,1.142857143
P2,0,Clip24,13.0698,Experienced,31,Male,Yes,10,No,NA,0,1,1,0,1,1,2,3,1,0,1,2,5,1,1,1,0,0,1,0,2,0,1,1,1,Experienced,TRUE,0.625,1,1.142857143
611630,1,Clip27,10.5679,Experienced,49,Female,Yes,27,No,0,0,1,1,0,0,2,2,1,1,0,2,1,5,0,1,0,0,0,1,1,1,0,1,1,1,Experienced,TRUE,0.375,1.125,0.714285714
611630,0,Clip21,37.4412,Experienced,49,Female,Yes,27,No,0,0,1,1,0,0,2,2,1,1,0,2,1,5,0,1,0,0,0,1,1,1,0,1,1,1,Experienced,TRUE,0.375,1.125,0.714285714
611630,1,Clip09,17.7666,Experienced,49,Female,Yes,27,No,0,0,1,1,0,0,2,2,1,1,0,2,1,5,0,1,0,0,0,1,1,1,0,1,1,1,Experienced,TRUE,0.375,1.125,0.714285714
611630,1,Clip18,6.881,Experienced,49,Female,Yes,27,No,0,0,1,1,0,0,2,2,1,1,0,2,1,5,0,1,0,0,0,1,1,1,0,1,1,1,Experienced,TRUE,0.375,1.125,0.714285714
611630,1,Clip24,10.4793,Experienced,49,Female,Yes,27,No,0,0,1,1,0,0,2,2,1,1,0,2,1,5,0,1,0,0,0,1,1,1,0,1,1,1,Experienced,TRUE,0.375,1.125,0.714285714
611630,1,Clip29,9.0348,Experienced,49,Female,Yes,27,No,0,0,1,1,0,0,2,2,1,1,0,2,1,5,0,1,0,0,0,1,1,1,0,1,1,1,Experienced,TRUE,0.375,1.125,0.714285714
611630,1,Clip22,4.6693,Experienced,49,Female,Yes,27,No,0,0,1,1,0,0,2,2,1,1,0,2,1,5,0,1,0,0,0,1,1,1,0,1,1,1,Experienced,TRUE,0.375,1.125,0.714285714
611630,1,Clip31,9.5015,Experienced,49,Female,Yes,27,No,0,0,1,1,0,0,2,2,1,1,0,2,1,5,0,1,0,0,0,1,1,1,0,1,1,1,Experienced,TRUE,0.375,1.125,0.714285714
611630,1,Clip26,4.6487,Experienced,49,Female,Yes,27,No,0,0,1,1,0,0,2,2,1,1,0,2,1,5,0,1,0,0,0,1,1,1,0,1,1,1,Experienced,TRUE,0.375,1.125,0.714285714
611630,0,Clip08,24.7397,Experienced,49,Female,Yes,27,No,0,0,1,1,0,0,2,2,1,1,0,2,1,5,0,1,0,0,0,1,1,1,0,1,1,1,Experienced,TRUE,0.375,1.125,0.714285714
611630,0,Clip07,10.0559,Experienced,49,Female,Yes,27,No,0,0,1,1,0,0,2,2,1,1,0,2,1,5,0,1,0,0,0,1,1,1,0,1,1,1,Experienced,TRUE,0.375,1.125,0.714285714
611630,1,Clip04,5.1677,Experienced,49,Female,Yes,27,No,0,0,1,1,0,0,2,2,1,1,0,2,1,5,0,1,0,0,0,1,1,1,0,1,1,1,Experienced,TRUE,0.375,1.125,0.714285714
611630,1,Clip25,11.429,Experienced,49,Female,Yes,27,No,0,0,1,1,0,0,2,2,1,1,0,2,1,5,0,1,0,0,0,1,1,1,0,1,1,1,Experienced,TRUE,0.375,1.125,0.714285714
611630,1,Clip16,17.4009,Experienced,49,Female,Yes,27,No,0,0,1,1,0,0,2,2,1,1,0,2,1,5,0,1,0,0,0,1,1,1,0,1,1,1,Experienced,TRUE,0.375,1.125,0.714285714
611630,1,Clip10,11.046,Experienced,49,Female,Yes,27,No,0,0,1,1,0,0,2,2,1,1,0,2,1,5,0,1,0,0,0,1,1,1,0,1,1,1,Experienced,TRUE,0.375,1.125,0.714285714
611630,0,Clip20,10.9054,Experienced,49,Female,Yes,27,No,0,0,1,1,0,0,2,2,1,1,0,2,1,5,0,1,0,0,0,1,1,1,0,1,1,1,Experienced,TRUE,0.375,1.125,0.714285714
611630,0,Clip06,13.4848,Experienced,49,Female,Yes,27,No,0,0,1,1,0,0,2,2,1,1,0,2,1,5,0,1,0,0,0,1,1,1,0,1,1,1,Experienced,TRUE,0.375,1.125,0.714285714
611630,1,Clip02,7.134,Experienced,49,Female,Yes,27,No,0,0,1,1,0,0,2,2,1,1,0,2,1,5,0,1,0,0,0,1,1,1,0,1,1,1,Experienced,TRUE,0.375,1.125,0.714285714
611630,1,Clip37,6.8862,Experienced,49,Female,Yes,27,No,0,0,1,1,0,0,2,2,1,1,0,2,1,5,0,1,0,0,0,1,1,1,0,1,1,1,Experienced,TRUE,0.375,1.125,0.714285714
611630,0,Clip38,11.2852,Experienced,49,Female,Yes,27,No,0,0,1,1,0,0,2,2,1,1,0,2,1,5,0,1,0,0,0,1,1,1,0,1,1,1,Experienced,TRUE,0.375,1.125,0.714285714
611630,1,Clip23,7.0755,Experienced,49,Female,Yes,27,No,0,0,1,1,0,0,2,2,1,1,0,2,1,5,0,1,0,0,0,1,1,1,0,1,1,1,Experienced,TRUE,0.375,1.125,0.714285714
611630,0,Clip11,17.2036,Experienced,49,Female,Yes,27,No,0,0,1,1,0,0,2,2,1,1,0,2,1,5,0,1,0,0,0,1,1,1,0,1,1,1,Experienced,TRUE,0.375,1.125,0.714285714
611630,0,Clip17,9.6954,Experienced,49,Female,Yes,27,No,0,0,1,1,0,0,2,2,1,1,0,2,1,5,0,1,0,0,0,1,1,1,0,1,1,1,Experienced,TRUE,0.375,1.125,0.714285714
611630,1,Clip15,7.061,Experienced,49,Female,Yes,27,No,0,0,1,1,0,0,2,2,1,1,0,2,1,5,0,1,0,0,0,1,1,1,0,1,1,1,Experienced,TRUE,0.375,1.125,0.714285714
611630,1,Clip12,6.2556,Experienced,49,Female,Yes,27,No,0,0,1,1,0,0,2,2,1,1,0,2,1,5,0,1,0,0,0,1,1,1,0,1,1,1,Experienced,TRUE,0.375,1.125,0.714285714
611630,1,Clip01,6.8643,Experienced,49,Female,Yes,27,No,0,0,1,1,0,0,2,2,1,1,0,2,1,5,0,1,0,0,0,1,1,1,0,1,1,1,Experienced,TRUE,0.375,1.125,0.714285714
611630,1,Clip39,7.4739,Experienced,49,Female,Yes,27,No,0,0,1,1,0,0,2,2,1,1,0,2,1,5,0,1,0,0,0,1,1,1,0,1,1,1,Experienced,TRUE,0.375,1.125,0.714285714
611630,1,Clip36,6.1292,Experienced,49,Female,Yes,27,No,0,0,1,1,0,0,2,2,1,1,0,2,1,5,0,1,0,0,0,1,1,1,0,1,1,1,Experienced,TRUE,0.375,1.125,0.714285714
611630,1,Clip40,5.9745,Experienced,49,Female,Yes,27,No,0,0,1,1,0,0,2,2,1,1,0,2,1,5,0,1,0,0,0,1,1,1,0,1,1,1,Experienced,TRUE,0.375,1.125,0.714285714
611630,1,Clip33,17.4056,Experienced,49,Female,Yes,27,No,0,0,1,1,0,0,2,2,1,1,0,2,1,5,0,1,0,0,0,1,1,1,0,1,1,1,Experienced,TRUE,0.375,1.125,0.714285714
611630,1,Clip13,8.7761,Experienced,49,Female,Yes,27,No,0,0,1,1,0,0,2,2,1,1,0,2,1,5,0,1,0,0,0,1,1,1,0,1,1,1,Experienced,TRUE,0.375,1.125,0.714285714
611630,1,Clip05,17.0967,Experienced,49,Female,Yes,27,No,0,0,1,1,0,0,2,2,1,1,0,2,1,5,0,1,0,0,0,1,1,1,0,1,1,1,Experienced,TRUE,0.375,1.125,0.714285714
611630,1,Clip28,10.6987,Experienced,49,Female,Yes,27,No,0,0,1,1,0,0,2,2,1,1,0,2,1,5,0,1,0,0,0,1,1,1,0,1,1,1,Experienced,TRUE,0.375,1.125,0.714285714
611630,1,Clip32,3.5911,Experienced,49,Female,Yes,27,No,0,0,1,1,0,0,2,2,1,1,0,2,1,5,0,1,0,0,0,1,1,1,0,1,1,1,Experienced,TRUE,0.375,1.125,0.714285714
611630,1,Clip30,6.3761,Experienced,49,Female,Yes,27,No,0,0,1,1,0,0,2,2,1,1,0,2,1,5,0,1,0,0,0,1,1,1,0,1,1,1,Experienced,TRUE,0.375,1.125,0.714285714
611630,0,Clip34,11.6296,Experienced,49,Female,Yes,27,No,0,0,1,1,0,0,2,2,1,1,0,2,1,5,0,1,0,0,0,1,1,1,0,1,1,1,Experienced,TRUE,0.375,1.125,0.714285714
611630,1,Clip03,5.232,Experienced,49,Female,Yes,27,No,0,0,1,1,0,0,2,2,1,1,0,2,1,5,0,1,0,0,0,1,1,1,0,1,1,1,Experienced,TRUE,0.375,1.125,0.714285714
611630,1,Clip14,4.582,Experienced,49,Female,Yes,27,No,0,0,1,1,0,0,2,2,1,1,0,2,1,5,0,1,0,0,0,1,1,1,0,1,1,1,Experienced,TRUE,0.375,1.125,0.714285714
611630,1,Clip19,4.1145,Experienced,49,Female,Yes,27,No,0,0,1,1,0,0,2,2,1,1,0,2,1,5,0,1,0,0,0,1,1,1,0,1,1,1,Experienced,TRUE,0.375,1.125,0.714285714
611630,1,Clip35,14.3915,Experienced,49,Female,Yes,27,No,0,0,1,1,0,0,2,2,1,1,0,2,1,5,0,1,0,0,0,1,1,1,0,1,1,1,Experienced,TRUE,0.375,1.125,0.714285714
5c39cd,0,Clip01,27.42,Experienced,32,Male,Yes,14,Yes,14,0,0,0,0,1,1,1,0,0,0,1,2,5,0,0,0,0,0,0,0,1,0,0,0,0,Experienced,TRUE,0,0.625,0.285714286
5c39cd,1,Clip02,4.6967,Experienced,32,Male,Yes,14,Yes,14,0,0,0,0,1,1,1,0,0,0,1,2,5,0,0,0,0,0,0,0,1,0,0,0,0,Experienced,TRUE,0,0.625,0.285714286
5c39cd,1,Clip11,67.518,Experienced,32,Male,Yes,14,Yes,14,0,0,0,0,1,1,1,0,0,0,1,2,5,0,0,0,0,0,0,0,1,0,0,0,0,Experienced,TRUE,0,0.625,0.285714286
5c39cd,0,Clip27,7.1816,Experienced,32,Male,Yes,14,Yes,14,0,0,0,0,1,1,1,0,0,0,1,2,5,0,0,0,0,0,0,0,1,0,0,0,0,Experienced,TRUE,0,0.625,0.285714286
5c39cd,0,Clip33,8.4178,Experienced,32,Male,Yes,14,Yes,14,0,0,0,0,1,1,1,0,0,0,1,2,5,0,0,0,0,0,0,0,1,0,0,0,0,Experienced,TRUE,0,0.625,0.285714286
5c39cd,1,Clip13,9.3306,Experienced,32,Male,Yes,14,Yes,14,0,0,0,0,1,1,1,0,0,0,1,2,5,0,0,0,0,0,0,0,1,0,0,0,0,Experienced,TRUE,0,0.625,0.285714286
5c39cd,1,Clip37,3.0997,Experienced,32,Male,Yes,14,Yes,14,0,0,0,0,1,1,1,0,0,0,1,2,5,0,0,0,0,0,0,0,1,0,0,0,0,Experienced,TRUE,0,0.625,0.285714286
5c39cd,1,Clip29,4.4675,Experienced,32,Male,Yes,14,Yes,14,0,0,0,0,1,1,1,0,0,0,1,2,5,0,0,0,0,0,0,0,1,0,0,0,0,Experienced,TRUE,0,0.625,0.285714286
5c39cd,1,Clip35,6.4032,Experienced,32,Male,Yes,14,Yes,14,0,0,0,0,1,1,1,0,0,0,1,2,5,0,0,0,0,0,0,0,1,0,0,0,0,Experienced,TRUE,0,0.625,0.285714286
5c39cd,1,Clip30,5.2873,Experienced,32,Male,Yes,14,Yes,14,0,0,0,0,1,1,1,0,0,0,1,2,5,0,0,0,0,0,0,0,1,0,0,0,0,Experienced,TRUE,0,0.625,0.285714286
5c39cd,0,Clip34,10.0651,Experienced,32,Male,Yes,14,Yes,14,0,0,0,0,1,1,1,0,0,0,1,2,5,0,0,0,0,0,0,0,1,0,0,0,0,Experienced,TRUE,0,0.625,0.285714286
5c39cd,1,Clip38,6.364,Experienced,32,Male,Yes,14,Yes,14,0,0,0,0,1,1,1,0,0,0,1,2,5,0,0,0,0,0,0,0,1,0,0,0,0,Experienced,TRUE,0,0.625,0.285714286
5c39cd,0,Clip23,7.0653,Experienced,32,Male,Yes,14,Yes,14,0,0,0,0,1,1,1,0,0,0,1,2,5,0,0,0,0,0,0,0,1,0,0,0,0,Experienced,TRUE,0,0.625,0.285714286
5c39cd,1,Clip04,2.5113,Experienced,32,Male,Yes,14,Yes,14,0,0,0,0,1,1,1,0,0,0,1,2,5,0,0,0,0,0,0,0,1,0,0,0,0,Experienced,TRUE,0,0.625,0.285714286
5c39cd,0,Clip17,10.3153,Experienced,32,Male,Yes,14,Yes,14,0,0,0,0,1,1,1,0,0,0,1,2,5,0,0,0,0,0,0,0,1,0,0,0,0,Experienced,TRUE,0,0.625,0.285714286
5c39cd,1,Clip31,3.6669,Experienced,32,Male,Yes,14,Yes,14,0,0,0,0,1,1,1,0,0,0,1,2,5,0,0,0,0,0,0,0,1,0,0,0,0,Experienced,TRUE,0,0.625,0.285714286
5c39cd,1,Clip39,7.8728,Experienced,32,Male,Yes,14,Yes,14,0,0,0,0,1,1,1,0,0,0,1,2,5,0,0,0,0,0,0,0,1,0,0,0,0,Experienced,TRUE,0,0.625,0.285714286
5c39cd,1,Clip19,3.1179,Experienced,32,Male,Yes,14,Yes,14,0,0,0,0,1,1,1,0,0,0,1,2,5,0,0,0,0,0,0,0,1,0,0,0,0,Experienced,TRUE,0,0.625,0.285714286
5c39cd,1,Clip09,4.4299,Experienced,32,Male,Yes,14,Yes,14,0,0,0,0,1,1,1,0,0,0,1,2,5,0,0,0,0,0,0,0,1,0,0,0,0,Experienced,TRUE,0,0.625,0.285714286
5c39cd,1,Clip14,3.1698,Experienced,32,Male,Yes,14,Yes,14,0,0,0,0,1,1,1,0,0,0,1,2,5,0,0,0,0,0,0,0,1,0,0,0,0,Experienced,TRUE,0,0.625,0.285714286
5c39cd,1,Clip07,8.0317,Experienced,32,Male,Yes,14,Yes,14,0,0,0,0,1,1,1,0,0,0,1,2,5,0,0,0,0,0,0,0,1,0,0,0,0,Experienced,TRUE,0,0.625,0.285714286
5c39cd,1,Clip20,2.9328,Experienced,32,Male,Yes,14,Yes,14,0,0,0,0,1,1,1,0,0,0,1,2,5,0,0,0,0,0,0,0,1,0,0,0,0,Experienced,TRUE,0,0.625,0.285714286
5c39cd,1,Clip26,4.3995,Experienced,32,Male,Yes,14,Yes,14,0,0,0,0,1,1,1,0,0,0,1,2,5,0,0,0,0,0,0,0,1,0,0,0,0,Experienced,TRUE,0,0.625,0.285714286
5c39cd,1,Clip28,4.3272,Experienced,32,Male,Yes,14,Yes,14,0,0,0,0,1,1,1,0,0,0,1,2,5,0,0,0,0,0,0,0,1,0,0,0,0,Experienced,TRUE,0,0.625,0.285714286
5c39cd,1,Clip05,3.4549,Experienced,32,Male,Yes,14,Yes,14,0,0,0,0,1,1,1,0,0,0,1,2,5,0,0,0,0,0,0,0,1,0,0,0,0,Experienced,TRUE,0,0.625,0.285714286
5c39cd,1,Clip06,2.1311,Experienced,32,Male,Yes,14,Yes,14,0,0,0,0,1,1,1,0,0,0,1,2,5,0,0,0,0,0,0,0,1,0,0,0,0,Experienced,TRUE,0,0.625,0.285714286
5c39cd,1,Clip21,7.6848,Experienced,32,Male,Yes,14,Yes,14,0,0,0,0,1,1,1,0,0,0,1,2,5,0,0,0,0,0,0,0,1,0,0,0,0,Experienced,TRUE,0,0.625,0.285714286
5c39cd,1,Clip08,9.3211,Experienced,32,Male,Yes,14,Yes,14,0,0,0,0,1,1,1,0,0,0,1,2,5,0,0,0,0,0,0,0,1,0,0,0,0,Experienced,TRUE,0,0.625,0.285714286
5c39cd,1,Clip10,3.1471,Experienced,32,Male,Yes,14,Yes,14,0,0,0,0,1,1,1,0,0,0,1,2,5,0,0,0,0,0,0,0,1,0,0,0,0,Experienced,TRUE,0,0.625,0.285714286
5c39cd,1,Clip36,2.1242,Experienced,32,Male,Yes,14,Yes,14,0,0,0,0,1,1,1,0,0,0,1,2,5,0,0,0,0,0,0,0,1,0,0,0,0,Experienced,TRUE,0,0.625,0.285714286
5c39cd,1,Clip18,4.6733,Experienced,32,Male,Yes,14,Yes,14,0,0,0,0,1,1,1,0,0,0,1,2,5,0,0,0,0,0,0,0,1,0,0,0,0,Experienced,TRUE,0,0.625,0.285714286
5c39cd,1,Clip25,7.8606,Experienced,32,Male,Yes,14,Yes,14,0,0,0,0,1,1,1,0,0,0,1,2,5,0,0,0,0,0,0,0,1,0,0,0,0,Experienced,TRUE,0,0.625,0.285714286
5c39cd,1,Clip40,2.3649,Experienced,32,Male,Yes,14,Yes,14,0,0,0,0,1,1,1,0,0,0,1,2,5,0,0,0,0,0,0,0,1,0,0,0,0,Experienced,TRUE,0,0.625,0.285714286
5c39cd,1,Clip24,14.8257,Experienced,32,Male,Yes,14,Yes,14,0,0,0,0,1,1,1,0,0,0,1,2,5,0,0,0,0,0,0,0,1,0,0,0,0,Experienced,TRUE,0,0.625,0.285714286
5c39cd,1,Clip15,2.7426,Experienced,32,Male,Yes,14,Yes,14,0,0,0,0,1,1,1,0,0,0,1,2,5,0,0,0,0,0,0,0,1,0,0,0,0,Experienced,TRUE,0,0.625,0.285714286
5c39cd,1,Clip03,4.3657,Experienced,32,Male,Yes,14,Yes,14,0,0,0,0,1,1,1,0,0,0,1,2,5,0,0,0,0,0,0,0,1,0,0,0,0,Experienced,TRUE,0,0.625,0.285714286
5c39cd,1,Clip16,9.0984,Experienced,32,Male,Yes,14,Yes,14,0,0,0,0,1,1,1,0,0,0,1,2,5,0,0,0,0,0,0,0,1,0,0,0,0,Experienced,TRUE,0,0.625,0.285714286
5c39cd,1,Clip12,8.5211,Experienced,32,Male,Yes,14,Yes,14,0,0,0,0,1,1,1,0,0,0,1,2,5,0,0,0,0,0,0,0,1,0,0,0,0,Experienced,TRUE,0,0.625,0.285714286
5c39cd,1,Clip32,3.247,Experienced,32,Male,Yes,14,Yes,14,0,0,0,0,1,1,1,0,0,0,1,2,5,0,0,0,0,0,0,0,1,0,0,0,0,Experienced,TRUE,0,0.625,0.285714286
5c39cd,1,Clip22,7.276,Experienced,32,Male,Yes,14,Yes,14,0,0,0,0,1,1,1,0,0,0,1,2,5,0,0,0,0,0,0,0,1,0,0,0,0,Experienced,TRUE,0,0.625,0.285714286
63b3ac,0,Clip34,12.3306,Experienced,28,Male,Yes,7,No,0,2,1,1,0,1,1,3,2,0,1,2,2,5,1,1,0,0,0,0,2,2,1,2,1,1,Experienced,TRUE,0.625,1.625,1.142857143
63b3ac,0,Clip31,14.8915,Experienced,28,Male,Yes,7,No,0,2,1,1,0,1,1,3,2,0,1,2,2,5,1,1,0,0,0,0,2,2,1,2,1,1,Experienced,TRUE,0.625,1.625,1.142857143
63b3ac,0,Clip20,10.5346,Experienced,28,Male,Yes,7,No,0,2,1,1,0,1,1,3,2,0,1,2,2,5,1,1,0,0,0,0,2,2,1,2,1,1,Experienced,TRUE,0.625,1.625,1.142857143
63b3ac,1,Clip08,43.172,Experienced,28,Male,Yes,7,No,0,2,1,1,0,1,1,3,2,0,1,2,2,5,1,1,0,0,0,0,2,2,1,2,1,1,Experienced,TRUE,0.625,1.625,1.142857143
63b3ac,1,Clip19,16.2008,Experienced,28,Male,Yes,7,No,0,2,1,1,0,1,1,3,2,0,1,2,2,5,1,1,0,0,0,0,2,2,1,2,1,1,Experienced,TRUE,0.625,1.625,1.142857143
63b3ac,0,Clip22,8.3589,Experienced,28,Male,Yes,7,No,0,2,1,1,0,1,1,3,2,0,1,2,2,5,1,1,0,0,0,0,2,2,1,2,1,1,Experienced,TRUE,0.625,1.625,1.142857143
63b3ac,1,Clip05,6.8617,Experienced,28,Male,Yes,7,No,0,2,1,1,0,1,1,3,2,0,1,2,2,5,1,1,0,0,0,0,2,2,1,2,1,1,Experienced,TRUE,0.625,1.625,1.142857143
63b3ac,1,Clip09,9.0712,Experienced,28,Male,Yes,7,No,0,2,1,1,0,1,1,3,2,0,1,2,2,5,1,1,0,0,0,0,2,2,1,2,1,1,Experienced,TRUE,0.625,1.625,1.142857143
63b3ac,1,Clip32,5.7732,Experienced,28,Male,Yes,7,No,0,2,1,1,0,1,1,3,2,0,1,2,2,5,1,1,0,0,0,0,2,2,1,2,1,1,Experienced,TRUE,0.625,1.625,1.142857143
63b3ac,1,Clip01,3.7762,Experienced,28,Male,Yes,7,No,0,2,1,1,0,1,1,3,2,0,1,2,2,5,1,1,0,0,0,0,2,2,1,2,1,1,Experienced,TRUE,0.625,1.625,1.142857143
63b3ac,1,Clip14,5.3621,Experienced,28,Male,Yes,7,No,0,2,1,1,0,1,1,3,2,0,1,2,2,5,1,1,0,0,0,0,2,2,1,2,1,1,Experienced,TRUE,0.625,1.625,1.142857143
63b3ac,1,Clip29,4.5713,Experienced,28,Male,Yes,7,No,0,2,1,1,0,1,1,3,2,0,1,2,2,5,1,1,0,0,0,0,2,2,1,2,1,1,Experienced,TRUE,0.625,1.625,1.142857143
63b3ac,1,Clip04,5.6567,Experienced,28,Male,Yes,7,No,0,2,1,1,0,1,1,3,2,0,1,2,2,5,1,1,0,0,0,0,2,2,1,2,1,1,Experienced,TRUE,0.625,1.625,1.142857143
63b3ac,1,Clip35,6.4975,Experienced,28,Male,Yes,7,No,0,2,1,1,0,1,1,3,2,0,1,2,2,5,1,1,0,0,0,0,2,2,1,2,1,1,Experienced,TRUE,0.625,1.625,1.142857143
63b3ac,1,Clip03,6.6413,Experienced,28,Male,Yes,7,No,0,2,1,1,0,1,1,3,2,0,1,2,2,5,1,1,0,0,0,0,2,2,1,2,1,1,Experienced,TRUE,0.625,1.625,1.142857143
63b3ac,1,Clip40,6.4562,Experienced,28,Male,Yes,7,No,0,2,1,1,0,1,1,3,2,0,1,2,2,5,1,1,0,0,0,0,2,2,1,2,1,1,Experienced,TRUE,0.625,1.625,1.142857143
63b3ac,1,Clip30,3.4158,Experienced,28,Male,Yes,7,No,0,2,1,1,0,1,1,3,2,0,1,2,2,5,1,1,0,0,0,0,2,2,1,2,1,1,Experienced,TRUE,0.625,1.625,1.142857143
63b3ac,1,Clip26,3.0584,Experienced,28,Male,Yes,7,No,0,2,1,1,0,1,1,3,2,0,1,2,2,5,1,1,0,0,0,0,2,2,1,2,1,1,Experienced,TRUE,0.625,1.625,1.142857143
63b3ac,1,Clip15,7.9873,Experienced,28,Male,Yes,7,No,0,2,1,1,0,1,1,3,2,0,1,2,2,5,1,1,0,0,0,0,2,2,1,2,1,1,Experienced,TRUE,0.625,1.625,1.142857143
63b3ac,1,Clip25,11.7497,Experienced,28,Male,Yes,7,No,0,2,1,1,0,1,1,3,2,0,1,2,2,5,1,1,0,0,0,0,2,2,1,2,1,1,Experienced,TRUE,0.625,1.625,1.142857143
63b3ac,1,Clip23,4.0769,Experienced,28,Male,Yes,7,No,0,2,1,1,0,1,1,3,2,0,1,2,2,5,1,1,0,0,0,0,2,2,1,2,1,1,Experienced,TRUE,0.625,1.625,1.142857143
63b3ac,1,Clip12,8.3353,Experienced,28,Male,Yes,7,No,0,2,1,1,0,1,1,3,2,0,1,2,2,5,1,1,0,0,0,0,2,2,1,2,1,1,Experienced,TRUE,0.625,1.625,1.142857143
63b3ac,1,Clip21,8.0149,Experienced,28,Male,Yes,7,No,0,2,1,1,0,1,1,3,2,0,1,2,2,5,1,1,0,0,0,0,2,2,1,2,1,1,Experienced,TRUE,0.625,1.625,1.142857143
63b3ac,0,Clip38,8.9198,Experienced,28,Male,Yes,7,No,0,2,1,1,0,1,1,3,2,0,1,2,2,5,1,1,0,0,0,0,2,2,1,2,1,1,Experienced,TRUE,0.625,1.625,1.142857143
63b3ac,1,Clip24,9.0441,Experienced,28,Male,Yes,7,No,0,2,1,1,0,1,1,3,2,0,1,2,2,5,1,1,0,0,0,0,2,2,1,2,1,1,Experienced,TRUE,0.625,1.625,1.142857143
63b3ac,1,Clip07,4.4894,Experienced,28,Male,Yes,7,No,0,2,1,1,0,1,1,3,2,0,1,2,2,5,1,1,0,0,0,0,2,2,1,2,1,1,Experienced,TRUE,0.625,1.625,1.142857143
63b3ac,1,Clip37,3.5483,Experienced,28,Male,Yes,7,No,0,2,1,1,0,1,1,3,2,0,1,2,2,5,1,1,0,0,0,0,2,2,1,2,1,1,Experienced,TRUE,0.625,1.625,1.142857143
63b3ac,1,Clip17,6.5221,Experienced,28,Male,Yes,7,No,0,2,1,1,0,1,1,3,2,0,1,2,2,5,1,1,0,0,0,0,2,2,1,2,1,1,Experienced,TRUE,0.625,1.625,1.142857143
63b3ac,1,Clip27,4.3063,Experienced,28,Male,Yes,7,No,0,2,1,1,0,1,1,3,2,0,1,2,2,5,1,1,0,0,0,0,2,2,1,2,1,1,Experienced,TRUE,0.625,1.625,1.142857143
63b3ac,0,Clip39,4.9943,Experienced,28,Male,Yes,7,No,0,2,1,1,0,1,1,3,2,0,1,2,2,5,1,1,0,0,0,0,2,2,1,2,1,1,Experienced,TRUE,0.625,1.625,1.142857143
63b3ac,1,Clip18,5.4915,Experienced,28,Male,Yes,7,No,0,2,1,1,0,1,1,3,2,0,1,2,2,5,1,1,0,0,0,0,2,2,1,2,1,1,Experienced,TRUE,0.625,1.625,1.142857143
63b3ac,1,Clip13,8.3047,Experienced,28,Male,Yes,7,No,0,2,1,1,0,1,1,3,2,0,1,2,2,5,1,1,0,0,0,0,2,2,1,2,1,1,Experienced,TRUE,0.625,1.625,1.142857143
63b3ac,1,Clip36,6.632,Experienced,28,Male,Yes,7,No,0,2,1,1,0,1,1,3,2,0,1,2,2,5,1,1,0,0,0,0,2,2,1,2,1,1,Experienced,TRUE,0.625,1.625,1.142857143
63b3ac,1,Clip33,7.9497,Experienced,28,Male,Yes,7,No,0,2,1,1,0,1,1,3,2,0,1,2,2,5,1,1,0,0,0,0,2,2,1,2,1,1,Experienced,TRUE,0.625,1.625,1.142857143
63b3ac,0,Clip28,16.437,Experienced,28,Male,Yes,7,No,0,2,1,1,0,1,1,3,2,0,1,2,2,5,1,1,0,0,0,0,2,2,1,2,1,1,Experienced,TRUE,0.625,1.625,1.142857143
63b3ac,0,Clip11,10.3005,Experienced,28,Male,Yes,7,No,0,2,1,1,0,1,1,3,2,0,1,2,2,5,1,1,0,0,0,0,2,2,1,2,1,1,Experienced,TRUE,0.625,1.625,1.142857143
63b3ac,1,Clip10,2.9805,Experienced,28,Male,Yes,7,No,0,2,1,1,0,1,1,3,2,0,1,2,2,5,1,1,0,0,0,0,2,2,1,2,1,1,Experienced,TRUE,0.625,1.625,1.142857143
63b3ac,1,Clip16,15.9019,Experienced,28,Male,Yes,7,No,0,2,1,1,0,1,1,3,2,0,1,2,2,5,1,1,0,0,0,0,2,2,1,2,1,1,Experienced,TRUE,0.625,1.625,1.142857143
63b3ac,1,Clip02,3.0072,Experienced,28,Male,Yes,7,No,0,2,1,1,0,1,1,3,2,0,1,2,2,5,1,1,0,0,0,0,2,2,1,2,1,1,Experienced,TRUE,0.625,1.625,1.142857143
63b3ac,1,Clip06,3.6231,Experienced,28,Male,Yes,7,No,0,2,1,1,0,1,1,3,2,0,1,2,2,5,1,1,0,0,0,0,2,2,1,2,1,1,Experienced,TRUE,0.625,1.625,1.142857143
6111d2,1,Clip06,8.7487,Experienced,32,Male,Yes,13,Yes,0.16,0,4,4,0,0,0,2,3,0,0,0,4,5,0,0,0,1,0,0,0,2,0,3,0,0,Experienced,TRUE,0.375,0.5,2.285714286
6111d2,1,Clip15,6.4855,Experienced,32,Male,Yes,13,Yes,0.16,0,4,4,0,0,0,2,3,0,0,0,4,5,0,0,0,1,0,0,0,2,0,3,0,0,Experienced,TRUE,0.375,0.5,2.285714286
6111d2,1,Clip25,6.4589,Experienced,32,Male,Yes,13,Yes,0.16,0,4,4,0,0,0,2,3,0,0,0,4,5,0,0,0,1,0,0,0,2,0,3,0,0,Experienced,TRUE,0.375,0.5,2.285714286
6111d2,1,Clip20,4.981,Experienced,32,Male,Yes,13,Yes,0.16,0,4,4,0,0,0,2,3,0,0,0,4,5,0,0,0,1,0,0,0,2,0,3,0,0,Experienced,TRUE,0.375,0.5,2.285714286
6111d2,1,Clip36,5.1049,Experienced,32,Male,Yes,13,Yes,0.16,0,4,4,0,0,0,2,3,0,0,0,4,5,0,0,0,1,0,0,0,2,0,3,0,0,Experienced,TRUE,0.375,0.5,2.285714286
6111d2,1,Clip37,4.1238,Experienced,32,Male,Yes,13,Yes,0.16,0,4,4,0,0,0,2,3,0,0,0,4,5,0,0,0,1,0,0,0,2,0,3,0,0,Experienced,TRUE,0.375,0.5,2.285714286
6111d2,1,Clip11,4.8069,Experienced,32,Male,Yes,13,Yes,0.16,0,4,4,0,0,0,2,3,0,0,0,4,5,0,0,0,1,0,0,0,2,0,3,0,0,Experienced,TRUE,0.375,0.5,2.285714286
6111d2,1,Clip35,3.9567,Experienced,32,Male,Yes,13,Yes,0.16,0,4,4,0,0,0,2,3,0,0,0,4,5,0,0,0,1,0,0,0,2,0,3,0,0,Experienced,TRUE,0.375,0.5,2.285714286
6111d2,0,Clip32,5.2784,Experienced,32,Male,Yes,13,Yes,0.16,0,4,4,0,0,0,2,3,0,0,0,4,5,0,0,0,1,0,0,0,2,0,3,0,0,Experienced,TRUE,0.375,0.5,2.285714286
6111d2,1,Clip05,5.8814,Experienced,32,Male,Yes,13,Yes,0.16,0,4,4,0,0,0,2,3,0,0,0,4,5,0,0,0,1,0,0,0,2,0,3,0,0,Experienced,TRUE,0.375,0.5,2.285714286
6111d2,1,Clip03,4.4381,Experienced,32,Male,Yes,13,Yes,0.16,0,4,4,0,0,0,2,3,0,0,0,4,5,0,0,0,1,0,0,0,2,0,3,0,0,Experienced,TRUE,0.375,0.5,2.285714286
6111d2,1,Clip26,3.6849,Experienced,32,Male,Yes,13,Yes,0.16,0,4,4,0,0,0,2,3,0,0,0,4,5,0,0,0,1,0,0,0,2,0,3,0,0,Experienced,TRUE,0.375,0.5,2.285714286
6111d2,1,Clip08,4.9842,Experienced,32,Male,Yes,13,Yes,0.16,0,4,4,0,0,0,2,3,0,0,0,4,5,0,0,0,1,0,0,0,2,0,3,0,0,Experienced,TRUE,0.375,0.5,2.285714286
6111d2,1,Clip04,2.9551,Experienced,32,Male,Yes,13,Yes,0.16,0,4,4,0,0,0,2,3,0,0,0,4,5,0,0,0,1,0,0,0,2,0,3,0,0,Experienced,TRUE,0.375,0.5,2.285714286
6111d2,0,Clip21,10.6191,Experienced,32,Male,Yes,13,Yes,0.16,0,4,4,0,0,0,2,3,0,0,0,4,5,0,0,0,1,0,0,0,2,0,3,0,0,Experienced,TRUE,0.375,0.5,2.285714286
6111d2,1,Clip19,4.4304,Experienced,32,Male,Yes,13,Yes,0.16,0,4,4,0,0,0,2,3,0,0,0,4,5,0,0,0,1,0,0,0,2,0,3,0,0,Experienced,TRUE,0.375,0.5,2.285714286
6111d2,0,Clip07,10.041,Experienced,32,Male,Yes,13,Yes,0.16,0,4,4,0,0,0,2,3,0,0,0,4,5,0,0,0,1,0,0,0,2,0,3,0,0,Experienced,TRUE,0.375,0.5,2.285714286
6111d2,1,Clip31,5.1874,Experienced,32,Male,Yes,13,Yes,0.16,0,4,4,0,0,0,2,3,0,0,0,4,5,0,0,0,1,0,0,0,2,0,3,0,0,Experienced,TRUE,0.375,0.5,2.285714286
6111d2,1,Clip40,4.5845,Experienced,32,Male,Yes,13,Yes,0.16,0,4,4,0,0,0,2,3,0,0,0,4,5,0,0,0,1,0,0,0,2,0,3,0,0,Experienced,TRUE,0.375,0.5,2.285714286
6111d2,1,Clip09,5.0232,Experienced,32,Male,Yes,13,Yes,0.16,0,4,4,0,0,0,2,3,0,0,0,4,5,0,0,0,1,0,0,0,2,0,3,0,0,Experienced,TRUE,0.375,0.5,2.285714286
6111d2,1,Clip22,3.4377,Experienced,32,Male,Yes,13,Yes,0.16,0,4,4,0,0,0,2,3,0,0,0,4,5,0,0,0,1,0,0,0,2,0,3,0,0,Experienced,TRUE,0.375,0.5,2.285714286
6111d2,1,Clip33,8.0667,Experienced,32,Male,Yes,13,Yes,0.16,0,4,4,0,0,0,2,3,0,0,0,4,5,0,0,0,1,0,0,0,2,0,3,0,0,Experienced,TRUE,0.375,0.5,2.285714286
6111d2,1,Clip16,6.78,Experienced,32,Male,Yes,13,Yes,0.16,0,4,4,0,0,0,2,3,0,0,0,4,5,0,0,0,1,0,0,0,2,0,3,0,0,Experienced,TRUE,0.375,0.5,2.285714286
6111d2,1,Clip18,10.7874,Experienced,32,Male,Yes,13,Yes,0.16,0,4,4,0,0,0,2,3,0,0,0,4,5,0,0,0,1,0,0,0,2,0,3,0,0,Experienced,TRUE,0.375,0.5,2.285714286
6111d2,1,Clip10,2.6481,Experienced,32,Male,Yes,13,Yes,0.16,0,4,4,0,0,0,2,3,0,0,0,4,5,0,0,0,1,0,0,0,2,0,3,0,0,Experienced,TRUE,0.375,0.5,2.285714286
6111d2,1,Clip29,4.5246,Experienced,32,Male,Yes,13,Yes,0.16,0,4,4,0,0,0,2,3,0,0,0,4,5,0,0,0,1,0,0,0,2,0,3,0,0,Experienced,TRUE,0.375,0.5,2.285714286
6111d2,1,Clip39,5.2487,Experienced,32,Male,Yes,13,Yes,0.16,0,4,4,0,0,0,2,3,0,0,0,4,5,0,0,0,1,0,0,0,2,0,3,0,0,Experienced,TRUE,0.375,0.5,2.285714286
6111d2,1,Clip28,3.7793,Experienced,32,Male,Yes,13,Yes,0.16,0,4,4,0,0,0,2,3,0,0,0,4,5,0,0,0,1,0,0,0,2,0,3,0,0,Experienced,TRUE,0.375,0.5,2.285714286
6111d2,1,Clip12,7.2823,Experienced,32,Male,Yes,13,Yes,0.16,0,4,4,0,0,0,2,3,0,0,0,4,5,0,0,0,1,0,0,0,2,0,3,0,0,Experienced,TRUE,0.375,0.5,2.285714286
6111d2,1,Clip01,3.5564,Experienced,32,Male,Yes,13,Yes,0.16,0,4,4,0,0,0,2,3,0,0,0,4,5,0,0,0,1,0,0,0,2,0,3,0,0,Experienced,TRUE,0.375,0.5,2.285714286
6111d2,1,Clip17,8.5386,Experienced,32,Male,Yes,13,Yes,0.16,0,4,4,0,0,0,2,3,0,0,0,4,5,0,0,0,1,0,0,0,2,0,3,0,0,Experienced,TRUE,0.375,0.5,2.285714286
6111d2,0,Clip24,7.7767,Experienced,32,Male,Yes,13,Yes,0.16,0,4,4,0,0,0,2,3,0,0,0,4,5,0,0,0,1,0,0,0,2,0,3,0,0,Experienced,TRUE,0.375,0.5,2.285714286
6111d2,1,Clip02,2.6345,Experienced,32,Male,Yes,13,Yes,0.16,0,4,4,0,0,0,2,3,0,0,0,4,5,0,0,0,1,0,0,0,2,0,3,0,0,Experienced,TRUE,0.375,0.5,2.285714286
6111d2,1,Clip14,4.5372,Experienced,32,Male,Yes,13,Yes,0.16,0,4,4,0,0,0,2,3,0,0,0,4,5,0,0,0,1,0,0,0,2,0,3,0,0,Experienced,TRUE,0.375,0.5,2.285714286
6111d2,0,Clip38,6.4971,Experienced,32,Male,Yes,13,Yes,0.16,0,4,4,0,0,0,2,3,0,0,0,4,5,0,0,0,1,0,0,0,2,0,3,0,0,Experienced,TRUE,0.375,0.5,2.285714286
6111d2,1,Clip23,2.6231,Experienced,32,Male,Yes,13,Yes,0.16,0,4,4,0,0,0,2,3,0,0,0,4,5,0,0,0,1,0,0,0,2,0,3,0,0,Experienced,TRUE,0.375,0.5,2.285714286
6111d2,1,Clip27,3.0682,Experienced,32,Male,Yes,13,Yes,0.16,0,4,4,0,0,0,2,3,0,0,0,4,5,0,0,0,1,0,0,0,2,0,3,0,0,Experienced,TRUE,0.375,0.5,2.285714286
6111d2,0,Clip34,5.4938,Experienced,32,Male,Yes,13,Yes,0.16,0,4,4,0,0,0,2,3,0,0,0,4,5,0,0,0,1,0,0,0,2,0,3,0,0,Experienced,TRUE,0.375,0.5,2.285714286
6111d2,1,Clip13,8.2687,Experienced,32,Male,Yes,13,Yes,0.16,0,4,4,0,0,0,2,3,0,0,0,4,5,0,0,0,1,0,0,0,2,0,3,0,0,Experienced,TRUE,0.375,0.5,2.285714286
6111d2,1,Clip30,4.298,Experienced,32,Male,Yes,13,Yes,0.16,0,4,4,0,0,0,2,3,0,0,0,4,5,0,0,0,1,0,0,0,2,0,3,0,0,Experienced,TRUE,0.375,0.5,2.285714286
5b5b26,1,Clip04,4.1533,Experienced,50,Male,Yes,20,No,0,0,1,0,0,2,1,1,1,0,0,1,1,5,1,0,0,1,0,1,2,1,0,1,0,0,Experienced,TRUE,0.25,1.125,0.571428571
5b5b26,0,Clip34,8.4797,Experienced,50,Male,Yes,20,No,0,0,1,0,0,2,1,1,1,0,0,1,1,5,1,0,0,1,0,1,2,1,0,1,0,0,Experienced,TRUE,0.25,1.125,0.571428571
5b5b26,1,Clip20,4.2953,Experienced,50,Male,Yes,20,No,0,0,1,0,0,2,1,1,1,0,0,1,1,5,1,0,0,1,0,1,2,1,0,1,0,0,Experienced,TRUE,0.25,1.125,0.571428571
5b5b26,1,Clip10,4.4753,Experienced,50,Male,Yes,20,No,0,0,1,0,0,2,1,1,1,0,0,1,1,5,1,0,0,1,0,1,2,1,0,1,0,0,Experienced,TRUE,0.25,1.125,0.571428571
5b5b26,0,Clip09,7.413,Experienced,50,Male,Yes,20,No,0,0,1,0,0,2,1,1,1,0,0,1,1,5,1,0,0,1,0,1,2,1,0,1,0,0,Experienced,TRUE,0.25,1.125,0.571428571
5b5b26,1,Clip07,2.5381,Experienced,50,Male,Yes,20,No,0,0,1,0,0,2,1,1,1,0,0,1,1,5,1,0,0,1,0,1,2,1,0,1,0,0,Experienced,TRUE,0.25,1.125,0.571428571
5b5b26,1,Clip39,3.6449,Experienced,50,Male,Yes,20,No,0,0,1,0,0,2,1,1,1,0,0,1,1,5,1,0,0,1,0,1,2,1,0,1,0,0,Experienced,TRUE,0.25,1.125,0.571428571
5b5b26,1,Clip37,4.2856,Experienced,50,Male,Yes,20,No,0,0,1,0,0,2,1,1,1,0,0,1,1,5,1,0,0,1,0,1,2,1,0,1,0,0,Experienced,TRUE,0.25,1.125,0.571428571
5b5b26,0,Clip38,1.7869,Experienced,50,Male,Yes,20,No,0,0,1,0,0,2,1,1,1,0,0,1,1,5,1,0,0,1,0,1,2,1,0,1,0,0,Experienced,TRUE,0.25,1.125,0.571428571
5b5b26,1,Clip35,5.5091,Experienced,50,Male,Yes,20,No,0,0,1,0,0,2,1,1,1,0,0,1,1,5,1,0,0,1,0,1,2,1,0,1,0,0,Experienced,TRUE,0.25,1.125,0.571428571
5b5b26,1,Clip21,7.8504,Experienced,50,Male,Yes,20,No,0,0,1,0,0,2,1,1,1,0,0,1,1,5,1,0,0,1,0,1,2,1,0,1,0,0,Experienced,TRUE,0.25,1.125,0.571428571
5b5b26,1,Clip23,2.5639,Experienced,50,Male,Yes,20,No,0,0,1,0,0,2,1,1,1,0,0,1,1,5,1,0,0,1,0,1,2,1,0,1,0,0,Experienced,TRUE,0.25,1.125,0.571428571
5b5b26,1,Clip14,3.2951,Experienced,50,Male,Yes,20,No,0,0,1,0,0,2,1,1,1,0,0,1,1,5,1,0,0,1,0,1,2,1,0,1,0,0,Experienced,TRUE,0.25,1.125,0.571428571
5b5b26,1,Clip13,6.6072,Experienced,50,Male,Yes,20,No,0,0,1,0,0,2,1,1,1,0,0,1,1,5,1,0,0,1,0,1,2,1,0,1,0,0,Experienced,TRUE,0.25,1.125,0.571428571
5b5b26,1,Clip05,5.7813,Experienced,50,Male,Yes,20,No,0,0,1,0,0,2,1,1,1,0,0,1,1,5,1,0,0,1,0,1,2,1,0,1,0,0,Experienced,TRUE,0.25,1.125,0.571428571
5b5b26,0,Clip03,4.9199,Experienced,50,Male,Yes,20,No,0,0,1,0,0,2,1,1,1,0,0,1,1,5,1,0,0,1,0,1,2,1,0,1,0,0,Experienced,TRUE,0.25,1.125,0.571428571
5b5b26,1,Clip02,2.1237,Experienced,50,Male,Yes,20,No,0,0,1,0,0,2,1,1,1,0,0,1,1,5,1,0,0,1,0,1,2,1,0,1,0,0,Experienced,TRUE,0.25,1.125,0.571428571
5b5b26,1,Clip11,5.1674,Experienced,50,Male,Yes,20,No,0,0,1,0,0,2,1,1,1,0,0,1,1,5,1,0,0,1,0,1,2,1,0,1,0,0,Experienced,TRUE,0.25,1.125,0.571428571
5b5b26,1,Clip17,9.279,Experienced,50,Male,Yes,20,No,0,0,1,0,0,2,1,1,1,0,0,1,1,5,1,0,0,1,0,1,2,1,0,1,0,0,Experienced,TRUE,0.25,1.125,0.571428571
5b5b26,1,Clip22,2.4355,Experienced,50,Male,Yes,20,No,0,0,1,0,0,2,1,1,1,0,0,1,1,5,1,0,0,1,0,1,2,1,0,1,0,0,Experienced,TRUE,0.25,1.125,0.571428571
5b5b26,0,Clip33,6.6679,Experienced,50,Male,Yes,20,No,0,0,1,0,0,2,1,1,1,0,0,1,1,5,1,0,0,1,0,1,2,1,0,1,0,0,Experienced,TRUE,0.25,1.125,0.571428571
5b5b26,1,Clip18,4.2395,Experienced,50,Male,Yes,20,No,0,0,1,0,0,2,1,1,1,0,0,1,1,5,1,0,0,1,0,1,2,1,0,1,0,0,Experienced,TRUE,0.25,1.125,0.571428571
5b5b26,0,Clip30,8.4546,Experienced,50,Male,Yes,20,No,0,0,1,0,0,2,1,1,1,0,0,1,1,5,1,0,0,1,0,1,2,1,0,1,0,0,Experienced,TRUE,0.25,1.125,0.571428571
5b5b26,0,Clip32,3.8395,Experienced,50,Male,Yes,20,No,0,0,1,0,0,2,1,1,1,0,0,1,1,5,1,0,0,1,0,1,2,1,0,1,0,0,Experienced,TRUE,0.25,1.125,0.571428571
5b5b26,0,Clip01,6.4132,Experienced,50,Male,Yes,20,No,0,0,1,0,0,2,1,1,1,0,0,1,1,5,1,0,0,1,0,1,2,1,0,1,0,0,Experienced,TRUE,0.25,1.125,0.571428571
5b5b26,1,Clip40,15.5831,Experienced,50,Male,Yes,20,No,0,0,1,0,0,2,1,1,1,0,0,1,1,5,1,0,0,1,0,1,2,1,0,1,0,0,Experienced,TRUE,0.25,1.125,0.571428571
5b5b26,0,Clip24,6.7401,Experienced,50,Male,Yes,20,No,0,0,1,0,0,2,1,1,1,0,0,1,1,5,1,0,0,1,0,1,2,1,0,1,0,0,Experienced,TRUE,0.25,1.125,0.571428571
5b5b26,1,Clip06,2.2432,Experienced,50,Male,Yes,20,No,0,0,1,0,0,2,1,1,1,0,0,1,1,5,1,0,0,1,0,1,2,1,0,1,0,0,Experienced,TRUE,0.25,1.125,0.571428571
5b5b26,0,Clip16,7.769,Experienced,50,Male,Yes,20,No,0,0,1,0,0,2,1,1,1,0,0,1,1,5,1,0,0,1,0,1,2,1,0,1,0,0,Experienced,TRUE,0.25,1.125,0.571428571
5b5b26,1,Clip12,5.7379,Experienced,50,Male,Yes,20,No,0,0,1,0,0,2,1,1,1,0,0,1,1,5,1,0,0,1,0,1,2,1,0,1,0,0,Experienced,TRUE,0.25,1.125,0.571428571
5b5b26,1,Clip27,4.2431,Experienced,50,Male,Yes,20,No,0,0,1,0,0,2,1,1,1,0,0,1,1,5,1,0,0,1,0,1,2,1,0,1,0,0,Experienced,TRUE,0.25,1.125,0.571428571
5b5b26,1,Clip19,2.8707,Experienced,50,Male,Yes,20,No,0,0,1,0,0,2,1,1,1,0,0,1,1,5,1,0,0,1,0,1,2,1,0,1,0,0,Experienced,TRUE,0.25,1.125,0.571428571
5b5b26,1,Clip26,3.1932,Experienced,50,Male,Yes,20,No,0,0,1,0,0,2,1,1,1,0,0,1,1,5,1,0,0,1,0,1,2,1,0,1,0,0,Experienced,TRUE,0.25,1.125,0.571428571
5b5b26,0,Clip08,16.3038,Experienced,50,Male,Yes,20,No,0,0,1,0,0,2,1,1,1,0,0,1,1,5,1,0,0,1,0,1,2,1,0,1,0,0,Experienced,TRUE,0.25,1.125,0.571428571
5b5b26,0,Clip36,7.0827,Experienced,50,Male,Yes,20,No,0,0,1,0,0,2,1,1,1,0,0,1,1,5,1,0,0,1,0,1,2,1,0,1,0,0,Experienced,TRUE,0.25,1.125,0.571428571
5b5b26,1,Clip29,1.9743,Experienced,50,Male,Yes,20,No,0,0,1,0,0,2,1,1,1,0,0,1,1,5,1,0,0,1,0,1,2,1,0,1,0,0,Experienced,TRUE,0.25,1.125,0.571428571
5b5b26,1,Clip25,8.8243,Experienced,50,Male,Yes,20,No,0,0,1,0,0,2,1,1,1,0,0,1,1,5,1,0,0,1,0,1,2,1,0,1,0,0,Experienced,TRUE,0.25,1.125,0.571428571
5b5b26,0,Clip15,5.6297,Experienced,50,Male,Yes,20,No,0,0,1,0,0,2,1,1,1,0,0,1,1,5,1,0,0,1,0,1,2,1,0,1,0,0,Experienced,TRUE,0.25,1.125,0.571428571
5b5b26,1,Clip28,3.6204,Experienced,50,Male,Yes,20,No,0,0,1,0,0,2,1,1,1,0,0,1,1,5,1,0,0,1,0,1,2,1,0,1,0,0,Experienced,TRUE,0.25,1.125,0.571428571
5b5b26,1,Clip31,3.7099,Experienced,50,Male,Yes,20,No,0,0,1,0,0,2,1,1,1,0,0,1,1,5,1,0,0,1,0,1,2,1,0,1,0,0,Experienced,TRUE,0.25,1.125,0.571428571
5dae16,1,Clip07,5.2916,Experienced,29,Male,Yes,3,No,0,2,2,2,1,4,3,3,3,3,2,4,3,5,0,2,0,1,2,0,1,3,1,3,1,2,Experienced,TRUE,1.5,2.5,2
5dae16,1,Clip36,3.1876,Experienced,29,Male,Yes,3,No,0,2,2,2,1,4,3,3,3,3,2,4,3,5,0,2,0,1,2,0,1,3,1,3,1,2,Experienced,TRUE,1.5,2.5,2
5dae16,1,Clip09,6.4765,Experienced,29,Male,Yes,3,No,0,2,2,2,1,4,3,3,3,3,2,4,3,5,0,2,0,1,2,0,1,3,1,3,1,2,Experienced,TRUE,1.5,2.5,2
5dae16,0,Clip27,11.5843,Experienced,29,Male,Yes,3,No,0,2,2,2,1,4,3,3,3,3,2,4,3,5,0,2,0,1,2,0,1,3,1,3,1,2,Experienced,TRUE,1.5,2.5,2
5dae16,1,Clip33,3.3469,Experienced,29,Male,Yes,3,No,0,2,2,2,1,4,3,3,3,3,2,4,3,5,0,2,0,1,2,0,1,3,1,3,1,2,Experienced,TRUE,1.5,2.5,2
5dae16,1,Clip04,3.1319,Experienced,29,Male,Yes,3,No,0,2,2,2,1,4,3,3,3,3,2,4,3,5,0,2,0,1,2,0,1,3,1,3,1,2,Experienced,TRUE,1.5,2.5,2
5dae16,1,Clip34,6.3423,Experienced,29,Male,Yes,3,No,0,2,2,2,1,4,3,3,3,3,2,4,3,5,0,2,0,1,2,0,1,3,1,3,1,2,Experienced,TRUE,1.5,2.5,2
5dae16,1,Clip05,3.1642,Experienced,29,Male,Yes,3,No,0,2,2,2,1,4,3,3,3,3,2,4,3,5,0,2,0,1,2,0,1,3,1,3,1,2,Experienced,TRUE,1.5,2.5,2
5dae16,0,Clip21,9.8037,Experienced,29,Male,Yes,3,No,0,2,2,2,1,4,3,3,3,3,2,4,3,5,0,2,0,1,2,0,1,3,1,3,1,2,Experienced,TRUE,1.5,2.5,2
5dae16,1,Clip28,4.7373,Experienced,29,Male,Yes,3,No,0,2,2,2,1,4,3,3,3,3,2,4,3,5,0,2,0,1,2,0,1,3,1,3,1,2,Experienced,TRUE,1.5,2.5,2
5dae16,1,Clip03,2.621,Experienced,29,Male,Yes,3,No,0,2,2,2,1,4,3,3,3,3,2,4,3,5,0,2,0,1,2,0,1,3,1,3,1,2,Experienced,TRUE,1.5,2.5,2
5dae16,1,Clip10,2.5653,Experienced,29,Male,Yes,3,No,0,2,2,2,1,4,3,3,3,3,2,4,3,5,0,2,0,1,2,0,1,3,1,3,1,2,Experienced,TRUE,1.5,2.5,2
5dae16,1,Clip18,5.3889,Experienced,29,Male,Yes,3,No,0,2,2,2,1,4,3,3,3,3,2,4,3,5,0,2,0,1,2,0,1,3,1,3,1,2,Experienced,TRUE,1.5,2.5,2
5dae16,1,Clip37,4.5358,Experienced,29,Male,Yes,3,No,0,2,2,2,1,4,3,3,3,3,2,4,3,5,0,2,0,1,2,0,1,3,1,3,1,2,Experienced,TRUE,1.5,2.5,2
5dae16,1,Clip14,2.9742,Experienced,29,Male,Yes,3,No,0,2,2,2,1,4,3,3,3,3,2,4,3,5,0,2,0,1,2,0,1,3,1,3,1,2,Experienced,TRUE,1.5,2.5,2
5dae16,1,Clip19,5.6717,Experienced,29,Male,Yes,3,No,0,2,2,2,1,4,3,3,3,3,2,4,3,5,0,2,0,1,2,0,1,3,1,3,1,2,Experienced,TRUE,1.5,2.5,2
5dae16,1,Clip39,2.4415,Experienced,29,Male,Yes,3,No,0,2,2,2,1,4,3,3,3,3,2,4,3,5,0,2,0,1,2,0,1,3,1,3,1,2,Experienced,TRUE,1.5,2.5,2
5dae16,0,Clip17,7.7935,Experienced,29,Male,Yes,3,No,0,2,2,2,1,4,3,3,3,3,2,4,3,5,0,2,0,1,2,0,1,3,1,3,1,2,Experienced,TRUE,1.5,2.5,2
5dae16,1,Clip30,2.9144,Experienced,29,Male,Yes,3,No,0,2,2,2,1,4,3,3,3,3,2,4,3,5,0,2,0,1,2,0,1,3,1,3,1,2,Experienced,TRUE,1.5,2.5,2
5dae16,0,Clip08,9.4203,Experienced,29,Male,Yes,3,No,0,2,2,2,1,4,3,3,3,3,2,4,3,5,0,2,0,1,2,0,1,3,1,3,1,2,Experienced,TRUE,1.5,2.5,2
5dae16,1,Clip20,15.2041,Experienced,29,Male,Yes,3,No,0,2,2,2,1,4,3,3,3,3,2,4,3,5,0,2,0,1,2,0,1,3,1,3,1,2,Experienced,TRUE,1.5,2.5,2
5dae16,1,Clip26,2.1994,Experienced,29,Male,Yes,3,No,0,2,2,2,1,4,3,3,3,3,2,4,3,5,0,2,0,1,2,0,1,3,1,3,1,2,Experienced,TRUE,1.5,2.5,2
5dae16,0,Clip22,7.2808,Experienced,29,Male,Yes,3,No,0,2,2,2,1,4,3,3,3,3,2,4,3,5,0,2,0,1,2,0,1,3,1,3,1,2,Experienced,TRUE,1.5,2.5,2
5dae16,1,Clip01,2.7162,Experienced,29,Male,Yes,3,No,0,2,2,2,1,4,3,3,3,3,2,4,3,5,0,2,0,1,2,0,1,3,1,3,1,2,Experienced,TRUE,1.5,2.5,2
5dae16,1,Clip32,5.0916,Experienced,29,Male,Yes,3,No,0,2,2,2,1,4,3,3,3,3,2,4,3,5,0,2,0,1,2,0,1,3,1,3,1,2,Experienced,TRUE,1.5,2.5,2
5dae16,1,Clip16,3.7701,Experienced,29,Male,Yes,3,No,0,2,2,2,1,4,3,3,3,3,2,4,3,5,0,2,0,1,2,0,1,3,1,3,1,2,Experienced,TRUE,1.5,2.5,2
5dae16,1,Clip24,3.9417,Experienced,29,Male,Yes,3,No,0,2,2,2,1,4,3,3,3,3,2,4,3,5,0,2,0,1,2,0,1,3,1,3,1,2,Experienced,TRUE,1.5,2.5,2
5dae16,0,Clip35,15.9412,Experienced,29,Male,Yes,3,No,0,2,2,2,1,4,3,3,3,3,2,4,3,5,0,2,0,1,2,0,1,3,1,3,1,2,Experienced,TRUE,1.5,2.5,2
5dae16,1,Clip02,2.3814,Experienced,29,Male,Yes,3,No,0,2,2,2,1,4,3,3,3,3,2,4,3,5,0,2,0,1,2,0,1,3,1,3,1,2,Experienced,TRUE,1.5,2.5,2
5dae16,1,Clip13,3.8629,Experienced,29,Male,Yes,3,No,0,2,2,2,1,4,3,3,3,3,2,4,3,5,0,2,0,1,2,0,1,3,1,3,1,2,Experienced,TRUE,1.5,2.5,2
5dae16,0,Clip29,8.4283,Experienced,29,Male,Yes,3,No,0,2,2,2,1,4,3,3,3,3,2,4,3,5,0,2,0,1,2,0,1,3,1,3,1,2,Experienced,TRUE,1.5,2.5,2
5dae16,1,Clip38,6.9901,Experienced,29,Male,Yes,3,No,0,2,2,2,1,4,3,3,3,3,2,4,3,5,0,2,0,1,2,0,1,3,1,3,1,2,Experienced,TRUE,1.5,2.5,2
5dae16,1,Clip12,10.5227,Experienced,29,Male,Yes,3,No,0,2,2,2,1,4,3,3,3,3,2,4,3,5,0,2,0,1,2,0,1,3,1,3,1,2,Experienced,TRUE,1.5,2.5,2
5dae16,1,Clip31,2.1278,Experienced,29,Male,Yes,3,No,0,2,2,2,1,4,3,3,3,3,2,4,3,5,0,2,0,1,2,0,1,3,1,3,1,2,Experienced,TRUE,1.5,2.5,2
5dae16,1,Clip40,2.6268,Experienced,29,Male,Yes,3,No,0,2,2,2,1,4,3,3,3,3,2,4,3,5,0,2,0,1,2,0,1,3,1,3,1,2,Experienced,TRUE,1.5,2.5,2
5dae16,1,Clip06,2.3279,Experienced,29,Male,Yes,3,No,0,2,2,2,1,4,3,3,3,3,2,4,3,5,0,2,0,1,2,0,1,3,1,3,1,2,Experienced,TRUE,1.5,2.5,2
5dae16,1,Clip23,2.2073,Experienced,29,Male,Yes,3,No,0,2,2,2,1,4,3,3,3,3,2,4,3,5,0,2,0,1,2,0,1,3,1,3,1,2,Experienced,TRUE,1.5,2.5,2
5dae16,1,Clip15,3.8193,Experienced,29,Male,Yes,3,No,0,2,2,2,1,4,3,3,3,3,2,4,3,5,0,2,0,1,2,0,1,3,1,3,1,2,Experienced,TRUE,1.5,2.5,2
5dae16,1,Clip25,5.0816,Experienced,29,Male,Yes,3,No,0,2,2,2,1,4,3,3,3,3,2,4,3,5,0,2,0,1,2,0,1,3,1,3,1,2,Experienced,TRUE,1.5,2.5,2
5dae16,1,Clip11,8.7328,Experienced,29,Male,Yes,3,No,0,2,2,2,1,4,3,3,3,3,2,4,3,5,0,2,0,1,2,0,1,3,1,3,1,2,Experienced,TRUE,1.5,2.5,2
6363de,0,Clip28,16.7263,Experienced,49,Male,Yes,25,Yes,20,0,0,0,0,2,1,0,1,3,0,1,0,5,0,0,0,0,0,0,0,1,0,0,0,0,Experienced,TRUE,0.375,0.625,0.142857143
6363de,1,Clip12,11.2048,Experienced,49,Male,Yes,25,Yes,20,0,0,0,0,2,1,0,1,3,0,1,0,5,0,0,0,0,0,0,0,1,0,0,0,0,Experienced,TRUE,0.375,0.625,0.142857143
6363de,1,Clip10,8.0937,Experienced,49,Male,Yes,25,Yes,20,0,0,0,0,2,1,0,1,3,0,1,0,5,0,0,0,0,0,0,0,1,0,0,0,0,Experienced,TRUE,0.375,0.625,0.142857143
6363de,1,Clip20,5.9353,Experienced,49,Male,Yes,25,Yes,20,0,0,0,0,2,1,0,1,3,0,1,0,5,0,0,0,0,0,0,0,1,0,0,0,0,Experienced,TRUE,0.375,0.625,0.142857143
6363de,1,Clip23,4.8268,Experienced,49,Male,Yes,25,Yes,20,0,0,0,0,2,1,0,1,3,0,1,0,5,0,0,0,0,0,0,0,1,0,0,0,0,Experienced,TRUE,0.375,0.625,0.142857143
6363de,1,Clip19,4.9389,Experienced,49,Male,Yes,25,Yes,20,0,0,0,0,2,1,0,1,3,0,1,0,5,0,0,0,0,0,0,0,1,0,0,0,0,Experienced,TRUE,0.375,0.625,0.142857143
6363de,1,Clip39,7.1261,Experienced,49,Male,Yes,25,Yes,20,0,0,0,0,2,1,0,1,3,0,1,0,5,0,0,0,0,0,0,0,1,0,0,0,0,Experienced,TRUE,0.375,0.625,0.142857143
6363de,1,Clip17,5.0033,Experienced,49,Male,Yes,25,Yes,20,0,0,0,0,2,1,0,1,3,0,1,0,5,0,0,0,0,0,0,0,1,0,0,0,0,Experienced,TRUE,0.375,0.625,0.142857143
6363de,1,Clip08,5.62,Experienced,49,Male,Yes,25,Yes,20,0,0,0,0,2,1,0,1,3,0,1,0,5,0,0,0,0,0,0,0,1,0,0,0,0,Experienced,TRUE,0.375,0.625,0.142857143
6363de,1,Clip25,5.579,Experienced,49,Male,Yes,25,Yes,20,0,0,0,0,2,1,0,1,3,0,1,0,5,0,0,0,0,0,0,0,1,0,0,0,0,Experienced,TRUE,0.375,0.625,0.142857143
6363de,1,Clip02,4.5714,Experienced,49,Male,Yes,25,Yes,20,0,0,0,0,2,1,0,1,3,0,1,0,5,0,0,0,0,0,0,0,1,0,0,0,0,Experienced,TRUE,0.375,0.625,0.142857143
6363de,1,Clip31,1.9378,Experienced,49,Male,Yes,25,Yes,20,0,0,0,0,2,1,0,1,3,0,1,0,5,0,0,0,0,0,0,0,1,0,0,0,0,Experienced,TRUE,0.375,0.625,0.142857143
6363de,1,Clip13,13.2734,Experienced,49,Male,Yes,25,Yes,20,0,0,0,0,2,1,0,1,3,0,1,0,5,0,0,0,0,0,0,0,1,0,0,0,0,Experienced,TRUE,0.375,0.625,0.142857143
6363de,0,Clip34,6.4054,Experienced,49,Male,Yes,25,Yes,20,0,0,0,0,2,1,0,1,3,0,1,0,5,0,0,0,0,0,0,0,1,0,0,0,0,Experienced,TRUE,0.375,0.625,0.142857143
6363de,1,Clip36,6.1796,Experienced,49,Male,Yes,25,Yes,20,0,0,0,0,2,1,0,1,3,0,1,0,5,0,0,0,0,0,0,0,1,0,0,0,0,Experienced,TRUE,0.375,0.625,0.142857143
6363de,1,Clip38,5.0553,Experienced,49,Male,Yes,25,Yes,20,0,0,0,0,2,1,0,1,3,0,1,0,5,0,0,0,0,0,0,0,1,0,0,0,0,Experienced,TRUE,0.375,0.625,0.142857143
6363de,1,Clip04,2.85,Experienced,49,Male,Yes,25,Yes,20,0,0,0,0,2,1,0,1,3,0,1,0,5,0,0,0,0,0,0,0,1,0,0,0,0,Experienced,TRUE,0.375,0.625,0.142857143
6363de,1,Clip18,5.1033,Experienced,49,Male,Yes,25,Yes,20,0,0,0,0,2,1,0,1,3,0,1,0,5,0,0,0,0,0,0,0,1,0,0,0,0,Experienced,TRUE,0.375,0.625,0.142857143
6363de,0,Clip21,6.7521,Experienced,49,Male,Yes,25,Yes,20,0,0,0,0,2,1,0,1,3,0,1,0,5,0,0,0,0,0,0,0,1,0,0,0,0,Experienced,TRUE,0.375,0.625,0.142857143
6363de,1,Clip11,6.3311,Experienced,49,Male,Yes,25,Yes,20,0,0,0,0,2,1,0,1,3,0,1,0,5,0,0,0,0,0,0,0,1,0,0,0,0,Experienced,TRUE,0.375,0.625,0.142857143
6363de,0,Clip09,9.1727,Experienced,49,Male,Yes,25,Yes,20,0,0,0,0,2,1,0,1,3,0,1,0,5,0,0,0,0,0,0,0,1,0,0,0,0,Experienced,TRUE,0.375,0.625,0.142857143
6363de,1,Clip16,7.3606,Experienced,49,Male,Yes,25,Yes,20,0,0,0,0,2,1,0,1,3,0,1,0,5,0,0,0,0,0,0,0,1,0,0,0,0,Experienced,TRUE,0.375,0.625,0.142857143
6363de,1,Clip26,2.1998,Experienced,49,Male,Yes,25,Yes,20,0,0,0,0,2,1,0,1,3,0,1,0,5,0,0,0,0,0,0,0,1,0,0,0,0,Experienced,TRUE,0.375,0.625,0.142857143
6363de,1,Clip33,5.5672,Experienced,49,Male,Yes,25,Yes,20,0,0,0,0,2,1,0,1,3,0,1,0,5,0,0,0,0,0,0,0,1,0,0,0,0,Experienced,TRUE,0.375,0.625,0.142857143
6363de,1,Clip40,4.0873,Experienced,49,Male,Yes,25,Yes,20,0,0,0,0,2,1,0,1,3,0,1,0,5,0,0,0,0,0,0,0,1,0,0,0,0,Experienced,TRUE,0.375,0.625,0.142857143
6363de,1,Clip22,2.1696,Experienced,49,Male,Yes,25,Yes,20,0,0,0,0,2,1,0,1,3,0,1,0,5,0,0,0,0,0,0,0,1,0,0,0,0,Experienced,TRUE,0.375,0.625,0.142857143
6363de,1,Clip27,4.9557,Experienced,49,Male,Yes,25,Yes,20,0,0,0,0,2,1,0,1,3,0,1,0,5,0,0,0,0,0,0,0,1,0,0,0,0,Experienced,TRUE,0.375,0.625,0.142857143
6363de,1,Clip14,3.0397,Experienced,49,Male,Yes,25,Yes,20,0,0,0,0,2,1,0,1,3,0,1,0,5,0,0,0,0,0,0,0,1,0,0,0,0,Experienced,TRUE,0.375,0.625,0.142857143
6363de,0,Clip32,2.902,Experienced,49,Male,Yes,25,Yes,20,0,0,0,0,2,1,0,1,3,0,1,0,5,0,0,0,0,0,0,0,1,0,0,0,0,Experienced,TRUE,0.375,0.625,0.142857143
6363de,1,Clip01,4.9668,Experienced,49,Male,Yes,25,Yes,20,0,0,0,0,2,1,0,1,3,0,1,0,5,0,0,0,0,0,0,0,1,0,0,0,0,Experienced,TRUE,0.375,0.625,0.142857143
6363de,1,Clip37,4.0613,Experienced,49,Male,Yes,25,Yes,20,0,0,0,0,2,1,0,1,3,0,1,0,5,0,0,0,0,0,0,0,1,0,0,0,0,Experienced,TRUE,0.375,0.625,0.142857143
6363de,1,Clip29,3.7676,Experienced,49,Male,Yes,25,Yes,20,0,0,0,0,2,1,0,1,3,0,1,0,5,0,0,0,0,0,0,0,1,0,0,0,0,Experienced,TRUE,0.375,0.625,0.142857143
6363de,1,Clip03,3.9101,Experienced,49,Male,Yes,25,Yes,20,0,0,0,0,2,1,0,1,3,0,1,0,5,0,0,0,0,0,0,0,1,0,0,0,0,Experienced,TRUE,0.375,0.625,0.142857143
6363de,1,Clip07,12.3022,Experienced,49,Male,Yes,25,Yes,20,0,0,0,0,2,1,0,1,3,0,1,0,5,0,0,0,0,0,0,0,1,0,0,0,0,Experienced,TRUE,0.375,0.625,0.142857143
6363de,1,Clip06,4.0679,Experienced,49,Male,Yes,25,Yes,20,0,0,0,0,2,1,0,1,3,0,1,0,5,0,0,0,0,0,0,0,1,0,0,0,0,Experienced,TRUE,0.375,0.625,0.142857143
6363de,1,Clip05,4.8952,Experienced,49,Male,Yes,25,Yes,20,0,0,0,0,2,1,0,1,3,0,1,0,5,0,0,0,0,0,0,0,1,0,0,0,0,Experienced,TRUE,0.375,0.625,0.142857143
6363de,0,Clip35,7.9268,Experienced,49,Male,Yes,25,Yes,20,0,0,0,0,2,1,0,1,3,0,1,0,5,0,0,0,0,0,0,0,1,0,0,0,0,Experienced,TRUE,0.375,0.625,0.142857143
6363de,1,Clip24,14.69,Experienced,49,Male,Yes,25,Yes,20,0,0,0,0,2,1,0,1,3,0,1,0,5,0,0,0,0,0,0,0,1,0,0,0,0,Experienced,TRUE,0.375,0.625,0.142857143
6363de,1,Clip30,3.9687,Experienced,49,Male,Yes,25,Yes,20,0,0,0,0,2,1,0,1,3,0,1,0,5,0,0,0,0,0,0,0,1,0,0,0,0,Experienced,TRUE,0.375,0.625,0.142857143
6363de,0,Clip15,7.5082,Experienced,49,Male,Yes,25,Yes,20,0,0,0,0,2,1,0,1,3,0,1,0,5,0,0,0,0,0,0,0,1,0,0,0,0,Experienced,TRUE,0.375,0.625,0.142857143
5f8872,0,Clip01,4.095,Experienced,62,Female,Yes,42,No,0,0,1,1,1,3,1,3,2,1,1,2,2,4,0,1,0,0,1,0,1,1,0,1,0,1,Experienced,TRUE,0.625,1.375,1
5f8872,1,Clip02,5.845,Experienced,62,Female,Yes,42,No,0,0,1,1,1,3,1,3,2,1,1,2,2,4,0,1,0,0,1,0,1,1,0,1,0,1,Experienced,TRUE,0.625,1.375,1
5f8872,1,Clip36,7.646,Experienced,62,Female,Yes,42,No,0,0,1,1,1,3,1,3,2,1,1,2,2,4,0,1,0,0,1,0,1,1,0,1,0,1,Experienced,TRUE,0.625,1.375,1
5f8872,1,Clip20,4.112,Experienced,62,Female,Yes,42,No,0,0,1,1,1,3,1,3,2,1,1,2,2,4,0,1,0,0,1,0,1,1,0,1,0,1,Experienced,TRUE,0.625,1.375,1
5f8872,1,Clip11,5.077,Experienced,62,Female,Yes,42,No,0,0,1,1,1,3,1,3,2,1,1,2,2,4,0,1,0,0,1,0,1,1,0,1,0,1,Experienced,TRUE,0.625,1.375,1
5f8872,1,Clip08,9.646,Experienced,62,Female,Yes,42,No,0,0,1,1,1,3,1,3,2,1,1,2,2,4,0,1,0,0,1,0,1,1,0,1,0,1,Experienced,TRUE,0.625,1.375,1
5f8872,0,Clip17,14.612,Experienced,62,Female,Yes,42,No,0,0,1,1,1,3,1,3,2,1,1,2,2,4,0,1,0,0,1,0,1,1,0,1,0,1,Experienced,TRUE,0.625,1.375,1
5f8872,1,Clip14,4.216,Experienced,62,Female,Yes,42,No,0,0,1,1,1,3,1,3,2,1,1,2,2,4,0,1,0,0,1,0,1,1,0,1,0,1,Experienced,TRUE,0.625,1.375,1
5f8872,1,Clip31,3.112,Experienced,62,Female,Yes,42,No,0,0,1,1,1,3,1,3,2,1,1,2,2,4,0,1,0,0,1,0,1,1,0,1,0,1,Experienced,TRUE,0.625,1.375,1
5f8872,1,Clip23,3.697,Experienced,62,Female,Yes,42,No,0,0,1,1,1,3,1,3,2,1,1,2,2,4,0,1,0,0,1,0,1,1,0,1,0,1,Experienced,TRUE,0.625,1.375,1
5f8872,1,Clip06,3.171,Experienced,62,Female,Yes,42,No,0,0,1,1,1,3,1,3,2,1,1,2,2,4,0,1,0,0,1,0,1,1,0,1,0,1,Experienced,TRUE,0.625,1.375,1
5f8872,0,Clip24,4.442,Experienced,62,Female,Yes,42,No,0,0,1,1,1,3,1,3,2,1,1,2,2,4,0,1,0,0,1,0,1,1,0,1,0,1,Experienced,TRUE,0.625,1.375,1
5f8872,0,Clip25,9.463,Experienced,62,Female,Yes,42,No,0,0,1,1,1,3,1,3,2,1,1,2,2,4,0,1,0,0,1,0,1,1,0,1,0,1,Experienced,TRUE,0.625,1.375,1
5f8872,0,Clip34,7.596,Experienced,62,Female,Yes,42,No,0,0,1,1,1,3,1,3,2,1,1,2,2,4,0,1,0,0,1,0,1,1,0,1,0,1,Experienced,TRUE,0.625,1.375,1
5f8872,1,Clip07,4.988,Experienced,62,Female,Yes,42,No,0,0,1,1,1,3,1,3,2,1,1,2,2,4,0,1,0,0,1,0,1,1,0,1,0,1,Experienced,TRUE,0.625,1.375,1
5f8872,1,Clip12,3.253,Experienced,62,Female,Yes,42,No,0,0,1,1,1,3,1,3,2,1,1,2,2,4,0,1,0,0,1,0,1,1,0,1,0,1,Experienced,TRUE,0.625,1.375,1
5f8872,1,Clip27,6.013,Experienced,62,Female,Yes,42,No,0,0,1,1,1,3,1,3,2,1,1,2,2,4,0,1,0,0,1,0,1,1,0,1,0,1,Experienced,TRUE,0.625,1.375,1
5f8872,1,Clip15,8.744,Experienced,62,Female,Yes,42,No,0,0,1,1,1,3,1,3,2,1,1,2,2,4,0,1,0,0,1,0,1,1,0,1,0,1,Experienced,TRUE,0.625,1.375,1
5f8872,1,Clip37,3.168,Experienced,62,Female,Yes,42,No,0,0,1,1,1,3,1,3,2,1,1,2,2,4,0,1,0,0,1,0,1,1,0,1,0,1,Experienced,TRUE,0.625,1.375,1
5f8872,0,Clip32,3.531,Experienced,62,Female,Yes,42,No,0,0,1,1,1,3,1,3,2,1,1,2,2,4,0,1,0,0,1,0,1,1,0,1,0,1,Experienced,TRUE,0.625,1.375,1
5f8872,1,Clip05,7.016,Experienced,62,Female,Yes,42,No,0,0,1,1,1,3,1,3,2,1,1,2,2,4,0,1,0,0,1,0,1,1,0,1,0,1,Experienced,TRUE,0.625,1.375,1
5f8872,1,Clip21,6.867,Experienced,62,Female,Yes,42,No,0,0,1,1,1,3,1,3,2,1,1,2,2,4,0,1,0,0,1,0,1,1,0,1,0,1,Experienced,TRUE,0.625,1.375,1
5f8872,1,Clip26,2.808,Experienced,62,Female,Yes,42,No,0,0,1,1,1,3,1,3,2,1,1,2,2,4,0,1,0,0,1,0,1,1,0,1,0,1,Experienced,TRUE,0.625,1.375,1
5f8872,1,Clip16,3.349,Experienced,62,Female,Yes,42,No,0,0,1,1,1,3,1,3,2,1,1,2,2,4,0,1,0,0,1,0,1,1,0,1,0,1,Experienced,TRUE,0.625,1.375,1
5f8872,0,Clip33,3.829,Experienced,62,Female,Yes,42,No,0,0,1,1,1,3,1,3,2,1,1,2,2,4,0,1,0,0,1,0,1,1,0,1,0,1,Experienced,TRUE,0.625,1.375,1
5f8872,1,Clip03,4.985,Experienced,62,Female,Yes,42,No,0,0,1,1,1,3,1,3,2,1,1,2,2,4,0,1,0,0,1,0,1,1,0,1,0,1,Experienced,TRUE,0.625,1.375,1
5f8872,1,Clip29,3.565,Experienced,62,Female,Yes,42,No,0,0,1,1,1,3,1,3,2,1,1,2,2,4,0,1,0,0,1,0,1,1,0,1,0,1,Experienced,TRUE,0.625,1.375,1
5f8872,0,Clip35,14.047,Experienced,62,Female,Yes,42,No,0,0,1,1,1,3,1,3,2,1,1,2,2,4,0,1,0,0,1,0,1,1,0,1,0,1,Experienced,TRUE,0.625,1.375,1
5f8872,1,Clip40,3.834,Experienced,62,Female,Yes,42,No,0,0,1,1,1,3,1,3,2,1,1,2,2,4,0,1,0,0,1,0,1,1,0,1,0,1,Experienced,TRUE,0.625,1.375,1
5f8872,0,Clip38,4.948,Experienced,62,Female,Yes,42,No,0,0,1,1,1,3,1,3,2,1,1,2,2,4,0,1,0,0,1,0,1,1,0,1,0,1,Experienced,TRUE,0.625,1.375,1
5f8872,1,Clip18,13.115,Experienced,62,Female,Yes,42,No,0,0,1,1,1,3,1,3,2,1,1,2,2,4,0,1,0,0,1,0,1,1,0,1,0,1,Experienced,TRUE,0.625,1.375,1
5f8872,1,Clip09,6.799,Experienced,62,Female,Yes,42,No,0,0,1,1,1,3,1,3,2,1,1,2,2,4,0,1,0,0,1,0,1,1,0,1,0,1,Experienced,TRUE,0.625,1.375,1
5f8872,1,Clip30,4.057,Experienced,62,Female,Yes,42,No,0,0,1,1,1,3,1,3,2,1,1,2,2,4,0,1,0,0,1,0,1,1,0,1,0,1,Experienced,TRUE,0.625,1.375,1
5f8872,0,Clip13,7.112,Experienced,62,Female,Yes,42,No,0,0,1,1,1,3,1,3,2,1,1,2,2,4,0,1,0,0,1,0,1,1,0,1,0,1,Experienced,TRUE,0.625,1.375,1
5f8872,0,Clip28,8.695,Experienced,62,Female,Yes,42,No,0,0,1,1,1,3,1,3,2,1,1,2,2,4,0,1,0,0,1,0,1,1,0,1,0,1,Experienced,TRUE,0.625,1.375,1
5f8872,1,Clip04,3.264,Experienced,62,Female,Yes,42,No,0,0,1,1,1,3,1,3,2,1,1,2,2,4,0,1,0,0,1,0,1,1,0,1,0,1,Experienced,TRUE,0.625,1.375,1
5f8872,1,Clip39,3.892,Experienced,62,Female,Yes,42,No,0,0,1,1,1,3,1,3,2,1,1,2,2,4,0,1,0,0,1,0,1,1,0,1,0,1,Experienced,TRUE,0.625,1.375,1
5f8872,1,Clip19,3.481,Experienced,62,Female,Yes,42,No,0,0,1,1,1,3,1,3,2,1,1,2,2,4,0,1,0,0,1,0,1,1,0,1,0,1,Experienced,TRUE,0.625,1.375,1
5f8872,1,Clip22,2.934,Experienced,62,Female,Yes,42,No,0,0,1,1,1,3,1,3,2,1,1,2,2,4,0,1,0,0,1,0,1,1,0,1,0,1,Experienced,TRUE,0.625,1.375,1
5f8872,0,Clip10,5.494,Experienced,62,Female,Yes,42,No,0,0,1,1,1,3,1,3,2,1,1,2,2,4,0,1,0,0,1,0,1,1,0,1,0,1,Experienced,TRUE,0.625,1.375,1
5a3ef5,1,Clip27,11.9983,Experienced,26,Female,Yes,4,No,0,0,1,0,0,0,2,2,0,0,0,1,1,5,0,0,0,0,1,0,1,1,0,0,0,0,Experienced,TRUE,0.125,0.875,0.285714286
5a3ef5,1,Clip32,12.2017,Experienced,26,Female,Yes,4,No,0,0,1,0,0,0,2,2,0,0,0,1,1,5,0,0,0,0,1,0,1,1,0,0,0,0,Experienced,TRUE,0.125,0.875,0.285714286
5a3ef5,1,Clip09,10.6793,Experienced,26,Female,Yes,4,No,0,0,1,0,0,0,2,2,0,0,0,1,1,5,0,0,0,0,1,0,1,1,0,0,0,0,Experienced,TRUE,0.125,0.875,0.285714286
5a3ef5,1,Clip36,9.7021,Experienced,26,Female,Yes,4,No,0,0,1,0,0,0,2,2,0,0,0,1,1,5,0,0,0,0,1,0,1,1,0,0,0,0,Experienced,TRUE,0.125,0.875,0.285714286
5a3ef5,1,Clip06,6.0434,Experienced,26,Female,Yes,4,No,0,0,1,0,0,0,2,2,0,0,0,1,1,5,0,0,0,0,1,0,1,1,0,0,0,0,Experienced,TRUE,0.125,0.875,0.285714286
5a3ef5,1,Clip38,5.9459,Experienced,26,Female,Yes,4,No,0,0,1,0,0,0,2,2,0,0,0,1,1,5,0,0,0,0,1,0,1,1,0,0,0,0,Experienced,TRUE,0.125,0.875,0.285714286
5a3ef5,1,Clip03,7.7029,Experienced,26,Female,Yes,4,No,0,0,1,0,0,0,2,2,0,0,0,1,1,5,0,0,0,0,1,0,1,1,0,0,0,0,Experienced,TRUE,0.125,0.875,0.285714286
5a3ef5,1,Clip11,10.7331,Experienced,26,Female,Yes,4,No,0,0,1,0,0,0,2,2,0,0,0,1,1,5,0,0,0,0,1,0,1,1,0,0,0,0,Experienced,TRUE,0.125,0.875,0.285714286
5a3ef5,1,Clip16,6.7807,Experienced,26,Female,Yes,4,No,0,0,1,0,0,0,2,2,0,0,0,1,1,5,0,0,0,0,1,0,1,1,0,0,0,0,Experienced,TRUE,0.125,0.875,0.285714286
5a3ef5,1,Clip22,6.4381,Experienced,26,Female,Yes,4,No,0,0,1,0,0,0,2,2,0,0,0,1,1,5,0,0,0,0,1,0,1,1,0,0,0,0,Experienced,TRUE,0.125,0.875,0.285714286
5a3ef5,1,Clip39,10.2369,Experienced,26,Female,Yes,4,No,0,0,1,0,0,0,2,2,0,0,0,1,1,5,0,0,0,0,1,0,1,1,0,0,0,0,Experienced,TRUE,0.125,0.875,0.285714286
5a3ef5,1,Clip01,5.6135,Experienced,26,Female,Yes,4,No,0,0,1,0,0,0,2,2,0,0,0,1,1,5,0,0,0,0,1,0,1,1,0,0,0,0,Experienced,TRUE,0.125,0.875,0.285714286
5a3ef5,1,Clip19,4.1049,Experienced,26,Female,Yes,4,No,0,0,1,0,0,0,2,2,0,0,0,1,1,5,0,0,0,0,1,0,1,1,0,0,0,0,Experienced,TRUE,0.125,0.875,0.285714286
5a3ef5,1,Clip10,3.7838,Experienced,26,Female,Yes,4,No,0,0,1,0,0,0,2,2,0,0,0,1,1,5,0,0,0,0,1,0,1,1,0,0,0,0,Experienced,TRUE,0.125,0.875,0.285714286
5a3ef5,1,Clip15,5.6318,Experienced,26,Female,Yes,4,No,0,0,1,0,0,0,2,2,0,0,0,1,1,5,0,0,0,0,1,0,1,1,0,0,0,0,Experienced,TRUE,0.125,0.875,0.285714286
5a3ef5,1,Clip31,4.2389,Experienced,26,Female,Yes,4,No,0,0,1,0,0,0,2,2,0,0,0,1,1,5,0,0,0,0,1,0,1,1,0,0,0,0,Experienced,TRUE,0.125,0.875,0.285714286
5a3ef5,1,Clip04,3.2863,Experienced,26,Female,Yes,4,No,0,0,1,0,0,0,2,2,0,0,0,1,1,5,0,0,0,0,1,0,1,1,0,0,0,0,Experienced,TRUE,0.125,0.875,0.285714286
5a3ef5,1,Clip20,24.6619,Experienced,26,Female,Yes,4,No,0,0,1,0,0,0,2,2,0,0,0,1,1,5,0,0,0,0,1,0,1,1,0,0,0,0,Experienced,TRUE,0.125,0.875,0.285714286
5a3ef5,1,Clip14,3.4574,Experienced,26,Female,Yes,4,No,0,0,1,0,0,0,2,2,0,0,0,1,1,5,0,0,0,0,1,0,1,1,0,0,0,0,Experienced,TRUE,0.125,0.875,0.285714286
5a3ef5,1,Clip23,2.9649,Experienced,26,Female,Yes,4,No,0,0,1,0,0,0,2,2,0,0,0,1,1,5,0,0,0,0,1,0,1,1,0,0,0,0,Experienced,TRUE,0.125,0.875,0.285714286
5a3ef5,1,Clip24,15.4643,Experienced,26,Female,Yes,4,No,0,0,1,0,0,0,2,2,0,0,0,1,1,5,0,0,0,0,1,0,1,1,0,0,0,0,Experienced,TRUE,0.125,0.875,0.285714286
5a3ef5,1,Clip40,8.517,Experienced,26,Female,Yes,4,No,0,0,1,0,0,0,2,2,0,0,0,1,1,5,0,0,0,0,1,0,1,1,0,0,0,0,Experienced,TRUE,0.125,0.875,0.285714286
5a3ef5,1,Clip30,6.6405,Experienced,26,Female,Yes,4,No,0,0,1,0,0,0,2,2,0,0,0,1,1,5,0,0,0,0,1,0,1,1,0,0,0,0,Experienced,TRUE,0.125,0.875,0.285714286
5a3ef5,1,Clip02,8.516,Experienced,26,Female,Yes,4,No,0,0,1,0,0,0,2,2,0,0,0,1,1,5,0,0,0,0,1,0,1,1,0,0,0,0,Experienced,TRUE,0.125,0.875,0.285714286
5a3ef5,0,Clip35,22.2694,Experienced,26,Female,Yes,4,No,0,0,1,0,0,0,2,2,0,0,0,1,1,5,0,0,0,0,1,0,1,1,0,0,0,0,Experienced,TRUE,0.125,0.875,0.285714286
5a3ef5,0,Clip21,23.5037,Experienced,26,Female,Yes,4,No,0,0,1,0,0,0,2,2,0,0,0,1,1,5,0,0,0,0,1,0,1,1,0,0,0,0,Experienced,TRUE,0.125,0.875,0.285714286
5a3ef5,0,Clip17,7.3575,Experienced,26,Female,Yes,4,No,0,0,1,0,0,0,2,2,0,0,0,1,1,5,0,0,0,0,1,0,1,1,0,0,0,0,Experienced,TRUE,0.125,0.875,0.285714286
5a3ef5,1,Clip08,18.1388,Experienced,26,Female,Yes,4,No,0,0,1,0,0,0,2,2,0,0,0,1,1,5,0,0,0,0,1,0,1,1,0,0,0,0,Experienced,TRUE,0.125,0.875,0.285714286
5a3ef5,0,Clip25,13.7999,Experienced,26,Female,Yes,4,No,0,0,1,0,0,0,2,2,0,0,0,1,1,5,0,0,0,0,1,0,1,1,0,0,0,0,Experienced,TRUE,0.125,0.875,0.285714286
5a3ef5,0,Clip34,10.1839,Experienced,26,Female,Yes,4,No,0,0,1,0,0,0,2,2,0,0,0,1,1,5,0,0,0,0,1,0,1,1,0,0,0,0,Experienced,TRUE,0.125,0.875,0.285714286
5a3ef5,1,Clip37,13.1973,Experienced,26,Female,Yes,4,No,0,0,1,0,0,0,2,2,0,0,0,1,1,5,0,0,0,0,1,0,1,1,0,0,0,0,Experienced,TRUE,0.125,0.875,0.285714286
5a3ef5,1,Clip28,4.1859,Experienced,26,Female,Yes,4,No,0,0,1,0,0,0,2,2,0,0,0,1,1,5,0,0,0,0,1,0,1,1,0,0,0,0,Experienced,TRUE,0.125,0.875,0.285714286
5a3ef5,1,Clip07,7.1821,Experienced,26,Female,Yes,4,No,0,0,1,0,0,0,2,2,0,0,0,1,1,5,0,0,0,0,1,0,1,1,0,0,0,0,Experienced,TRUE,0.125,0.875,0.285714286
5a3ef5,1,Clip33,4.35,Experienced,26,Female,Yes,4,No,0,0,1,0,0,0,2,2,0,0,0,1,1,5,0,0,0,0,1,0,1,1,0,0,0,0,Experienced,TRUE,0.125,0.875,0.285714286
5a3ef5,1,Clip29,5.1847,Experienced,26,Female,Yes,4,No,0,0,1,0,0,0,2,2,0,0,0,1,1,5,0,0,0,0,1,0,1,1,0,0,0,0,Experienced,TRUE,0.125,0.875,0.285714286
5a3ef5,1,Clip18,7.4108,Experienced,26,Female,Yes,4,No,0,0,1,0,0,0,2,2,0,0,0,1,1,5,0,0,0,0,1,0,1,1,0,0,0,0,Experienced,TRUE,0.125,0.875,0.285714286
5a3ef5,1,Clip12,4.896,Experienced,26,Female,Yes,4,No,0,0,1,0,0,0,2,2,0,0,0,1,1,5,0,0,0,0,1,0,1,1,0,0,0,0,Experienced,TRUE,0.125,0.875,0.285714286
5a3ef5,1,Clip05,6.3704,Experienced,26,Female,Yes,4,No,0,0,1,0,0,0,2,2,0,0,0,1,1,5,0,0,0,0,1,0,1,1,0,0,0,0,Experienced,TRUE,0.125,0.875,0.285714286
5a3ef5,1,Clip13,9.6241,Experienced,26,Female,Yes,4,No,0,0,1,0,0,0,2,2,0,0,0,1,1,5,0,0,0,0,1,0,1,1,0,0,0,0,Experienced,TRUE,0.125,0.875,0.285714286
5a3ef5,1,Clip26,2.4939,Experienced,26,Female,Yes,4,No,0,0,1,0,0,0,2,2,0,0,0,1,1,5,0,0,0,0,1,0,1,1,0,0,0,0,Experienced,TRUE,0.125,0.875,0.285714286
6088c3,1,Clip22,6.7113,Experienced,46,Female,Yes,28,No,0,0,0,0,0,2,2,3,1,1,0,3,0,5,1,1,0,0,0,1,2,2,1,1,0,1,Experienced,TRUE,0.625,1.875,0.142857143
6088c3,1,Clip04,3.683,Experienced,46,Female,Yes,28,No,0,0,0,0,0,2,2,3,1,1,0,3,0,5,1,1,0,0,0,1,2,2,1,1,0,1,Experienced,TRUE,0.625,1.875,0.142857143
6088c3,1,Clip15,4.9193,Experienced,46,Female,Yes,28,No,0,0,0,0,0,2,2,3,1,1,0,3,0,5,1,1,0,0,0,1,2,2,1,1,0,1,Experienced,TRUE,0.625,1.875,0.142857143
6088c3,1,Clip08,9.8886,Experienced,46,Female,Yes,28,No,0,0,0,0,0,2,2,3,1,1,0,3,0,5,1,1,0,0,0,1,2,2,1,1,0,1,Experienced,TRUE,0.625,1.875,0.142857143
6088c3,1,Clip16,11.8961,Experienced,46,Female,Yes,28,No,0,0,0,0,0,2,2,3,1,1,0,3,0,5,1,1,0,0,0,1,2,2,1,1,0,1,Experienced,TRUE,0.625,1.875,0.142857143
6088c3,1,Clip19,5.3577,Experienced,46,Female,Yes,28,No,0,0,0,0,0,2,2,3,1,1,0,3,0,5,1,1,0,0,0,1,2,2,1,1,0,1,Experienced,TRUE,0.625,1.875,0.142857143
6088c3,0,Clip33,9.0667,Experienced,46,Female,Yes,28,No,0,0,0,0,0,2,2,3,1,1,0,3,0,5,1,1,0,0,0,1,2,2,1,1,0,1,Experienced,TRUE,0.625,1.875,0.142857143
6088c3,1,Clip21,7.5204,Experienced,46,Female,Yes,28,No,0,0,0,0,0,2,2,3,1,1,0,3,0,5,1,1,0,0,0,1,2,2,1,1,0,1,Experienced,TRUE,0.625,1.875,0.142857143
6088c3,0,Clip07,7.4402,Experienced,46,Female,Yes,28,No,0,0,0,0,0,2,2,3,1,1,0,3,0,5,1,1,0,0,0,1,2,2,1,1,0,1,Experienced,TRUE,0.625,1.875,0.142857143
6088c3,1,Clip18,6.4473,Experienced,46,Female,Yes,28,No,0,0,0,0,0,2,2,3,1,1,0,3,0,5,1,1,0,0,0,1,2,2,1,1,0,1,Experienced,TRUE,0.625,1.875,0.142857143
6088c3,1,Clip02,2.7038,Experienced,46,Female,Yes,28,No,0,0,0,0,0,2,2,3,1,1,0,3,0,5,1,1,0,0,0,1,2,2,1,1,0,1,Experienced,TRUE,0.625,1.875,0.142857143
6088c3,0,Clip24,5.8459,Experienced,46,Female,Yes,28,No,0,0,0,0,0,2,2,3,1,1,0,3,0,5,1,1,0,0,0,1,2,2,1,1,0,1,Experienced,TRUE,0.625,1.875,0.142857143
6088c3,1,Clip26,3.4794,Experienced,46,Female,Yes,28,No,0,0,0,0,0,2,2,3,1,1,0,3,0,5,1,1,0,0,0,1,2,2,1,1,0,1,Experienced,TRUE,0.625,1.875,0.142857143
6088c3,1,Clip37,4.3422,Experienced,46,Female,Yes,28,No,0,0,0,0,0,2,2,3,1,1,0,3,0,5,1,1,0,0,0,1,2,2,1,1,0,1,Experienced,TRUE,0.625,1.875,0.142857143
6088c3,1,Clip36,3.7237,Experienced,46,Female,Yes,28,No,0,0,0,0,0,2,2,3,1,1,0,3,0,5,1,1,0,0,0,1,2,2,1,1,0,1,Experienced,TRUE,0.625,1.875,0.142857143
6088c3,1,Clip23,4.4751,Experienced,46,Female,Yes,28,No,0,0,0,0,0,2,2,3,1,1,0,3,0,5,1,1,0,0,0,1,2,2,1,1,0,1,Experienced,TRUE,0.625,1.875,0.142857143
6088c3,1,Clip17,5.9241,Experienced,46,Female,Yes,28,No,0,0,0,0,0,2,2,3,1,1,0,3,0,5,1,1,0,0,0,1,2,2,1,1,0,1,Experienced,TRUE,0.625,1.875,0.142857143
6088c3,0,Clip32,8.2109,Experienced,46,Female,Yes,28,No,0,0,0,0,0,2,2,3,1,1,0,3,0,5,1,1,0,0,0,1,2,2,1,1,0,1,Experienced,TRUE,0.625,1.875,0.142857143
6088c3,1,Clip01,8.4403,Experienced,46,Female,Yes,28,No,0,0,0,0,0,2,2,3,1,1,0,3,0,5,1,1,0,0,0,1,2,2,1,1,0,1,Experienced,TRUE,0.625,1.875,0.142857143
6088c3,1,Clip25,9.5598,Experienced,46,Female,Yes,28,No,0,0,0,0,0,2,2,3,1,1,0,3,0,5,1,1,0,0,0,1,2,2,1,1,0,1,Experienced,TRUE,0.625,1.875,0.142857143
6088c3,1,Clip39,8.4611,Experienced,46,Female,Yes,28,No,0,0,0,0,0,2,2,3,1,1,0,3,0,5,1,1,0,0,0,1,2,2,1,1,0,1,Experienced,TRUE,0.625,1.875,0.142857143
6088c3,1,Clip06,3.3219,Experienced,46,Female,Yes,28,No,0,0,0,0,0,2,2,3,1,1,0,3,0,5,1,1,0,0,0,1,2,2,1,1,0,1,Experienced,TRUE,0.625,1.875,0.142857143
6088c3,1,Clip30,7.0145,Experienced,46,Female,Yes,28,No,0,0,0,0,0,2,2,3,1,1,0,3,0,5,1,1,0,0,0,1,2,2,1,1,0,1,Experienced,TRUE,0.625,1.875,0.142857143
6088c3,1,Clip10,4.1073,Experienced,46,Female,Yes,28,No,0,0,0,0,0,2,2,3,1,1,0,3,0,5,1,1,0,0,0,1,2,2,1,1,0,1,Experienced,TRUE,0.625,1.875,0.142857143
6088c3,1,Clip27,4.943,Experienced,46,Female,Yes,28,No,0,0,0,0,0,2,2,3,1,1,0,3,0,5,1,1,0,0,0,1,2,2,1,1,0,1,Experienced,TRUE,0.625,1.875,0.142857143
6088c3,1,Clip38,5.134,Experienced,46,Female,Yes,28,No,0,0,0,0,0,2,2,3,1,1,0,3,0,5,1,1,0,0,0,1,2,2,1,1,0,1,Experienced,TRUE,0.625,1.875,0.142857143
6088c3,1,Clip35,12.2843,Experienced,46,Female,Yes,28,No,0,0,0,0,0,2,2,3,1,1,0,3,0,5,1,1,0,0,0,1,2,2,1,1,0,1,Experienced,TRUE,0.625,1.875,0.142857143
6088c3,1,Clip14,3.9648,Experienced,46,Female,Yes,28,No,0,0,0,0,0,2,2,3,1,1,0,3,0,5,1,1,0,0,0,1,2,2,1,1,0,1,Experienced,TRUE,0.625,1.875,0.142857143
6088c3,0,Clip34,18.4618,Experienced,46,Female,Yes,28,No,0,0,0,0,0,2,2,3,1,1,0,3,0,5,1,1,0,0,0,1,2,2,1,1,0,1,Experienced,TRUE,0.625,1.875,0.142857143
6088c3,1,Clip31,3.1344,Experienced,46,Female,Yes,28,No,0,0,0,0,0,2,2,3,1,1,0,3,0,5,1,1,0,0,0,1,2,2,1,1,0,1,Experienced,TRUE,0.625,1.875,0.142857143
6088c3,1,Clip20,3.4775,Experienced,46,Female,Yes,28,No,0,0,0,0,0,2,2,3,1,1,0,3,0,5,1,1,0,0,0,1,2,2,1,1,0,1,Experienced,TRUE,0.625,1.875,0.142857143
6088c3,1,Clip28,4.8938,Experienced,46,Female,Yes,28,No,0,0,0,0,0,2,2,3,1,1,0,3,0,5,1,1,0,0,0,1,2,2,1,1,0,1,Experienced,TRUE,0.625,1.875,0.142857143
6088c3,1,Clip12,3.9339,Experienced,46,Female,Yes,28,No,0,0,0,0,0,2,2,3,1,1,0,3,0,5,1,1,0,0,0,1,2,2,1,1,0,1,Experienced,TRUE,0.625,1.875,0.142857143
6088c3,1,Clip40,8.2331,Experienced,46,Female,Yes,28,No,0,0,0,0,0,2,2,3,1,1,0,3,0,5,1,1,0,0,0,1,2,2,1,1,0,1,Experienced,TRUE,0.625,1.875,0.142857143
6088c3,0,Clip03,7.823,Experienced,46,Female,Yes,28,No,0,0,0,0,0,2,2,3,1,1,0,3,0,5,1,1,0,0,0,1,2,2,1,1,0,1,Experienced,TRUE,0.625,1.875,0.142857143
6088c3,1,Clip09,9.6793,Experienced,46,Female,Yes,28,No,0,0,0,0,0,2,2,3,1,1,0,3,0,5,1,1,0,0,0,1,2,2,1,1,0,1,Experienced,TRUE,0.625,1.875,0.142857143
6088c3,1,Clip13,5.6964,Experienced,46,Female,Yes,28,No,0,0,0,0,0,2,2,3,1,1,0,3,0,5,1,1,0,0,0,1,2,2,1,1,0,1,Experienced,TRUE,0.625,1.875,0.142857143
6088c3,1,Clip05,5.479,Experienced,46,Female,Yes,28,No,0,0,0,0,0,2,2,3,1,1,0,3,0,5,1,1,0,0,0,1,2,2,1,1,0,1,Experienced,TRUE,0.625,1.875,0.142857143
6088c3,1,Clip11,13.371,Experienced,46,Female,Yes,28,No,0,0,0,0,0,2,2,3,1,1,0,3,0,5,1,1,0,0,0,1,2,2,1,1,0,1,Experienced,TRUE,0.625,1.875,0.142857143
6088c3,1,Clip29,4.8546,Experienced,46,Female,Yes,28,No,0,0,0,0,0,2,2,3,1,1,0,3,0,5,1,1,0,0,0,1,2,2,1,1,0,1,Experienced,TRUE,0.625,1.875,0.142857143
5b85bf,0,Clip20,16.0104,Experienced,42,Female,Yes,22,No,0,0,1,0,0,2,0,1,0,0,0,1,1,5,0,1,0,0,0,0,0,0,0,0,0,0,Experienced,TRUE,0,0.5,0.285714286
5b85bf,1,Clip09,6.0668,Experienced,42,Female,Yes,22,No,0,0,1,0,0,2,0,1,0,0,0,1,1,5,0,1,0,0,0,0,0,0,0,0,0,0,Experienced,TRUE,0,0.5,0.285714286
5b85bf,1,Clip07,5.7679,Experienced,42,Female,Yes,22,No,0,0,1,0,0,2,0,1,0,0,0,1,1,5,0,1,0,0,0,0,0,0,0,0,0,0,Experienced,TRUE,0,0.5,0.285714286
5b85bf,1,Clip37,3.6503,Experienced,42,Female,Yes,22,No,0,0,1,0,0,2,0,1,0,0,0,1,1,5,0,1,0,0,0,0,0,0,0,0,0,0,Experienced,TRUE,0,0.5,0.285714286
5b85bf,1,Clip17,7.2502,Experienced,42,Female,Yes,22,No,0,0,1,0,0,2,0,1,0,0,0,1,1,5,0,1,0,0,0,0,0,0,0,0,0,0,Experienced,TRUE,0,0.5,0.285714286
5b85bf,1,Clip26,5.7701,Experienced,42,Female,Yes,22,No,0,0,1,0,0,2,0,1,0,0,0,1,1,5,0,1,0,0,0,0,0,0,0,0,0,0,Experienced,TRUE,0,0.5,0.285714286
5b85bf,0,Clip28,5.3343,Experienced,42,Female,Yes,22,No,0,0,1,0,0,2,0,1,0,0,0,1,1,5,0,1,0,0,0,0,0,0,0,0,0,0,Experienced,TRUE,0,0.5,0.285714286
5b85bf,1,Clip04,3.3992,Experienced,42,Female,Yes,22,No,0,0,1,0,0,2,0,1,0,0,0,1,1,5,0,1,0,0,0,0,0,0,0,0,0,0,Experienced,TRUE,0,0.5,0.285714286
5b85bf,1,Clip02,4.742,Experienced,42,Female,Yes,22,No,0,0,1,0,0,2,0,1,0,0,0,1,1,5,0,1,0,0,0,0,0,0,0,0,0,0,Experienced,TRUE,0,0.5,0.285714286
5b85bf,1,Clip12,6.5959,Experienced,42,Female,Yes,22,No,0,0,1,0,0,2,0,1,0,0,0,1,1,5,0,1,0,0,0,0,0,0,0,0,0,0,Experienced,TRUE,0,0.5,0.285714286
5b85bf,1,Clip32,8.6663,Experienced,42,Female,Yes,22,No,0,0,1,0,0,2,0,1,0,0,0,1,1,5,0,1,0,0,0,0,0,0,0,0,0,0,Experienced,TRUE,0,0.5,0.285714286
5b85bf,1,Clip25,9.8627,Experienced,42,Female,Yes,22,No,0,0,1,0,0,2,0,1,0,0,0,1,1,5,0,1,0,0,0,0,0,0,0,0,0,0,Experienced,TRUE,0,0.5,0.285714286
5b85bf,1,Clip27,4.8029,Experienced,42,Female,Yes,22,No,0,0,1,0,0,2,0,1,0,0,0,1,1,5,0,1,0,0,0,0,0,0,0,0,0,0,Experienced,TRUE,0,0.5,0.285714286
5b85bf,0,Clip38,4.1023,Experienced,42,Female,Yes,22,No,0,0,1,0,0,2,0,1,0,0,0,1,1,5,0,1,0,0,0,0,0,0,0,0,0,0,Experienced,TRUE,0,0.5,0.285714286
5b85bf,0,Clip23,8.3305,Experienced,42,Female,Yes,22,No,0,0,1,0,0,2,0,1,0,0,0,1,1,5,0,1,0,0,0,0,0,0,0,0,0,0,Experienced,TRUE,0,0.5,0.285714286
5b85bf,1,Clip05,5.3841,Experienced,42,Female,Yes,22,No,0,0,1,0,0,2,0,1,0,0,0,1,1,5,0,1,0,0,0,0,0,0,0,0,0,0,Experienced,TRUE,0,0.5,0.285714286
5b85bf,1,Clip15,3.4368,Experienced,42,Female,Yes,22,No,0,0,1,0,0,2,0,1,0,0,0,1,1,5,0,1,0,0,0,0,0,0,0,0,0,0,Experienced,TRUE,0,0.5,0.285714286
5b85bf,0,Clip16,10.4155,Experienced,42,Female,Yes,22,No,0,0,1,0,0,2,0,1,0,0,0,1,1,5,0,1,0,0,0,0,0,0,0,0,0,0,Experienced,TRUE,0,0.5,0.285714286
5b85bf,1,Clip33,4.9046,Experienced,42,Female,Yes,22,No,0,0,1,0,0,2,0,1,0,0,0,1,1,5,0,1,0,0,0,0,0,0,0,0,0,0,Experienced,TRUE,0,0.5,0.285714286
5b85bf,1,Clip40,4.3894,Experienced,42,Female,Yes,22,No,0,0,1,0,0,2,0,1,0,0,0,1,1,5,0,1,0,0,0,0,0,0,0,0,0,0,Experienced,TRUE,0,0.5,0.285714286
5b85bf,1,Clip06,5.08,Experienced,42,Female,Yes,22,No,0,0,1,0,0,2,0,1,0,0,0,1,1,5,0,1,0,0,0,0,0,0,0,0,0,0,Experienced,TRUE,0,0.5,0.285714286
5b85bf,1,Clip03,3.7273,Experienced,42,Female,Yes,22,No,0,0,1,0,0,2,0,1,0,0,0,1,1,5,0,1,0,0,0,0,0,0,0,0,0,0,Experienced,TRUE,0,0.5,0.285714286
5b85bf,1,Clip21,8.2057,Experienced,42,Female,Yes,22,No,0,0,1,0,0,2,0,1,0,0,0,1,1,5,0,1,0,0,0,0,0,0,0,0,0,0,Experienced,TRUE,0,0.5,0.285714286
5b85bf,1,Clip10,3.2992,Experienced,42,Female,Yes,22,No,0,0,1,0,0,2,0,1,0,0,0,1,1,5,0,1,0,0,0,0,0,0,0,0,0,0,Experienced,TRUE,0,0.5,0.285714286
5b85bf,0,Clip35,9.1143,Experienced,42,Female,Yes,22,No,0,0,1,0,0,2,0,1,0,0,0,1,1,5,0,1,0,0,0,0,0,0,0,0,0,0,Experienced,TRUE,0,0.5,0.285714286
5b85bf,1,Clip29,4.0121,Experienced,42,Female,Yes,22,No,0,0,1,0,0,2,0,1,0,0,0,1,1,5,0,1,0,0,0,0,0,0,0,0,0,0,Experienced,TRUE,0,0.5,0.285714286
5b85bf,1,Clip22,3.9435,Experienced,42,Female,Yes,22,No,0,0,1,0,0,2,0,1,0,0,0,1,1,5,0,1,0,0,0,0,0,0,0,0,0,0,Experienced,TRUE,0,0.5,0.285714286
5b85bf,1,Clip31,4.3025,Experienced,42,Female,Yes,22,No,0,0,1,0,0,2,0,1,0,0,0,1,1,5,0,1,0,0,0,0,0,0,0,0,0,0,Experienced,TRUE,0,0.5,0.285714286
5b85bf,1,Clip39,4.6808,Experienced,42,Female,Yes,22,No,0,0,1,0,0,2,0,1,0,0,0,1,1,5,0,1,0,0,0,0,0,0,0,0,0,0,Experienced,TRUE,0,0.5,0.285714286
5b85bf,1,Clip30,3.5027,Experienced,42,Female,Yes,22,No,0,0,1,0,0,2,0,1,0,0,0,1,1,5,0,1,0,0,0,0,0,0,0,0,0,0,Experienced,TRUE,0,0.5,0.285714286
5b85bf,1,Clip18,9.5596,Experienced,42,Female,Yes,22,No,0,0,1,0,0,2,0,1,0,0,0,1,1,5,0,1,0,0,0,0,0,0,0,0,0,0,Experienced,TRUE,0,0.5,0.285714286
5b85bf,1,Clip11,6.7836,Experienced,42,Female,Yes,22,No,0,0,1,0,0,2,0,1,0,0,0,1,1,5,0,1,0,0,0,0,0,0,0,0,0,0,Experienced,TRUE,0,0.5,0.285714286
5b85bf,1,Clip13,4.0812,Experienced,42,Female,Yes,22,No,0,0,1,0,0,2,0,1,0,0,0,1,1,5,0,1,0,0,0,0,0,0,0,0,0,0,Experienced,TRUE,0,0.5,0.285714286
5b85bf,1,Clip08,9.5546,Experienced,42,Female,Yes,22,No,0,0,1,0,0,2,0,1,0,0,0,1,1,5,0,1,0,0,0,0,0,0,0,0,0,0,Experienced,TRUE,0,0.5,0.285714286
5b85bf,1,Clip34,10.1445,Experienced,42,Female,Yes,22,No,0,0,1,0,0,2,0,1,0,0,0,1,1,5,0,1,0,0,0,0,0,0,0,0,0,0,Experienced,TRUE,0,0.5,0.285714286
5b85bf,1,Clip01,3.4307,Experienced,42,Female,Yes,22,No,0,0,1,0,0,2,0,1,0,0,0,1,1,5,0,1,0,0,0,0,0,0,0,0,0,0,Experienced,TRUE,0,0.5,0.285714286
5b85bf,1,Clip14,3.376,Experienced,42,Female,Yes,22,No,0,0,1,0,0,2,0,1,0,0,0,1,1,5,0,1,0,0,0,0,0,0,0,0,0,0,Experienced,TRUE,0,0.5,0.285714286
5b85bf,1,Clip19,2.8823,Experienced,42,Female,Yes,22,No,0,0,1,0,0,2,0,1,0,0,0,1,1,5,0,1,0,0,0,0,0,0,0,0,0,0,Experienced,TRUE,0,0.5,0.285714286
5b85bf,0,Clip24,3.082,Experienced,42,Female,Yes,22,No,0,0,1,0,0,2,0,1,0,0,0,1,1,5,0,1,0,0,0,0,0,0,0,0,0,0,Experienced,TRUE,0,0.5,0.285714286
5b85bf,0,Clip36,3.902,Experienced,42,Female,Yes,22,No,0,0,1,0,0,2,0,1,0,0,0,1,1,5,0,1,0,0,0,0,0,0,0,0,0,0,Experienced,TRUE,0,0.5,0.285714286
63ef84,0,Clip20,7.8207,Experienced,32,Female,Yes,14,No,0,0,1,0,0,0,0,1,0,0,0,2,0,5,0,2,0,0,0,2,0,2,0,0,0,0,Experienced,TRUE,0,0.875,0.142857143
63ef84,1,Clip39,7.2842,Experienced,32,Female,Yes,14,No,0,0,1,0,0,0,0,1,0,0,0,2,0,5,0,2,0,0,0,2,0,2,0,0,0,0,Experienced,TRUE,0,0.875,0.142857143
63ef84,1,Clip35,4.2719,Experienced,32,Female,Yes,14,No,0,0,1,0,0,0,0,1,0,0,0,2,0,5,0,2,0,0,0,2,0,2,0,0,0,0,Experienced,TRUE,0,0.875,0.142857143
63ef84,1,Clip37,4.1626,Experienced,32,Female,Yes,14,No,0,0,1,0,0,0,0,1,0,0,0,2,0,5,0,2,0,0,0,2,0,2,0,0,0,0,Experienced,TRUE,0,0.875,0.142857143
63ef84,1,Clip26,3.0102,Experienced,32,Female,Yes,14,No,0,0,1,0,0,0,0,1,0,0,0,2,0,5,0,2,0,0,0,2,0,2,0,0,0,0,Experienced,TRUE,0,0.875,0.142857143
63ef84,1,Clip21,6.5969,Experienced,32,Female,Yes,14,No,0,0,1,0,0,0,0,1,0,0,0,2,0,5,0,2,0,0,0,2,0,2,0,0,0,0,Experienced,TRUE,0,0.875,0.142857143
63ef84,0,Clip09,6.004,Experienced,32,Female,Yes,14,No,0,0,1,0,0,0,0,1,0,0,0,2,0,5,0,2,0,0,0,2,0,2,0,0,0,0,Experienced,TRUE,0,0.875,0.142857143
63ef84,1,Clip40,10.3172,Experienced,32,Female,Yes,14,No,0,0,1,0,0,0,0,1,0,0,0,2,0,5,0,2,0,0,0,2,0,2,0,0,0,0,Experienced,TRUE,0,0.875,0.142857143
63ef84,1,Clip15,5.0823,Experienced,32,Female,Yes,14,No,0,0,1,0,0,0,0,1,0,0,0,2,0,5,0,2,0,0,0,2,0,2,0,0,0,0,Experienced,TRUE,0,0.875,0.142857143
63ef84,1,Clip19,4.687,Experienced,32,Female,Yes,14,No,0,0,1,0,0,0,0,1,0,0,0,2,0,5,0,2,0,0,0,2,0,2,0,0,0,0,Experienced,TRUE,0,0.875,0.142857143
63ef84,1,Clip05,3.888,Experienced,32,Female,Yes,14,No,0,0,1,0,0,0,0,1,0,0,0,2,0,5,0,2,0,0,0,2,0,2,0,0,0,0,Experienced,TRUE,0,0.875,0.142857143
63ef84,0,Clip34,18.9597,Experienced,32,Female,Yes,14,No,0,0,1,0,0,0,0,1,0,0,0,2,0,5,0,2,0,0,0,2,0,2,0,0,0,0,Experienced,TRUE,0,0.875,0.142857143
63ef84,1,Clip17,6.0451,Experienced,32,Female,Yes,14,No,0,0,1,0,0,0,0,1,0,0,0,2,0,5,0,2,0,0,0,2,0,2,0,0,0,0,Experienced,TRUE,0,0.875,0.142857143
63ef84,1,Clip10,13.8596,Experienced,32,Female,Yes,14,No,0,0,1,0,0,0,0,1,0,0,0,2,0,5,0,2,0,0,0,2,0,2,0,0,0,0,Experienced,TRUE,0,0.875,0.142857143
63ef84,1,Clip14,2.8969,Experienced,32,Female,Yes,14,No,0,0,1,0,0,0,0,1,0,0,0,2,0,5,0,2,0,0,0,2,0,2,0,0,0,0,Experienced,TRUE,0,0.875,0.142857143
63ef84,1,Clip12,6.3654,Experienced,32,Female,Yes,14,No,0,0,1,0,0,0,0,1,0,0,0,2,0,5,0,2,0,0,0,2,0,2,0,0,0,0,Experienced,TRUE,0,0.875,0.142857143
63ef84,1,Clip23,3.7607,Experienced,32,Female,Yes,14,No,0,0,1,0,0,0,0,1,0,0,0,2,0,5,0,2,0,0,0,2,0,2,0,0,0,0,Experienced,TRUE,0,0.875,0.142857143
63ef84,0,Clip32,6.8208,Experienced,32,Female,Yes,14,No,0,0,1,0,0,0,0,1,0,0,0,2,0,5,0,2,0,0,0,2,0,2,0,0,0,0,Experienced,TRUE,0,0.875,0.142857143
63ef84,1,Clip06,3.1589,Experienced,32,Female,Yes,14,No,0,0,1,0,0,0,0,1,0,0,0,2,0,5,0,2,0,0,0,2,0,2,0,0,0,0,Experienced,TRUE,0,0.875,0.142857143
63ef84,1,Clip16,8.3925,Experienced,32,Female,Yes,14,No,0,0,1,0,0,0,0,1,0,0,0,2,0,5,0,2,0,0,0,2,0,2,0,0,0,0,Experienced,TRUE,0,0.875,0.142857143
63ef84,1,Clip22,4.1731,Experienced,32,Female,Yes,14,No,0,0,1,0,0,0,0,1,0,0,0,2,0,5,0,2,0,0,0,2,0,2,0,0,0,0,Experienced,TRUE,0,0.875,0.142857143
63ef84,1,Clip33,2.9963,Experienced,32,Female,Yes,14,No,0,0,1,0,0,0,0,1,0,0,0,2,0,5,0,2,0,0,0,2,0,2,0,0,0,0,Experienced,TRUE,0,0.875,0.142857143
63ef84,0,Clip28,6.8616,Experienced,32,Female,Yes,14,No,0,0,1,0,0,0,0,1,0,0,0,2,0,5,0,2,0,0,0,2,0,2,0,0,0,0,Experienced,TRUE,0,0.875,0.142857143
63ef84,0,Clip11,8.295,Experienced,32,Female,Yes,14,No,0,0,1,0,0,0,0,1,0,0,0,2,0,5,0,2,0,0,0,2,0,2,0,0,0,0,Experienced,TRUE,0,0.875,0.142857143
63ef84,0,Clip38,9.1945,Experienced,32,Female,Yes,14,No,0,0,1,0,0,0,0,1,0,0,0,2,0,5,0,2,0,0,0,2,0,2,0,0,0,0,Experienced,TRUE,0,0.875,0.142857143
63ef84,1,Clip30,3.822,Experienced,32,Female,Yes,14,No,0,0,1,0,0,0,0,1,0,0,0,2,0,5,0,2,0,0,0,2,0,2,0,0,0,0,Experienced,TRUE,0,0.875,0.142857143
63ef84,1,Clip27,4.7265,Experienced,32,Female,Yes,14,No,0,0,1,0,0,0,0,1,0,0,0,2,0,5,0,2,0,0,0,2,0,2,0,0,0,0,Experienced,TRUE,0,0.875,0.142857143
63ef84,0,Clip08,13.6042,Experienced,32,Female,Yes,14,No,0,0,1,0,0,0,0,1,0,0,0,2,0,5,0,2,0,0,0,2,0,2,0,0,0,0,Experienced,TRUE,0,0.875,0.142857143
63ef84,1,Clip18,5.0458,Experienced,32,Female,Yes,14,No,0,0,1,0,0,0,0,1,0,0,0,2,0,5,0,2,0,0,0,2,0,2,0,0,0,0,Experienced,TRUE,0,0.875,0.142857143
63ef84,1,Clip25,3.7065,Experienced,32,Female,Yes,14,No,0,0,1,0,0,0,0,1,0,0,0,2,0,5,0,2,0,0,0,2,0,2,0,0,0,0,Experienced,TRUE,0,0.875,0.142857143
63ef84,0,Clip36,3.3544,Experienced,32,Female,Yes,14,No,0,0,1,0,0,0,0,1,0,0,0,2,0,5,0,2,0,0,0,2,0,2,0,0,0,0,Experienced,TRUE,0,0.875,0.142857143
63ef84,1,Clip02,2.3519,Experienced,32,Female,Yes,14,No,0,0,1,0,0,0,0,1,0,0,0,2,0,5,0,2,0,0,0,2,0,2,0,0,0,0,Experienced,TRUE,0,0.875,0.142857143
63ef84,1,Clip07,5.9983,Experienced,32,Female,Yes,14,No,0,0,1,0,0,0,0,1,0,0,0,2,0,5,0,2,0,0,0,2,0,2,0,0,0,0,Experienced,TRUE,0,0.875,0.142857143
63ef84,1,Clip04,3.0311,Experienced,32,Female,Yes,14,No,0,0,1,0,0,0,0,1,0,0,0,2,0,5,0,2,0,0,0,2,0,2,0,0,0,0,Experienced,TRUE,0,0.875,0.142857143
63ef84,1,Clip01,3.1911,Experienced,32,Female,Yes,14,No,0,0,1,0,0,0,0,1,0,0,0,2,0,5,0,2,0,0,0,2,0,2,0,0,0,0,Experienced,TRUE,0,0.875,0.142857143
63ef84,1,Clip24,4.299,Experienced,32,Female,Yes,14,No,0,0,1,0,0,0,0,1,0,0,0,2,0,5,0,2,0,0,0,2,0,2,0,0,0,0,Experienced,TRUE,0,0.875,0.142857143
63ef84,1,Clip31,3.451,Experienced,32,Female,Yes,14,No,0,0,1,0,0,0,0,1,0,0,0,2,0,5,0,2,0,0,0,2,0,2,0,0,0,0,Experienced,TRUE,0,0.875,0.142857143
63ef84,1,Clip29,3.986,Experienced,32,Female,Yes,14,No,0,0,1,0,0,0,0,1,0,0,0,2,0,5,0,2,0,0,0,2,0,2,0,0,0,0,Experienced,TRUE,0,0.875,0.142857143
63ef84,1,Clip03,3.1025,Experienced,32,Female,Yes,14,No,0,0,1,0,0,0,0,1,0,0,0,2,0,5,0,2,0,0,0,2,0,2,0,0,0,0,Experienced,TRUE,0,0.875,0.142857143
63ef84,1,Clip13,5.3069,Experienced,32,Female,Yes,14,No,0,0,1,0,0,0,0,1,0,0,0,2,0,5,0,2,0,0,0,2,0,2,0,0,0,0,Experienced,TRUE,0,0.875,0.142857143
5db641,1,Clip04,2.575,Experienced,27,Female,Yes,10,No,0,0,1,1,0,1,0,3,0,0,0,1,2,5,0,1,0,0,0,0,1,1,0,0,0,0,Experienced,TRUE,0,0.875,0.571428571
5db641,1,Clip17,4.157,Experienced,27,Female,Yes,10,No,0,0,1,1,0,1,0,3,0,0,0,1,2,5,0,1,0,0,0,0,1,1,0,0,0,0,Experienced,TRUE,0,0.875,0.571428571
5db641,1,Clip26,2.446,Experienced,27,Female,Yes,10,No,0,0,1,1,0,1,0,3,0,0,0,1,2,5,0,1,0,0,0,0,1,1,0,0,0,0,Experienced,TRUE,0,0.875,0.571428571
5db641,1,Clip14,2.336,Experienced,27,Female,Yes,10,No,0,0,1,1,0,1,0,3,0,0,0,1,2,5,0,1,0,0,0,0,1,1,0,0,0,0,Experienced,TRUE,0,0.875,0.571428571
5db641,1,Clip09,6.333,Experienced,27,Female,Yes,10,No,0,0,1,1,0,1,0,3,0,0,0,1,2,5,0,1,0,0,0,0,1,1,0,0,0,0,Experienced,TRUE,0,0.875,0.571428571
5db641,1,Clip01,5.33,Experienced,27,Female,Yes,10,No,0,0,1,1,0,1,0,3,0,0,0,1,2,5,0,1,0,0,0,0,1,1,0,0,0,0,Experienced,TRUE,0,0.875,0.571428571
5db641,0,Clip05,12.28,Experienced,27,Female,Yes,10,No,0,0,1,1,0,1,0,3,0,0,0,1,2,5,0,1,0,0,0,0,1,1,0,0,0,0,Experienced,TRUE,0,0.875,0.571428571
5db641,1,Clip19,5.463,Experienced,27,Female,Yes,10,No,0,0,1,1,0,1,0,3,0,0,0,1,2,5,0,1,0,0,0,0,1,1,0,0,0,0,Experienced,TRUE,0,0.875,0.571428571
5db641,1,Clip30,3.663,Experienced,27,Female,Yes,10,No,0,0,1,1,0,1,0,3,0,0,0,1,2,5,0,1,0,0,0,0,1,1,0,0,0,0,Experienced,TRUE,0,0.875,0.571428571
5db641,0,Clip11,4.824,Experienced,27,Female,Yes,10,No,0,0,1,1,0,1,0,3,0,0,0,1,2,5,0,1,0,0,0,0,1,1,0,0,0,0,Experienced,TRUE,0,0.875,0.571428571
5db641,1,Clip39,6.47,Experienced,27,Female,Yes,10,No,0,0,1,1,0,1,0,3,0,0,0,1,2,5,0,1,0,0,0,0,1,1,0,0,0,0,Experienced,TRUE,0,0.875,0.571428571
5db641,1,Clip25,1.96,Experienced,27,Female,Yes,10,No,0,0,1,1,0,1,0,3,0,0,0,1,2,5,0,1,0,0,0,0,1,1,0,0,0,0,Experienced,TRUE,0,0.875,0.571428571
5db641,1,Clip28,4.38,Experienced,27,Female,Yes,10,No,0,0,1,1,0,1,0,3,0,0,0,1,2,5,0,1,0,0,0,0,1,1,0,0,0,0,Experienced,TRUE,0,0.875,0.571428571
5db641,1,Clip13,7.608,Experienced,27,Female,Yes,10,No,0,0,1,1,0,1,0,3,0,0,0,1,2,5,0,1,0,0,0,0,1,1,0,0,0,0,Experienced,TRUE,0,0.875,0.571428571
5db641,0,Clip24,11.494,Experienced,27,Female,Yes,10,No,0,0,1,1,0,1,0,3,0,0,0,1,2,5,0,1,0,0,0,0,1,1,0,0,0,0,Experienced,TRUE,0,0.875,0.571428571
5db641,1,Clip07,6.985,Experienced,27,Female,Yes,10,No,0,0,1,1,0,1,0,3,0,0,0,1,2,5,0,1,0,0,0,0,1,1,0,0,0,0,Experienced,TRUE,0,0.875,0.571428571
5db641,1,Clip15,1.592,Experienced,27,Female,Yes,10,No,0,0,1,1,0,1,0,3,0,0,0,1,2,5,0,1,0,0,0,0,1,1,0,0,0,0,Experienced,TRUE,0,0.875,0.571428571
5db641,1,Clip38,3.297,Experienced,27,Female,Yes,10,No,0,0,1,1,0,1,0,3,0,0,0,1,2,5,0,1,0,0,0,0,1,1,0,0,0,0,Experienced,TRUE,0,0.875,0.571428571
5db641,0,Clip21,5.887,Experienced,27,Female,Yes,10,No,0,0,1,1,0,1,0,3,0,0,0,1,2,5,0,1,0,0,0,0,1,1,0,0,0,0,Experienced,TRUE,0,0.875,0.571428571
5db641,1,Clip33,8.848,Experienced,27,Female,Yes,10,No,0,0,1,1,0,1,0,3,0,0,0,1,2,5,0,1,0,0,0,0,1,1,0,0,0,0,Experienced,TRUE,0,0.875,0.571428571
5db641,1,Clip08,14.47,Experienced,27,Female,Yes,10,No,0,0,1,1,0,1,0,3,0,0,0,1,2,5,0,1,0,0,0,0,1,1,0,0,0,0,Experienced,TRUE,0,0.875,0.571428571
5db641,1,Clip27,2.955,Experienced,27,Female,Yes,10,No,0,0,1,1,0,1,0,3,0,0,0,1,2,5,0,1,0,0,0,0,1,1,0,0,0,0,Experienced,TRUE,0,0.875,0.571428571
5db641,1,Clip06,2.751,Experienced,27,Female,Yes,10,No,0,0,1,1,0,1,0,3,0,0,0,1,2,5,0,1,0,0,0,0,1,1,0,0,0,0,Experienced,TRUE,0,0.875,0.571428571
5db641,0,Clip34,4.459,Experienced,27,Female,Yes,10,No,0,0,1,1,0,1,0,3,0,0,0,1,2,5,0,1,0,0,0,0,1,1,0,0,0,0,Experienced,TRUE,0,0.875,0.571428571
5db641,1,Clip20,2.658,Experienced,27,Female,Yes,10,No,0,0,1,1,0,1,0,3,0,0,0,1,2,5,0,1,0,0,0,0,1,1,0,0,0,0,Experienced,TRUE,0,0.875,0.571428571
5db641,1,Clip23,2.986,Experienced,27,Female,Yes,10,No,0,0,1,1,0,1,0,3,0,0,0,1,2,5,0,1,0,0,0,0,1,1,0,0,0,0,Experienced,TRUE,0,0.875,0.571428571
5db641,1,Clip18,27.501,Experienced,27,Female,Yes,10,No,0,0,1,1,0,1,0,3,0,0,0,1,2,5,0,1,0,0,0,0,1,1,0,0,0,0,Experienced,TRUE,0,0.875,0.571428571
5db641,1,Clip22,1.88,Experienced,27,Female,Yes,10,No,0,0,1,1,0,1,0,3,0,0,0,1,2,5,0,1,0,0,0,0,1,1,0,0,0,0,Experienced,TRUE,0,0.875,0.571428571
5db641,1,Clip16,6.095,Experienced,27,Female,Yes,10,No,0,0,1,1,0,1,0,3,0,0,0,1,2,5,0,1,0,0,0,0,1,1,0,0,0,0,Experienced,TRUE,0,0.875,0.571428571
5db641,1,Clip12,3.683,Experienced,27,Female,Yes,10,No,0,0,1,1,0,1,0,3,0,0,0,1,2,5,0,1,0,0,0,0,1,1,0,0,0,0,Experienced,TRUE,0,0.875,0.571428571
5db641,1,Clip02,1.751,Experienced,27,Female,Yes,10,No,0,0,1,1,0,1,0,3,0,0,0,1,2,5,0,1,0,0,0,0,1,1,0,0,0,0,Experienced,TRUE,0,0.875,0.571428571
5db641,1,Clip37,3.533,Experienced,27,Female,Yes,10,No,0,0,1,1,0,1,0,3,0,0,0,1,2,5,0,1,0,0,0,0,1,1,0,0,0,0,Experienced,TRUE,0,0.875,0.571428571
5db641,0,Clip35,5.773,Experienced,27,Female,Yes,10,No,0,0,1,1,0,1,0,3,0,0,0,1,2,5,0,1,0,0,0,0,1,1,0,0,0,0,Experienced,TRUE,0,0.875,0.571428571
5db641,1,Clip32,3.195,Experienced,27,Female,Yes,10,No,0,0,1,1,0,1,0,3,0,0,0,1,2,5,0,1,0,0,0,0,1,1,0,0,0,0,Experienced,TRUE,0,0.875,0.571428571
5db641,1,Clip40,5.387,Experienced,27,Female,Yes,10,No,0,0,1,1,0,1,0,3,0,0,0,1,2,5,0,1,0,0,0,0,1,1,0,0,0,0,Experienced,TRUE,0,0.875,0.571428571
5db641,1,Clip29,4.315,Experienced,27,Female,Yes,10,No,0,0,1,1,0,1,0,3,0,0,0,1,2,5,0,1,0,0,0,0,1,1,0,0,0,0,Experienced,TRUE,0,0.875,0.571428571
5db641,0,Clip36,25.788,Experienced,27,Female,Yes,10,No,0,0,1,1,0,1,0,3,0,0,0,1,2,5,0,1,0,0,0,0,1,1,0,0,0,0,Experienced,TRUE,0,0.875,0.571428571
5db641,0,Clip31,3.083,Experienced,27,Female,Yes,10,No,0,0,1,1,0,1,0,3,0,0,0,1,2,5,0,1,0,0,0,0,1,1,0,0,0,0,Experienced,TRUE,0,0.875,0.571428571
5db641,0,Clip10,31.925,Experienced,27,Female,Yes,10,No,0,0,1,1,0,1,0,3,0,0,0,1,2,5,0,1,0,0,0,0,1,1,0,0,0,0,Experienced,TRUE,0,0.875,0.571428571
5db641,0,Clip03,39.584,Experienced,27,Female,Yes,10,No,0,0,1,1,0,1,0,3,0,0,0,1,2,5,0,1,0,0,0,0,1,1,0,0,0,0,Experienced,TRUE,0,0.875,0.571428571
622998,1,Clip20,6.632,Experienced,31,Male,Yes,6,Yes,6,0,5,2,0,0,0,0,1,1,1,1,2,5,0,0,0,0,0,0,1,1,0,0,2,0,Experienced,TRUE,0.125,0.375,1.857142857
622998,1,Clip12,7.324,Experienced,31,Male,Yes,6,Yes,6,0,5,2,0,0,0,0,1,1,1,1,2,5,0,0,0,0,0,0,1,1,0,0,2,0,Experienced,TRUE,0.125,0.375,1.857142857
622998,1,Clip09,8.44,Experienced,31,Male,Yes,6,Yes,6,0,5,2,0,0,0,0,1,1,1,1,2,5,0,0,0,0,0,0,1,1,0,0,2,0,Experienced,TRUE,0.125,0.375,1.857142857
622998,1,Clip24,8.875,Experienced,31,Male,Yes,6,Yes,6,0,5,2,0,0,0,0,1,1,1,1,2,5,0,0,0,0,0,0,1,1,0,0,2,0,Experienced,TRUE,0.125,0.375,1.857142857
622998,1,Clip37,6.645,Experienced,31,Male,Yes,6,Yes,6,0,5,2,0,0,0,0,1,1,1,1,2,5,0,0,0,0,0,0,1,1,0,0,2,0,Experienced,TRUE,0.125,0.375,1.857142857
622998,1,Clip33,8.576,Experienced,31,Male,Yes,6,Yes,6,0,5,2,0,0,0,0,1,1,1,1,2,5,0,0,0,0,0,0,1,1,0,0,2,0,Experienced,TRUE,0.125,0.375,1.857142857
622998,1,Clip07,8.385,Experienced,31,Male,Yes,6,Yes,6,0,5,2,0,0,0,0,1,1,1,1,2,5,0,0,0,0,0,0,1,1,0,0,2,0,Experienced,TRUE,0.125,0.375,1.857142857
622998,1,Clip08,18.283,Experienced,31,Male,Yes,6,Yes,6,0,5,2,0,0,0,0,1,1,1,1,2,5,0,0,0,0,0,0,1,1,0,0,2,0,Experienced,TRUE,0.125,0.375,1.857142857
622998,1,Clip10,3.241,Experienced,31,Male,Yes,6,Yes,6,0,5,2,0,0,0,0,1,1,1,1,2,5,0,0,0,0,0,0,1,1,0,0,2,0,Experienced,TRUE,0.125,0.375,1.857142857
622998,1,Clip22,3.275,Experienced,31,Male,Yes,6,Yes,6,0,5,2,0,0,0,0,1,1,1,1,2,5,0,0,0,0,0,0,1,1,0,0,2,0,Experienced,TRUE,0.125,0.375,1.857142857
622998,1,Clip28,5.966,Experienced,31,Male,Yes,6,Yes,6,0,5,2,0,0,0,0,1,1,1,1,2,5,0,0,0,0,0,0,1,1,0,0,2,0,Experienced,TRUE,0.125,0.375,1.857142857
622998,1,Clip21,6.678,Experienced,31,Male,Yes,6,Yes,6,0,5,2,0,0,0,0,1,1,1,1,2,5,0,0,0,0,0,0,1,1,0,0,2,0,Experienced,TRUE,0.125,0.375,1.857142857
622998,1,Clip04,3.635,Experienced,31,Male,Yes,6,Yes,6,0,5,2,0,0,0,0,1,1,1,1,2,5,0,0,0,0,0,0,1,1,0,0,2,0,Experienced,TRUE,0.125,0.375,1.857142857
622998,1,Clip38,9.289,Experienced,31,Male,Yes,6,Yes,6,0,5,2,0,0,0,0,1,1,1,1,2,5,0,0,0,0,0,0,1,1,0,0,2,0,Experienced,TRUE,0.125,0.375,1.857142857
622998,1,Clip27,7.597,Experienced,31,Male,Yes,6,Yes,6,0,5,2,0,0,0,0,1,1,1,1,2,5,0,0,0,0,0,0,1,1,0,0,2,0,Experienced,TRUE,0.125,0.375,1.857142857
622998,1,Clip39,4.304,Experienced,31,Male,Yes,6,Yes,6,0,5,2,0,0,0,0,1,1,1,1,2,5,0,0,0,0,0,0,1,1,0,0,2,0,Experienced,TRUE,0.125,0.375,1.857142857
622998,1,Clip26,3.605,Experienced,31,Male,Yes,6,Yes,6,0,5,2,0,0,0,0,1,1,1,1,2,5,0,0,0,0,0,0,1,1,0,0,2,0,Experienced,TRUE,0.125,0.375,1.857142857
622998,1,Clip19,3.84,Experienced,31,Male,Yes,6,Yes,6,0,5,2,0,0,0,0,1,1,1,1,2,5,0,0,0,0,0,0,1,1,0,0,2,0,Experienced,TRUE,0.125,0.375,1.857142857
622998,1,Clip40,4.896,Experienced,31,Male,Yes,6,Yes,6,0,5,2,0,0,0,0,1,1,1,1,2,5,0,0,0,0,0,0,1,1,0,0,2,0,Experienced,TRUE,0.125,0.375,1.857142857
622998,1,Clip34,4.89,Experienced,31,Male,Yes,6,Yes,6,0,5,2,0,0,0,0,1,1,1,1,2,5,0,0,0,0,0,0,1,1,0,0,2,0,Experienced,TRUE,0.125,0.375,1.857142857
622998,1,Clip16,12.052,Experienced,31,Male,Yes,6,Yes,6,0,5,2,0,0,0,0,1,1,1,1,2,5,0,0,0,0,0,0,1,1,0,0,2,0,Experienced,TRUE,0.125,0.375,1.857142857
622998,0,Clip35,10.683,Experienced,31,Male,Yes,6,Yes,6,0,5,2,0,0,0,0,1,1,1,1,2,5,0,0,0,0,0,0,1,1,0,0,2,0,Experienced,TRUE,0.125,0.375,1.857142857
622998,1,Clip23,6.219,Experienced,31,Male,Yes,6,Yes,6,0,5,2,0,0,0,0,1,1,1,1,2,5,0,0,0,0,0,0,1,1,0,0,2,0,Experienced,TRUE,0.125,0.375,1.857142857
622998,1,Clip03,10.478,Experienced,31,Male,Yes,6,Yes,6,0,5,2,0,0,0,0,1,1,1,1,2,5,0,0,0,0,0,0,1,1,0,0,2,0,Experienced,TRUE,0.125,0.375,1.857142857
622998,1,Clip01,4.332,Experienced,31,Male,Yes,6,Yes,6,0,5,2,0,0,0,0,1,1,1,1,2,5,0,0,0,0,0,0,1,1,0,0,2,0,Experienced,TRUE,0.125,0.375,1.857142857
622998,1,Clip15,2.923,Experienced,31,Male,Yes,6,Yes,6,0,5,2,0,0,0,0,1,1,1,1,2,5,0,0,0,0,0,0,1,1,0,0,2,0,Experienced,TRUE,0.125,0.375,1.857142857
622998,1,Clip18,5.568,Experienced,31,Male,Yes,6,Yes,6,0,5,2,0,0,0,0,1,1,1,1,2,5,0,0,0,0,0,0,1,1,0,0,2,0,Experienced,TRUE,0.125,0.375,1.857142857
622998,1,Clip11,5.919,Experienced,31,Male,Yes,6,Yes,6,0,5,2,0,0,0,0,1,1,1,1,2,5,0,0,0,0,0,0,1,1,0,0,2,0,Experienced,TRUE,0.125,0.375,1.857142857
622998,0,Clip32,8.219,Experienced,31,Male,Yes,6,Yes,6,0,5,2,0,0,0,0,1,1,1,1,2,5,0,0,0,0,0,0,1,1,0,0,2,0,Experienced,TRUE,0.125,0.375,1.857142857
622998,1,Clip36,5.06,Experienced,31,Male,Yes,6,Yes,6,0,5,2,0,0,0,0,1,1,1,1,2,5,0,0,0,0,0,0,1,1,0,0,2,0,Experienced,TRUE,0.125,0.375,1.857142857
622998,1,Clip14,4.244,Experienced,31,Male,Yes,6,Yes,6,0,5,2,0,0,0,0,1,1,1,1,2,5,0,0,0,0,0,0,1,1,0,0,2,0,Experienced,TRUE,0.125,0.375,1.857142857
622998,1,Clip13,8.025,Experienced,31,Male,Yes,6,Yes,6,0,5,2,0,0,0,0,1,1,1,1,2,5,0,0,0,0,0,0,1,1,0,0,2,0,Experienced,TRUE,0.125,0.375,1.857142857
622998,1,Clip02,2.917,Experienced,31,Male,Yes,6,Yes,6,0,5,2,0,0,0,0,1,1,1,1,2,5,0,0,0,0,0,0,1,1,0,0,2,0,Experienced,TRUE,0.125,0.375,1.857142857
622998,1,Clip30,3.132,Experienced,31,Male,Yes,6,Yes,6,0,5,2,0,0,0,0,1,1,1,1,2,5,0,0,0,0,0,0,1,1,0,0,2,0,Experienced,TRUE,0.125,0.375,1.857142857
622998,1,Clip06,3.712,Experienced,31,Male,Yes,6,Yes,6,0,5,2,0,0,0,0,1,1,1,1,2,5,0,0,0,0,0,0,1,1,0,0,2,0,Experienced,TRUE,0.125,0.375,1.857142857
622998,1,Clip05,5.964,Experienced,31,Male,Yes,6,Yes,6,0,5,2,0,0,0,0,1,1,1,1,2,5,0,0,0,0,0,0,1,1,0,0,2,0,Experienced,TRUE,0.125,0.375,1.857142857
622998,1,Clip25,9.783,Experienced,31,Male,Yes,6,Yes,6,0,5,2,0,0,0,0,1,1,1,1,2,5,0,0,0,0,0,0,1,1,0,0,2,0,Experienced,TRUE,0.125,0.375,1.857142857
622998,1,Clip17,9.86,Experienced,31,Male,Yes,6,Yes,6,0,5,2,0,0,0,0,1,1,1,1,2,5,0,0,0,0,0,0,1,1,0,0,2,0,Experienced,TRUE,0.125,0.375,1.857142857
622998,1,Clip31,2.451,Experienced,31,Male,Yes,6,Yes,6,0,5,2,0,0,0,0,1,1,1,1,2,5,0,0,0,0,0,0,1,1,0,0,2,0,Experienced,TRUE,0.125,0.375,1.857142857
622998,1,Clip29,6.002,Experienced,31,Male,Yes,6,Yes,6,0,5,2,0,0,0,0,1,1,1,1,2,5,0,0,0,0,0,0,1,1,0,0,2,0,Experienced,TRUE,0.125,0.375,1.857142857
5cdf28,1,Clip12,5.4207,Experienced,31,Female,Yes,9.58,No,0,0,0,0,0,2,0,0,0,0,0,2,0,5,0,0,0,0,0,0,0,1,0,0,0,0,Experienced,TRUE,0,0.625,0
5cdf28,1,Clip14,4.0136,Experienced,31,Female,Yes,9.58,No,0,0,0,0,0,2,0,0,0,0,0,2,0,5,0,0,0,0,0,0,0,1,0,0,0,0,Experienced,TRUE,0,0.625,0
5cdf28,1,Clip39,6.992,Experienced,31,Female,Yes,9.58,No,0,0,0,0,0,2,0,0,0,0,0,2,0,5,0,0,0,0,0,0,0,1,0,0,0,0,Experienced,TRUE,0,0.625,0
5cdf28,0,Clip34,8.3596,Experienced,31,Female,Yes,9.58,No,0,0,0,0,0,2,0,0,0,0,0,2,0,5,0,0,0,0,0,0,0,1,0,0,0,0,Experienced,TRUE,0,0.625,0
5cdf28,1,Clip35,3.0559,Experienced,31,Female,Yes,9.58,No,0,0,0,0,0,2,0,0,0,0,0,2,0,5,0,0,0,0,0,0,0,1,0,0,0,0,Experienced,TRUE,0,0.625,0
5cdf28,1,Clip01,4.2471,Experienced,31,Female,Yes,9.58,No,0,0,0,0,0,2,0,0,0,0,0,2,0,5,0,0,0,0,0,0,0,1,0,0,0,0,Experienced,TRUE,0,0.625,0
5cdf28,0,Clip37,6.7999,Experienced,31,Female,Yes,9.58,No,0,0,0,0,0,2,0,0,0,0,0,2,0,5,0,0,0,0,0,0,0,1,0,0,0,0,Experienced,TRUE,0,0.625,0
5cdf28,0,Clip03,7.2571,Experienced,31,Female,Yes,9.58,No,0,0,0,0,0,2,0,0,0,0,0,2,0,5,0,0,0,0,0,0,0,1,0,0,0,0,Experienced,TRUE,0,0.625,0
5cdf28,0,Clip30,3.3604,Experienced,31,Female,Yes,9.58,No,0,0,0,0,0,2,0,0,0,0,0,2,0,5,0,0,0,0,0,0,0,1,0,0,0,0,Experienced,TRUE,0,0.625,0
5cdf28,1,Clip07,3.4954,Experienced,31,Female,Yes,9.58,No,0,0,0,0,0,2,0,0,0,0,0,2,0,5,0,0,0,0,0,0,0,1,0,0,0,0,Experienced,TRUE,0,0.625,0
5cdf28,1,Clip22,2.89,Experienced,31,Female,Yes,9.58,No,0,0,0,0,0,2,0,0,0,0,0,2,0,5,0,0,0,0,0,0,0,1,0,0,0,0,Experienced,TRUE,0,0.625,0
5cdf28,1,Clip40,2.6299,Experienced,31,Female,Yes,9.58,No,0,0,0,0,0,2,0,0,0,0,0,2,0,5,0,0,0,0,0,0,0,1,0,0,0,0,Experienced,TRUE,0,0.625,0
5cdf28,1,Clip28,3.7416,Experienced,31,Female,Yes,9.58,No,0,0,0,0,0,2,0,0,0,0,0,2,0,5,0,0,0,0,0,0,0,1,0,0,0,0,Experienced,TRUE,0,0.625,0
5cdf28,0,Clip08,8.8491,Experienced,31,Female,Yes,9.58,No,0,0,0,0,0,2,0,0,0,0,0,2,0,5,0,0,0,0,0,0,0,1,0,0,0,0,Experienced,TRUE,0,0.625,0
5cdf28,1,Clip18,5.2546,Experienced,31,Female,Yes,9.58,No,0,0,0,0,0,2,0,0,0,0,0,2,0,5,0,0,0,0,0,0,0,1,0,0,0,0,Experienced,TRUE,0,0.625,0
5cdf28,1,Clip04,2.4916,Experienced,31,Female,Yes,9.58,No,0,0,0,0,0,2,0,0,0,0,0,2,0,5,0,0,0,0,0,0,0,1,0,0,0,0,Experienced,TRUE,0,0.625,0
5cdf28,1,Clip19,1.6783,Experienced,31,Female,Yes,9.58,No,0,0,0,0,0,2,0,0,0,0,0,2,0,5,0,0,0,0,0,0,0,1,0,0,0,0,Experienced,TRUE,0,0.625,0
5cdf28,0,Clip16,5.7662,Experienced,31,Female,Yes,9.58,No,0,0,0,0,0,2,0,0,0,0,0,2,0,5,0,0,0,0,0,0,0,1,0,0,0,0,Experienced,TRUE,0,0.625,0
5cdf28,1,Clip06,4.2184,Experienced,31,Female,Yes,9.58,No,0,0,0,0,0,2,0,0,0,0,0,2,0,5,0,0,0,0,0,0,0,1,0,0,0,0,Experienced,TRUE,0,0.625,0
5cdf28,1,Clip26,1.9068,Experienced,31,Female,Yes,9.58,No,0,0,0,0,0,2,0,0,0,0,0,2,0,5,0,0,0,0,0,0,0,1,0,0,0,0,Experienced,TRUE,0,0.625,0
5cdf28,1,Clip11,4.6502,Experienced,31,Female,Yes,9.58,No,0,0,0,0,0,2,0,0,0,0,0,2,0,5,0,0,0,0,0,0,0,1,0,0,0,0,Experienced,TRUE,0,0.625,0
5cdf28,1,Clip32,3.3786,Experienced,31,Female,Yes,9.58,No,0,0,0,0,0,2,0,0,0,0,0,2,0,5,0,0,0,0,0,0,0,1,0,0,0,0,Experienced,TRUE,0,0.625,0
5cdf28,1,Clip20,10.1871,Experienced,31,Female,Yes,9.58,No,0,0,0,0,0,2,0,0,0,0,0,2,0,5,0,0,0,0,0,0,0,1,0,0,0,0,Experienced,TRUE,0,0.625,0
5cdf28,1,Clip02,3.0099,Experienced,31,Female,Yes,9.58,No,0,0,0,0,0,2,0,0,0,0,0,2,0,5,0,0,0,0,0,0,0,1,0,0,0,0,Experienced,TRUE,0,0.625,0
5cdf28,0,Clip36,3.0466,Experienced,31,Female,Yes,9.58,No,0,0,0,0,0,2,0,0,0,0,0,2,0,5,0,0,0,0,0,0,0,1,0,0,0,0,Experienced,TRUE,0,0.625,0
5cdf28,0,Clip24,2.7558,Experienced,31,Female,Yes,9.58,No,0,0,0,0,0,2,0,0,0,0,0,2,0,5,0,0,0,0,0,0,0,1,0,0,0,0,Experienced,TRUE,0,0.625,0
5cdf28,0,Clip25,6.5895,Experienced,31,Female,Yes,9.58,No,0,0,0,0,0,2,0,0,0,0,0,2,0,5,0,0,0,0,0,0,0,1,0,0,0,0,Experienced,TRUE,0,0.625,0
5cdf28,1,Clip21,5.8658,Experienced,31,Female,Yes,9.58,No,0,0,0,0,0,2,0,0,0,0,0,2,0,5,0,0,0,0,0,0,0,1,0,0,0,0,Experienced,TRUE,0,0.625,0
5cdf28,1,Clip29,1.7956,Experienced,31,Female,Yes,9.58,No,0,0,0,0,0,2,0,0,0,0,0,2,0,5,0,0,0,0,0,0,0,1,0,0,0,0,Experienced,TRUE,0,0.625,0
5cdf28,1,Clip15,2.3797,Experienced,31,Female,Yes,9.58,No,0,0,0,0,0,2,0,0,0,0,0,2,0,5,0,0,0,0,0,0,0,1,0,0,0,0,Experienced,TRUE,0,0.625,0
5cdf28,0,Clip10,4.3131,Experienced,31,Female,Yes,9.58,No,0,0,0,0,0,2,0,0,0,0,0,2,0,5,0,0,0,0,0,0,0,1,0,0,0,0,Experienced,TRUE,0,0.625,0
5cdf28,1,Clip17,4.4812,Experienced,31,Female,Yes,9.58,No,0,0,0,0,0,2,0,0,0,0,0,2,0,5,0,0,0,0,0,0,0,1,0,0,0,0,Experienced,TRUE,0,0.625,0
5cdf28,1,Clip33,5.3769,Experienced,31,Female,Yes,9.58,No,0,0,0,0,0,2,0,0,0,0,0,2,0,5,0,0,0,0,0,0,0,1,0,0,0,0,Experienced,TRUE,0,0.625,0
5cdf28,0,Clip09,6.8032,Experienced,31,Female,Yes,9.58,No,0,0,0,0,0,2,0,0,0,0,0,2,0,5,0,0,0,0,0,0,0,1,0,0,0,0,Experienced,TRUE,0,0.625,0
5cdf28,1,Clip05,2.1136,Experienced,31,Female,Yes,9.58,No,0,0,0,0,0,2,0,0,0,0,0,2,0,5,0,0,0,0,0,0,0,1,0,0,0,0,Experienced,TRUE,0,0.625,0
5cdf28,1,Clip38,2.8838,Experienced,31,Female,Yes,9.58,No,0,0,0,0,0,2,0,0,0,0,0,2,0,5,0,0,0,0,0,0,0,1,0,0,0,0,Experienced,TRUE,0,0.625,0
5cdf28,1,Clip13,5.6367,Experienced,31,Female,Yes,9.58,No,0,0,0,0,0,2,0,0,0,0,0,2,0,5,0,0,0,0,0,0,0,1,0,0,0,0,Experienced,TRUE,0,0.625,0
5cdf28,1,Clip31,2.1321,Experienced,31,Female,Yes,9.58,No,0,0,0,0,0,2,0,0,0,0,0,2,0,5,0,0,0,0,0,0,0,1,0,0,0,0,Experienced,TRUE,0,0.625,0
5cdf28,1,Clip27,6.7528,Experienced,31,Female,Yes,9.58,No,0,0,0,0,0,2,0,0,0,0,0,2,0,5,0,0,0,0,0,0,0,1,0,0,0,0,Experienced,TRUE,0,0.625,0
5cdf28,1,Clip23,1.6961,Experienced,31,Female,Yes,9.58,No,0,0,0,0,0,2,0,0,0,0,0,2,0,5,0,0,0,0,0,0,0,1,0,0,0,0,Experienced,TRUE,0,0.625,0
5da2e4,0,Clip21,15.3367,Experienced,32,Male,Yes,5.5,No,0,0,0,0,0,0,0,0,0,0,0,0,0,5,0,0,0,0,0,0,0,0,0,0,0,0,Experienced,TRUE,0,0,0
5da2e4,1,Clip35,3.4237,Experienced,32,Male,Yes,5.5,No,0,0,0,0,0,0,0,0,0,0,0,0,0,5,0,0,0,0,0,0,0,0,0,0,0,0,Experienced,TRUE,0,0,0
5da2e4,1,Clip23,5.3431,Experienced,32,Male,Yes,5.5,No,0,0,0,0,0,0,0,0,0,0,0,0,0,5,0,0,0,0,0,0,0,0,0,0,0,0,Experienced,TRUE,0,0,0
5da2e4,1,Clip10,5.1382,Experienced,32,Male,Yes,5.5,No,0,0,0,0,0,0,0,0,0,0,0,0,0,5,0,0,0,0,0,0,0,0,0,0,0,0,Experienced,TRUE,0,0,0
5da2e4,1,Clip17,7.6118,Experienced,32,Male,Yes,5.5,No,0,0,0,0,0,0,0,0,0,0,0,0,0,5,0,0,0,0,0,0,0,0,0,0,0,0,Experienced,TRUE,0,0,0
5da2e4,1,Clip07,31.3367,Experienced,32,Male,Yes,5.5,No,0,0,0,0,0,0,0,0,0,0,0,0,0,5,0,0,0,0,0,0,0,0,0,0,0,0,Experienced,TRUE,0,0,0
5da2e4,1,Clip26,3.7893,Experienced,32,Male,Yes,5.5,No,0,0,0,0,0,0,0,0,0,0,0,0,0,5,0,0,0,0,0,0,0,0,0,0,0,0,Experienced,TRUE,0,0,0
5da2e4,1,Clip19,3.8857,Experienced,32,Male,Yes,5.5,No,0,0,0,0,0,0,0,0,0,0,0,0,0,5,0,0,0,0,0,0,0,0,0,0,0,0,Experienced,TRUE,0,0,0
5da2e4,1,Clip01,4.2706,Experienced,32,Male,Yes,5.5,No,0,0,0,0,0,0,0,0,0,0,0,0,0,5,0,0,0,0,0,0,0,0,0,0,0,0,Experienced,TRUE,0,0,0
5da2e4,1,Clip36,4.1151,Experienced,32,Male,Yes,5.5,No,0,0,0,0,0,0,0,0,0,0,0,0,0,5,0,0,0,0,0,0,0,0,0,0,0,0,Experienced,TRUE,0,0,0
5da2e4,0,Clip38,7.959,Experienced,32,Male,Yes,5.5,No,0,0,0,0,0,0,0,0,0,0,0,0,0,5,0,0,0,0,0,0,0,0,0,0,0,0,Experienced,TRUE,0,0,0
5da2e4,0,Clip32,4.3893,Experienced,32,Male,Yes,5.5,No,0,0,0,0,0,0,0,0,0,0,0,0,0,5,0,0,0,0,0,0,0,0,0,0,0,0,Experienced,TRUE,0,0,0
5da2e4,1,Clip24,4.7945,Experienced,32,Male,Yes,5.5,No,0,0,0,0,0,0,0,0,0,0,0,0,0,5,0,0,0,0,0,0,0,0,0,0,0,0,Experienced,TRUE,0,0,0
5da2e4,1,Clip29,4.7574,Experienced,32,Male,Yes,5.5,No,0,0,0,0,0,0,0,0,0,0,0,0,0,5,0,0,0,0,0,0,0,0,0,0,0,0,Experienced,TRUE,0,0,0
5da2e4,1,Clip34,31.4711,Experienced,32,Male,Yes,5.5,No,0,0,0,0,0,0,0,0,0,0,0,0,0,5,0,0,0,0,0,0,0,0,0,0,0,0,Experienced,TRUE,0,0,0
5da2e4,1,Clip16,5.4547,Experienced,32,Male,Yes,5.5,No,0,0,0,0,0,0,0,0,0,0,0,0,0,5,0,0,0,0,0,0,0,0,0,0,0,0,Experienced,TRUE,0,0,0
5da2e4,1,Clip28,6.529,Experienced,32,Male,Yes,5.5,No,0,0,0,0,0,0,0,0,0,0,0,0,0,5,0,0,0,0,0,0,0,0,0,0,0,0,Experienced,TRUE,0,0,0
5da2e4,1,Clip20,5.1571,Experienced,32,Male,Yes,5.5,No,0,0,0,0,0,0,0,0,0,0,0,0,0,5,0,0,0,0,0,0,0,0,0,0,0,0,Experienced,TRUE,0,0,0
5da2e4,1,Clip33,3.7859,Experienced,32,Male,Yes,5.5,No,0,0,0,0,0,0,0,0,0,0,0,0,0,5,0,0,0,0,0,0,0,0,0,0,0,0,Experienced,TRUE,0,0,0
5da2e4,1,Clip12,5.677,Experienced,32,Male,Yes,5.5,No,0,0,0,0,0,0,0,0,0,0,0,0,0,5,0,0,0,0,0,0,0,0,0,0,0,0,Experienced,TRUE,0,0,0
5da2e4,1,Clip40,2.8585,Experienced,32,Male,Yes,5.5,No,0,0,0,0,0,0,0,0,0,0,0,0,0,5,0,0,0,0,0,0,0,0,0,0,0,0,Experienced,TRUE,0,0,0
5da2e4,1,Clip18,10.5166,Experienced,32,Male,Yes,5.5,No,0,0,0,0,0,0,0,0,0,0,0,0,0,5,0,0,0,0,0,0,0,0,0,0,0,0,Experienced,TRUE,0,0,0
5da2e4,1,Clip09,18.2688,Experienced,32,Male,Yes,5.5,No,0,0,0,0,0,0,0,0,0,0,0,0,0,5,0,0,0,0,0,0,0,0,0,0,0,0,Experienced,TRUE,0,0,0
5da2e4,1,Clip11,10.9952,Experienced,32,Male,Yes,5.5,No,0,0,0,0,0,0,0,0,0,0,0,0,0,5,0,0,0,0,0,0,0,0,0,0,0,0,Experienced,TRUE,0,0,0
5da2e4,1,Clip15,3.4681,Experienced,32,Male,Yes,5.5,No,0,0,0,0,0,0,0,0,0,0,0,0,0,5,0,0,0,0,0,0,0,0,0,0,0,0,Experienced,TRUE,0,0,0
5da2e4,1,Clip14,7.0368,Experienced,32,Male,Yes,5.5,No,0,0,0,0,0,0,0,0,0,0,0,0,0,5,0,0,0,0,0,0,0,0,0,0,0,0,Experienced,TRUE,0,0,0
5da2e4,1,Clip25,9.5218,Experienced,32,Male,Yes,5.5,No,0,0,0,0,0,0,0,0,0,0,0,0,0,5,0,0,0,0,0,0,0,0,0,0,0,0,Experienced,TRUE,0,0,0
5da2e4,1,Clip05,5.26,Experienced,32,Male,Yes,5.5,No,0,0,0,0,0,0,0,0,0,0,0,0,0,5,0,0,0,0,0,0,0,0,0,0,0,0,Experienced,TRUE,0,0,0
5da2e4,1,Clip31,5.7031,Experienced,32,Male,Yes,5.5,No,0,0,0,0,0,0,0,0,0,0,0,0,0,5,0,0,0,0,0,0,0,0,0,0,0,0,Experienced,TRUE,0,0,0
5da2e4,1,Clip30,4.9077,Experienced,32,Male,Yes,5.5,No,0,0,0,0,0,0,0,0,0,0,0,0,0,5,0,0,0,0,0,0,0,0,0,0,0,0,Experienced,TRUE,0,0,0
5da2e4,1,Clip37,7.7607,Experienced,32,Male,Yes,5.5,No,0,0,0,0,0,0,0,0,0,0,0,0,0,5,0,0,0,0,0,0,0,0,0,0,0,0,Experienced,TRUE,0,0,0
5da2e4,1,Clip27,5.1467,Experienced,32,Male,Yes,5.5,No,0,0,0,0,0,0,0,0,0,0,0,0,0,5,0,0,0,0,0,0,0,0,0,0,0,0,Experienced,TRUE,0,0,0
5da2e4,1,Clip02,4.142,Experienced,32,Male,Yes,5.5,No,0,0,0,0,0,0,0,0,0,0,0,0,0,5,0,0,0,0,0,0,0,0,0,0,0,0,Experienced,TRUE,0,0,0
5da2e4,1,Clip08,10.1174,Experienced,32,Male,Yes,5.5,No,0,0,0,0,0,0,0,0,0,0,0,0,0,5,0,0,0,0,0,0,0,0,0,0,0,0,Experienced,TRUE,0,0,0
5da2e4,1,Clip04,3.0594,Experienced,32,Male,Yes,5.5,No,0,0,0,0,0,0,0,0,0,0,0,0,0,5,0,0,0,0,0,0,0,0,0,0,0,0,Experienced,TRUE,0,0,0
5da2e4,1,Clip39,67.5141,Experienced,32,Male,Yes,5.5,No,0,0,0,0,0,0,0,0,0,0,0,0,0,5,0,0,0,0,0,0,0,0,0,0,0,0,Experienced,TRUE,0,0,0
5da2e4,1,Clip03,5.3771,Experienced,32,Male,Yes,5.5,No,0,0,0,0,0,0,0,0,0,0,0,0,0,5,0,0,0,0,0,0,0,0,0,0,0,0,Experienced,TRUE,0,0,0
5da2e4,1,Clip22,14.0452,Experienced,32,Male,Yes,5.5,No,0,0,0,0,0,0,0,0,0,0,0,0,0,5,0,0,0,0,0,0,0,0,0,0,0,0,Experienced,TRUE,0,0,0
5da2e4,1,Clip06,3.2077,Experienced,32,Male,Yes,5.5,No,0,0,0,0,0,0,0,0,0,0,0,0,0,5,0,0,0,0,0,0,0,0,0,0,0,0,Experienced,TRUE,0,0,0
5da2e4,1,Clip13,5.491,Experienced,32,Male,Yes,5.5,No,0,0,0,0,0,0,0,0,0,0,0,0,0,5,0,0,0,0,0,0,0,0,0,0,0,0,Experienced,TRUE,0,0,0
5fafcc,1,Clip14,2.6174,Experienced,51,Male,Yes,31,No,0,0,1,0,1,3,2,1,1,1,0,1,0,5,1,1,0,0,0,0,1,1,0,0,0,0,Experienced,TRUE,0.375,1.125,0.285714286
5fafcc,1,Clip19,2.7687,Experienced,51,Male,Yes,31,No,0,0,1,0,1,3,2,1,1,1,0,1,0,5,1,1,0,0,0,0,1,1,0,0,0,0,Experienced,TRUE,0.375,1.125,0.285714286
5fafcc,1,Clip17,5.7245,Experienced,51,Male,Yes,31,No,0,0,1,0,1,3,2,1,1,1,0,1,0,5,1,1,0,0,0,0,1,1,0,0,0,0,Experienced,TRUE,0.375,1.125,0.285714286
5fafcc,0,Clip34,8.0916,Experienced,51,Male,Yes,31,No,0,0,1,0,1,3,2,1,1,1,0,1,0,5,1,1,0,0,0,0,1,1,0,0,0,0,Experienced,TRUE,0.375,1.125,0.285714286
5fafcc,1,Clip33,2.8769,Experienced,51,Male,Yes,31,No,0,0,1,0,1,3,2,1,1,1,0,1,0,5,1,1,0,0,0,0,1,1,0,0,0,0,Experienced,TRUE,0.375,1.125,0.285714286
5fafcc,1,Clip27,3.78,Experienced,51,Male,Yes,31,No,0,0,1,0,1,3,2,1,1,1,0,1,0,5,1,1,0,0,0,0,1,1,0,0,0,0,Experienced,TRUE,0.375,1.125,0.285714286
5fafcc,1,Clip39,2.7934,Experienced,51,Male,Yes,31,No,0,0,1,0,1,3,2,1,1,1,0,1,0,5,1,1,0,0,0,0,1,1,0,0,0,0,Experienced,TRUE,0.375,1.125,0.285714286
5fafcc,1,Clip01,4.4116,Experienced,51,Male,Yes,31,No,0,0,1,0,1,3,2,1,1,1,0,1,0,5,1,1,0,0,0,0,1,1,0,0,0,0,Experienced,TRUE,0.375,1.125,0.285714286
5fafcc,0,Clip25,6.7224,Experienced,51,Male,Yes,31,No,0,0,1,0,1,3,2,1,1,1,0,1,0,5,1,1,0,0,0,0,1,1,0,0,0,0,Experienced,TRUE,0.375,1.125,0.285714286
5fafcc,1,Clip38,6.9665,Experienced,51,Male,Yes,31,No,0,0,1,0,1,3,2,1,1,1,0,1,0,5,1,1,0,0,0,0,1,1,0,0,0,0,Experienced,TRUE,0.375,1.125,0.285714286
5fafcc,1,Clip13,6.0207,Experienced,51,Male,Yes,31,No,0,0,1,0,1,3,2,1,1,1,0,1,0,5,1,1,0,0,0,0,1,1,0,0,0,0,Experienced,TRUE,0.375,1.125,0.285714286
5fafcc,1,Clip07,5.2567,Experienced,51,Male,Yes,31,No,0,0,1,0,1,3,2,1,1,1,0,1,0,5,1,1,0,0,0,0,1,1,0,0,0,0,Experienced,TRUE,0.375,1.125,0.285714286
5fafcc,1,Clip28,11.2881,Experienced,51,Male,Yes,31,No,0,0,1,0,1,3,2,1,1,1,0,1,0,5,1,1,0,0,0,0,1,1,0,0,0,0,Experienced,TRUE,0.375,1.125,0.285714286
5fafcc,1,Clip02,2.7594,Experienced,51,Male,Yes,31,No,0,0,1,0,1,3,2,1,1,1,0,1,0,5,1,1,0,0,0,0,1,1,0,0,0,0,Experienced,TRUE,0.375,1.125,0.285714286
5fafcc,1,Clip04,2.5425,Experienced,51,Male,Yes,31,No,0,0,1,0,1,3,2,1,1,1,0,1,0,5,1,1,0,0,0,0,1,1,0,0,0,0,Experienced,TRUE,0.375,1.125,0.285714286
5fafcc,0,Clip08,11.2757,Experienced,51,Male,Yes,31,No,0,0,1,0,1,3,2,1,1,1,0,1,0,5,1,1,0,0,0,0,1,1,0,0,0,0,Experienced,TRUE,0.375,1.125,0.285714286
5fafcc,1,Clip12,4.0765,Experienced,51,Male,Yes,31,No,0,0,1,0,1,3,2,1,1,1,0,1,0,5,1,1,0,0,0,0,1,1,0,0,0,0,Experienced,TRUE,0.375,1.125,0.285714286
5fafcc,1,Clip30,3.2784,Experienced,51,Male,Yes,31,No,0,0,1,0,1,3,2,1,1,1,0,1,0,5,1,1,0,0,0,0,1,1,0,0,0,0,Experienced,TRUE,0.375,1.125,0.285714286
5fafcc,0,Clip36,3.2212,Experienced,51,Male,Yes,31,No,0,0,1,0,1,3,2,1,1,1,0,1,0,5,1,1,0,0,0,0,1,1,0,0,0,0,Experienced,TRUE,0.375,1.125,0.285714286
5fafcc,1,Clip23,2.0946,Experienced,51,Male,Yes,31,No,0,0,1,0,1,3,2,1,1,1,0,1,0,5,1,1,0,0,0,0,1,1,0,0,0,0,Experienced,TRUE,0.375,1.125,0.285714286
5fafcc,0,Clip06,2.2354,Experienced,51,Male,Yes,31,No,0,0,1,0,1,3,2,1,1,1,0,1,0,5,1,1,0,0,0,0,1,1,0,0,0,0,Experienced,TRUE,0.375,1.125,0.285714286
5fafcc,1,Clip37,2.5533,Experienced,51,Male,Yes,31,No,0,0,1,0,1,3,2,1,1,1,0,1,0,5,1,1,0,0,0,0,1,1,0,0,0,0,Experienced,TRUE,0.375,1.125,0.285714286
5fafcc,1,Clip11,2.7785,Experienced,51,Male,Yes,31,No,0,0,1,0,1,3,2,1,1,1,0,1,0,5,1,1,0,0,0,0,1,1,0,0,0,0,Experienced,TRUE,0.375,1.125,0.285714286
5fafcc,1,Clip29,3.8867,Experienced,51,Male,Yes,31,No,0,0,1,0,1,3,2,1,1,1,0,1,0,5,1,1,0,0,0,0,1,1,0,0,0,0,Experienced,TRUE,0.375,1.125,0.285714286
5fafcc,0,Clip22,4.7986,Experienced,51,Male,Yes,31,No,0,0,1,0,1,3,2,1,1,1,0,1,0,5,1,1,0,0,0,0,1,1,0,0,0,0,Experienced,TRUE,0.375,1.125,0.285714286
5fafcc,1,Clip09,2.8226,Experienced,51,Male,Yes,31,No,0,0,1,0,1,3,2,1,1,1,0,1,0,5,1,1,0,0,0,0,1,1,0,0,0,0,Experienced,TRUE,0.375,1.125,0.285714286
5fafcc,0,Clip20,12.0464,Experienced,51,Male,Yes,31,No,0,0,1,0,1,3,2,1,1,1,0,1,0,5,1,1,0,0,0,0,1,1,0,0,0,0,Experienced,TRUE,0.375,1.125,0.285714286
5fafcc,1,Clip26,2.181,Experienced,51,Male,Yes,31,No,0,0,1,0,1,3,2,1,1,1,0,1,0,5,1,1,0,0,0,0,1,1,0,0,0,0,Experienced,TRUE,0.375,1.125,0.285714286
5fafcc,1,Clip40,3.6051,Experienced,51,Male,Yes,31,No,0,0,1,0,1,3,2,1,1,1,0,1,0,5,1,1,0,0,0,0,1,1,0,0,0,0,Experienced,TRUE,0.375,1.125,0.285714286
5fafcc,0,Clip03,6.2447,Experienced,51,Male,Yes,31,No,0,0,1,0,1,3,2,1,1,1,0,1,0,5,1,1,0,0,0,0,1,1,0,0,0,0,Experienced,TRUE,0.375,1.125,0.285714286
5fafcc,1,Clip35,5.7988,Experienced,51,Male,Yes,31,No,0,0,1,0,1,3,2,1,1,1,0,1,0,5,1,1,0,0,0,0,1,1,0,0,0,0,Experienced,TRUE,0.375,1.125,0.285714286
5fafcc,1,Clip10,2.6621,Experienced,51,Male,Yes,31,No,0,0,1,0,1,3,2,1,1,1,0,1,0,5,1,1,0,0,0,0,1,1,0,0,0,0,Experienced,TRUE,0.375,1.125,0.285714286
5fafcc,0,Clip05,3.319,Experienced,51,Male,Yes,31,No,0,0,1,0,1,3,2,1,1,1,0,1,0,5,1,1,0,0,0,0,1,1,0,0,0,0,Experienced,TRUE,0.375,1.125,0.285714286
5fafcc,1,Clip21,10.9437,Experienced,51,Male,Yes,31,No,0,0,1,0,1,3,2,1,1,1,0,1,0,5,1,1,0,0,0,0,1,1,0,0,0,0,Experienced,TRUE,0.375,1.125,0.285714286
5fafcc,1,Clip16,5.9251,Experienced,51,Male,Yes,31,No,0,0,1,0,1,3,2,1,1,1,0,1,0,5,1,1,0,0,0,0,1,1,0,0,0,0,Experienced,TRUE,0.375,1.125,0.285714286
5fafcc,1,Clip15,2.1103,Experienced,51,Male,Yes,31,No,0,0,1,0,1,3,2,1,1,1,0,1,0,5,1,1,0,0,0,0,1,1,0,0,0,0,Experienced,TRUE,0.375,1.125,0.285714286
5fafcc,0,Clip32,2.4017,Experienced,51,Male,Yes,31,No,0,0,1,0,1,3,2,1,1,1,0,1,0,5,1,1,0,0,0,0,1,1,0,0,0,0,Experienced,TRUE,0.375,1.125,0.285714286
5fafcc,0,Clip24,3.4556,Experienced,51,Male,Yes,31,No,0,0,1,0,1,3,2,1,1,1,0,1,0,5,1,1,0,0,0,0,1,1,0,0,0,0,Experienced,TRUE,0.375,1.125,0.285714286
5fafcc,1,Clip31,2.5604,Experienced,51,Male,Yes,31,No,0,0,1,0,1,3,2,1,1,1,0,1,0,5,1,1,0,0,0,0,1,1,0,0,0,0,Experienced,TRUE,0.375,1.125,0.285714286
5fafcc,1,Clip18,5.2395,Experienced,51,Male,Yes,31,No,0,0,1,0,1,3,2,1,1,1,0,1,0,5,1,1,0,0,0,0,1,1,0,0,0,0,Experienced,TRUE,0.375,1.125,0.285714286
6369ac,1,Clip37,6.9781,Experienced,50,Male,Yes,29,No,0,0,2,2,0,1,0,1,2,0,1,2,2,5,1,1,0,1,1,0,0,2,0,0,0,0,Experienced,TRUE,0.25,0.75,1.428571429
6369ac,1,Clip25,21.8625,Experienced,50,Male,Yes,29,No,0,0,2,2,0,1,0,1,2,0,1,2,2,5,1,1,0,1,1,0,0,2,0,0,0,0,Experienced,TRUE,0.25,0.75,1.428571429
6369ac,1,Clip15,3.7072,Experienced,50,Male,Yes,29,No,0,0,2,2,0,1,0,1,2,0,1,2,2,5,1,1,0,1,1,0,0,2,0,0,0,0,Experienced,TRUE,0.25,0.75,1.428571429
6369ac,1,Clip30,5.5385,Experienced,50,Male,Yes,29,No,0,0,2,2,0,1,0,1,2,0,1,2,2,5,1,1,0,1,1,0,0,2,0,0,0,0,Experienced,TRUE,0.25,0.75,1.428571429
6369ac,1,Clip09,9.5153,Experienced,50,Male,Yes,29,No,0,0,2,2,0,1,0,1,2,0,1,2,2,5,1,1,0,1,1,0,0,2,0,0,0,0,Experienced,TRUE,0.25,0.75,1.428571429
6369ac,1,Clip08,4.3127,Experienced,50,Male,Yes,29,No,0,0,2,2,0,1,0,1,2,0,1,2,2,5,1,1,0,1,1,0,0,2,0,0,0,0,Experienced,TRUE,0.25,0.75,1.428571429
6369ac,0,Clip20,23.7897,Experienced,50,Male,Yes,29,No,0,0,2,2,0,1,0,1,2,0,1,2,2,5,1,1,0,1,1,0,0,2,0,0,0,0,Experienced,TRUE,0.25,0.75,1.428571429
6369ac,1,Clip06,4.2641,Experienced,50,Male,Yes,29,No,0,0,2,2,0,1,0,1,2,0,1,2,2,5,1,1,0,1,1,0,0,2,0,0,0,0,Experienced,TRUE,0.25,0.75,1.428571429
6369ac,0,Clip16,18.8314,Experienced,50,Male,Yes,29,No,0,0,2,2,0,1,0,1,2,0,1,2,2,5,1,1,0,1,1,0,0,2,0,0,0,0,Experienced,TRUE,0.25,0.75,1.428571429
6369ac,1,Clip31,2.4775,Experienced,50,Male,Yes,29,No,0,0,2,2,0,1,0,1,2,0,1,2,2,5,1,1,0,1,1,0,0,2,0,0,0,0,Experienced,TRUE,0.25,0.75,1.428571429
6369ac,1,Clip22,14.8582,Experienced,50,Male,Yes,29,No,0,0,2,2,0,1,0,1,2,0,1,2,2,5,1,1,0,1,1,0,0,2,0,0,0,0,Experienced,TRUE,0.25,0.75,1.428571429
6369ac,1,Clip10,14.0011,Experienced,50,Male,Yes,29,No,0,0,2,2,0,1,0,1,2,0,1,2,2,5,1,1,0,1,1,0,0,2,0,0,0,0,Experienced,TRUE,0.25,0.75,1.428571429
6369ac,1,Clip01,21.1716,Experienced,50,Male,Yes,29,No,0,0,2,2,0,1,0,1,2,0,1,2,2,5,1,1,0,1,1,0,0,2,0,0,0,0,Experienced,TRUE,0.25,0.75,1.428571429
6369ac,1,Clip36,59.5602,Experienced,50,Male,Yes,29,No,0,0,2,2,0,1,0,1,2,0,1,2,2,5,1,1,0,1,1,0,0,2,0,0,0,0,Experienced,TRUE,0.25,0.75,1.428571429
6369ac,1,Clip12,7.2702,Experienced,50,Male,Yes,29,No,0,0,2,2,0,1,0,1,2,0,1,2,2,5,1,1,0,1,1,0,0,2,0,0,0,0,Experienced,TRUE,0.25,0.75,1.428571429
6369ac,0,Clip03,15.2323,Experienced,50,Male,Yes,29,No,0,0,2,2,0,1,0,1,2,0,1,2,2,5,1,1,0,1,1,0,0,2,0,0,0,0,Experienced,TRUE,0.25,0.75,1.428571429
6369ac,1,Clip35,3.1609,Experienced,50,Male,Yes,29,No,0,0,2,2,0,1,0,1,2,0,1,2,2,5,1,1,0,1,1,0,0,2,0,0,0,0,Experienced,TRUE,0.25,0.75,1.428571429
6369ac,0,Clip24,5.0238,Experienced,50,Male,Yes,29,No,0,0,2,2,0,1,0,1,2,0,1,2,2,5,1,1,0,1,1,0,0,2,0,0,0,0,Experienced,TRUE,0.25,0.75,1.428571429
6369ac,1,Clip38,3.0083,Experienced,50,Male,Yes,29,No,0,0,2,2,0,1,0,1,2,0,1,2,2,5,1,1,0,1,1,0,0,2,0,0,0,0,Experienced,TRUE,0.25,0.75,1.428571429
6369ac,1,Clip23,2.7788,Experienced,50,Male,Yes,29,No,0,0,2,2,0,1,0,1,2,0,1,2,2,5,1,1,0,1,1,0,0,2,0,0,0,0,Experienced,TRUE,0.25,0.75,1.428571429
6369ac,1,Clip40,7.5028,Experienced,50,Male,Yes,29,No,0,0,2,2,0,1,0,1,2,0,1,2,2,5,1,1,0,1,1,0,0,2,0,0,0,0,Experienced,TRUE,0.25,0.75,1.428571429
6369ac,1,Clip02,3.3256,Experienced,50,Male,Yes,29,No,0,0,2,2,0,1,0,1,2,0,1,2,2,5,1,1,0,1,1,0,0,2,0,0,0,0,Experienced,TRUE,0.25,0.75,1.428571429
6369ac,0,Clip34,33.6494,Experienced,50,Male,Yes,29,No,0,0,2,2,0,1,0,1,2,0,1,2,2,5,1,1,0,1,1,0,0,2,0,0,0,0,Experienced,TRUE,0.25,0.75,1.428571429
6369ac,1,Clip04,4.0238,Experienced,50,Male,Yes,29,No,0,0,2,2,0,1,0,1,2,0,1,2,2,5,1,1,0,1,1,0,0,2,0,0,0,0,Experienced,TRUE,0.25,0.75,1.428571429
6369ac,0,Clip21,12.3022,Experienced,50,Male,Yes,29,No,0,0,2,2,0,1,0,1,2,0,1,2,2,5,1,1,0,1,1,0,0,2,0,0,0,0,Experienced,TRUE,0.25,0.75,1.428571429
6369ac,1,Clip05,4.4322,Experienced,50,Male,Yes,29,No,0,0,2,2,0,1,0,1,2,0,1,2,2,5,1,1,0,1,1,0,0,2,0,0,0,0,Experienced,TRUE,0.25,0.75,1.428571429
6369ac,1,Clip07,10.9009,Experienced,50,Male,Yes,29,No,0,0,2,2,0,1,0,1,2,0,1,2,2,5,1,1,0,1,1,0,0,2,0,0,0,0,Experienced,TRUE,0.25,0.75,1.428571429
6369ac,1,Clip14,2.7164,Experienced,50,Male,Yes,29,No,0,0,2,2,0,1,0,1,2,0,1,2,2,5,1,1,0,1,1,0,0,2,0,0,0,0,Experienced,TRUE,0.25,0.75,1.428571429
6369ac,0,Clip33,10.9084,Experienced,50,Male,Yes,29,No,0,0,2,2,0,1,0,1,2,0,1,2,2,5,1,1,0,1,1,0,0,2,0,0,0,0,Experienced,TRUE,0.25,0.75,1.428571429
6369ac,0,Clip32,3.6376,Experienced,50,Male,Yes,29,No,0,0,2,2,0,1,0,1,2,0,1,2,2,5,1,1,0,1,1,0,0,2,0,0,0,0,Experienced,TRUE,0.25,0.75,1.428571429
6369ac,1,Clip28,3.4275,Experienced,50,Male,Yes,29,No,0,0,2,2,0,1,0,1,2,0,1,2,2,5,1,1,0,1,1,0,0,2,0,0,0,0,Experienced,TRUE,0.25,0.75,1.428571429
6369ac,1,Clip18,18.0898,Experienced,50,Male,Yes,29,No,0,0,2,2,0,1,0,1,2,0,1,2,2,5,1,1,0,1,1,0,0,2,0,0,0,0,Experienced,TRUE,0.25,0.75,1.428571429
6369ac,1,Clip27,4.7568,Experienced,50,Male,Yes,29,No,0,0,2,2,0,1,0,1,2,0,1,2,2,5,1,1,0,1,1,0,0,2,0,0,0,0,Experienced,TRUE,0.25,0.75,1.428571429
6369ac,1,Clip13,22.9566,Experienced,50,Male,Yes,29,No,0,0,2,2,0,1,0,1,2,0,1,2,2,5,1,1,0,1,1,0,0,2,0,0,0,0,Experienced,TRUE,0.25,0.75,1.428571429
6369ac,1,Clip39,6.9162,Experienced,50,Male,Yes,29,No,0,0,2,2,0,1,0,1,2,0,1,2,2,5,1,1,0,1,1,0,0,2,0,0,0,0,Experienced,TRUE,0.25,0.75,1.428571429
6369ac,1,Clip19,3.2476,Experienced,50,Male,Yes,29,No,0,0,2,2,0,1,0,1,2,0,1,2,2,5,1,1,0,1,1,0,0,2,0,0,0,0,Experienced,TRUE,0.25,0.75,1.428571429
6369ac,1,Clip17,35.8763,Experienced,50,Male,Yes,29,No,0,0,2,2,0,1,0,1,2,0,1,2,2,5,1,1,0,1,1,0,0,2,0,0,0,0,Experienced,TRUE,0.25,0.75,1.428571429
6369ac,1,Clip26,3.019,Experienced,50,Male,Yes,29,No,0,0,2,2,0,1,0,1,2,0,1,2,2,5,1,1,0,1,1,0,0,2,0,0,0,0,Experienced,TRUE,0.25,0.75,1.428571429
6369ac,0,Clip11,10.9909,Experienced,50,Male,Yes,29,No,0,0,2,2,0,1,0,1,2,0,1,2,2,5,1,1,0,1,1,0,0,2,0,0,0,0,Experienced,TRUE,0.25,0.75,1.428571429
6369ac,1,Clip29,4.2346,Experienced,50,Male,Yes,29,No,0,0,2,2,0,1,0,1,2,0,1,2,2,5,1,1,0,1,1,0,0,2,0,0,0,0,Experienced,TRUE,0.25,0.75,1.428571429
61366d,1,Clip18,4.3537,Experienced,41,Female,Yes,13,No,0,0,0,0,1,2,0,1,0,0,0,1,1,4,0,0,0,0,0,1,2,1,0,0,0,0,Experienced,TRUE,0.125,1,0.142857143
61366d,1,Clip03,4.1712,Experienced,41,Female,Yes,13,No,0,0,0,0,1,2,0,1,0,0,0,1,1,4,0,0,0,0,0,1,2,1,0,0,0,0,Experienced,TRUE,0.125,1,0.142857143
61366d,1,Clip15,5.8162,Experienced,41,Female,Yes,13,No,0,0,0,0,1,2,0,1,0,0,0,1,1,4,0,0,0,0,0,1,2,1,0,0,0,0,Experienced,TRUE,0.125,1,0.142857143
61366d,1,Clip07,11.2163,Experienced,41,Female,Yes,13,No,0,0,0,0,1,2,0,1,0,0,0,1,1,4,0,0,0,0,0,1,2,1,0,0,0,0,Experienced,TRUE,0.125,1,0.142857143
61366d,1,Clip31,2.997,Experienced,41,Female,Yes,13,No,0,0,0,0,1,2,0,1,0,0,0,1,1,4,0,0,0,0,0,1,2,1,0,0,0,0,Experienced,TRUE,0.125,1,0.142857143
61366d,1,Clip34,12.9379,Experienced,41,Female,Yes,13,No,0,0,0,0,1,2,0,1,0,0,0,1,1,4,0,0,0,0,0,1,2,1,0,0,0,0,Experienced,TRUE,0.125,1,0.142857143
61366d,1,Clip26,2.4391,Experienced,41,Female,Yes,13,No,0,0,0,0,1,2,0,1,0,0,0,1,1,4,0,0,0,0,0,1,2,1,0,0,0,0,Experienced,TRUE,0.125,1,0.142857143
61366d,1,Clip28,5.1915,Experienced,41,Female,Yes,13,No,0,0,0,0,1,2,0,1,0,0,0,1,1,4,0,0,0,0,0,1,2,1,0,0,0,0,Experienced,TRUE,0.125,1,0.142857143
61366d,0,Clip05,4.0957,Experienced,41,Female,Yes,13,No,0,0,0,0,1,2,0,1,0,0,0,1,1,4,0,0,0,0,0,1,2,1,0,0,0,0,Experienced,TRUE,0.125,1,0.142857143
61366d,1,Clip30,5.3465,Experienced,41,Female,Yes,13,No,0,0,0,0,1,2,0,1,0,0,0,1,1,4,0,0,0,0,0,1,2,1,0,0,0,0,Experienced,TRUE,0.125,1,0.142857143
61366d,1,Clip36,4.0154,Experienced,41,Female,Yes,13,No,0,0,0,0,1,2,0,1,0,0,0,1,1,4,0,0,0,0,0,1,2,1,0,0,0,0,Experienced,TRUE,0.125,1,0.142857143
61366d,1,Clip19,3.9442,Experienced,41,Female,Yes,13,No,0,0,0,0,1,2,0,1,0,0,0,1,1,4,0,0,0,0,0,1,2,1,0,0,0,0,Experienced,TRUE,0.125,1,0.142857143
61366d,1,Clip32,3.5932,Experienced,41,Female,Yes,13,No,0,0,0,0,1,2,0,1,0,0,0,1,1,4,0,0,0,0,0,1,2,1,0,0,0,0,Experienced,TRUE,0.125,1,0.142857143
61366d,0,Clip38,6.5988,Experienced,41,Female,Yes,13,No,0,0,0,0,1,2,0,1,0,0,0,1,1,4,0,0,0,0,0,1,2,1,0,0,0,0,Experienced,TRUE,0.125,1,0.142857143
61366d,1,Clip10,2.8973,Experienced,41,Female,Yes,13,No,0,0,0,0,1,2,0,1,0,0,0,1,1,4,0,0,0,0,0,1,2,1,0,0,0,0,Experienced,TRUE,0.125,1,0.142857143
61366d,1,Clip23,2.1647,Experienced,41,Female,Yes,13,No,0,0,0,0,1,2,0,1,0,0,0,1,1,4,0,0,0,0,0,1,2,1,0,0,0,0,Experienced,TRUE,0.125,1,0.142857143
61366d,1,Clip14,2.8946,Experienced,41,Female,Yes,13,No,0,0,0,0,1,2,0,1,0,0,0,1,1,4,0,0,0,0,0,1,2,1,0,0,0,0,Experienced,TRUE,0.125,1,0.142857143
61366d,1,Clip25,7.767,Experienced,41,Female,Yes,13,No,0,0,0,0,1,2,0,1,0,0,0,1,1,4,0,0,0,0,0,1,2,1,0,0,0,0,Experienced,TRUE,0.125,1,0.142857143
61366d,1,Clip11,2.8472,Experienced,41,Female,Yes,13,No,0,0,0,0,1,2,0,1,0,0,0,1,1,4,0,0,0,0,0,1,2,1,0,0,0,0,Experienced,TRUE,0.125,1,0.142857143
61366d,1,Clip04,3.3406,Experienced,41,Female,Yes,13,No,0,0,0,0,1,2,0,1,0,0,0,1,1,4,0,0,0,0,0,1,2,1,0,0,0,0,Experienced,TRUE,0.125,1,0.142857143
61366d,0,Clip09,6.6195,Experienced,41,Female,Yes,13,No,0,0,0,0,1,2,0,1,0,0,0,1,1,4,0,0,0,0,0,1,2,1,0,0,0,0,Experienced,TRUE,0.125,1,0.142857143
61366d,1,Clip22,2.8922,Experienced,41,Female,Yes,13,No,0,0,0,0,1,2,0,1,0,0,0,1,1,4,0,0,0,0,0,1,2,1,0,0,0,0,Experienced,TRUE,0.125,1,0.142857143
61366d,1,Clip02,2.3333,Experienced,41,Female,Yes,13,No,0,0,0,0,1,2,0,1,0,0,0,1,1,4,0,0,0,0,0,1,2,1,0,0,0,0,Experienced,TRUE,0.125,1,0.142857143
61366d,0,Clip20,9.2683,Experienced,41,Female,Yes,13,No,0,0,0,0,1,2,0,1,0,0,0,1,1,4,0,0,0,0,0,1,2,1,0,0,0,0,Experienced,TRUE,0.125,1,0.142857143
61366d,1,Clip06,3.7565,Experienced,41,Female,Yes,13,No,0,0,0,0,1,2,0,1,0,0,0,1,1,4,0,0,0,0,0,1,2,1,0,0,0,0,Experienced,TRUE,0.125,1,0.142857143
61366d,1,Clip39,5.4371,Experienced,41,Female,Yes,13,No,0,0,0,0,1,2,0,1,0,0,0,1,1,4,0,0,0,0,0,1,2,1,0,0,0,0,Experienced,TRUE,0.125,1,0.142857143
61366d,1,Clip08,9.8465,Experienced,41,Female,Yes,13,No,0,0,0,0,1,2,0,1,0,0,0,1,1,4,0,0,0,0,0,1,2,1,0,0,0,0,Experienced,TRUE,0.125,1,0.142857143
61366d,1,Clip13,6.5869,Experienced,41,Female,Yes,13,No,0,0,0,0,1,2,0,1,0,0,0,1,1,4,0,0,0,0,0,1,2,1,0,0,0,0,Experienced,TRUE,0.125,1,0.142857143
61366d,1,Clip16,4.8625,Experienced,41,Female,Yes,13,No,0,0,0,0,1,2,0,1,0,0,0,1,1,4,0,0,0,0,0,1,2,1,0,0,0,0,Experienced,TRUE,0.125,1,0.142857143
61366d,1,Clip27,4.0973,Experienced,41,Female,Yes,13,No,0,0,0,0,1,2,0,1,0,0,0,1,1,4,0,0,0,0,0,1,2,1,0,0,0,0,Experienced,TRUE,0.125,1,0.142857143
61366d,1,Clip17,4.8854,Experienced,41,Female,Yes,13,No,0,0,0,0,1,2,0,1,0,0,0,1,1,4,0,0,0,0,0,1,2,1,0,0,0,0,Experienced,TRUE,0.125,1,0.142857143
61366d,1,Clip35,7.3504,Experienced,41,Female,Yes,13,No,0,0,0,0,1,2,0,1,0,0,0,1,1,4,0,0,0,0,0,1,2,1,0,0,0,0,Experienced,TRUE,0.125,1,0.142857143
61366d,1,Clip33,2.923,Experienced,41,Female,Yes,13,No,0,0,0,0,1,2,0,1,0,0,0,1,1,4,0,0,0,0,0,1,2,1,0,0,0,0,Experienced,TRUE,0.125,1,0.142857143
61366d,1,Clip12,6.2559,Experienced,41,Female,Yes,13,No,0,0,0,0,1,2,0,1,0,0,0,1,1,4,0,0,0,0,0,1,2,1,0,0,0,0,Experienced,TRUE,0.125,1,0.142857143
61366d,1,Clip29,2.4056,Experienced,41,Female,Yes,13,No,0,0,0,0,1,2,0,1,0,0,0,1,1,4,0,0,0,0,0,1,2,1,0,0,0,0,Experienced,TRUE,0.125,1,0.142857143
61366d,1,Clip40,3.6978,Experienced,41,Female,Yes,13,No,0,0,0,0,1,2,0,1,0,0,0,1,1,4,0,0,0,0,0,1,2,1,0,0,0,0,Experienced,TRUE,0.125,1,0.142857143
61366d,0,Clip24,13.2998,Experienced,41,Female,Yes,13,No,0,0,0,0,1,2,0,1,0,0,0,1,1,4,0,0,0,0,0,1,2,1,0,0,0,0,Experienced,TRUE,0.125,1,0.142857143
61366d,1,Clip01,2.5639,Experienced,41,Female,Yes,13,No,0,0,0,0,1,2,0,1,0,0,0,1,1,4,0,0,0,0,0,1,2,1,0,0,0,0,Experienced,TRUE,0.125,1,0.142857143
61366d,1,Clip37,6.2115,Experienced,41,Female,Yes,13,No,0,0,0,0,1,2,0,1,0,0,0,1,1,4,0,0,0,0,0,1,2,1,0,0,0,0,Experienced,TRUE,0.125,1,0.142857143
61366d,0,Clip21,5.5196,Experienced,41,Female,Yes,13,No,0,0,0,0,1,2,0,1,0,0,0,1,1,4,0,0,0,0,0,1,2,1,0,0,0,0,Experienced,TRUE,0.125,1,0.142857143
609ed0,1,Clip04,3.4235,Experienced,38,Male,Yes,19,No,0,0,1,1,0,1,1,1,0,1,1,1,2,5,0,0,0,0,0,1,1,1,1,2,0,0,Experienced,TRUE,0.5,0.875,0.714285714
609ed0,0,Clip08,26.624,Experienced,38,Male,Yes,19,No,0,0,1,1,0,1,1,1,0,1,1,1,2,5,0,0,0,0,0,1,1,1,1,2,0,0,Experienced,TRUE,0.5,0.875,0.714285714
609ed0,0,Clip39,7.4996,Experienced,38,Male,Yes,19,No,0,0,1,1,0,1,1,1,0,1,1,1,2,5,0,0,0,0,0,1,1,1,1,2,0,0,Experienced,TRUE,0.5,0.875,0.714285714
609ed0,0,Clip03,11.0856,Experienced,38,Male,Yes,19,No,0,0,1,1,0,1,1,1,0,1,1,1,2,5,0,0,0,0,0,1,1,1,1,2,0,0,Experienced,TRUE,0.5,0.875,0.714285714
609ed0,1,Clip17,7.4108,Experienced,38,Male,Yes,19,No,0,0,1,1,0,1,1,1,0,1,1,1,2,5,0,0,0,0,0,1,1,1,1,2,0,0,Experienced,TRUE,0.5,0.875,0.714285714
609ed0,1,Clip12,6.9375,Experienced,38,Male,Yes,19,No,0,0,1,1,0,1,1,1,0,1,1,1,2,5,0,0,0,0,0,1,1,1,1,2,0,0,Experienced,TRUE,0.5,0.875,0.714285714
609ed0,0,Clip19,13.8472,Experienced,38,Male,Yes,19,No,0,0,1,1,0,1,1,1,0,1,1,1,2,5,0,0,0,0,0,1,1,1,1,2,0,0,Experienced,TRUE,0.5,0.875,0.714285714
609ed0,1,Clip26,3.2235,Experienced,38,Male,Yes,19,No,0,0,1,1,0,1,1,1,0,1,1,1,2,5,0,0,0,0,0,1,1,1,1,2,0,0,Experienced,TRUE,0.5,0.875,0.714285714
609ed0,1,Clip37,5.2444,Experienced,38,Male,Yes,19,No,0,0,1,1,0,1,1,1,0,1,1,1,2,5,0,0,0,0,0,1,1,1,1,2,0,0,Experienced,TRUE,0.5,0.875,0.714285714
609ed0,0,Clip14,139.6441,Experienced,38,Male,Yes,19,No,0,0,1,1,0,1,1,1,0,1,1,1,2,5,0,0,0,0,0,1,1,1,1,2,0,0,Experienced,TRUE,0.5,0.875,0.714285714
609ed0,0,Clip21,4.8872,Experienced,38,Male,Yes,19,No,0,0,1,1,0,1,1,1,0,1,1,1,2,5,0,0,0,0,0,1,1,1,1,2,0,0,Experienced,TRUE,0.5,0.875,0.714285714
609ed0,0,Clip15,11.1075,Experienced,38,Male,Yes,19,No,0,0,1,1,0,1,1,1,0,1,1,1,2,5,0,0,0,0,0,1,1,1,1,2,0,0,Experienced,TRUE,0.5,0.875,0.714285714
609ed0,1,Clip13,6.618,Experienced,38,Male,Yes,19,No,0,0,1,1,0,1,1,1,0,1,1,1,2,5,0,0,0,0,0,1,1,1,1,2,0,0,Experienced,TRUE,0.5,0.875,0.714285714
609ed0,1,Clip01,4.4909,Experienced,38,Male,Yes,19,No,0,0,1,1,0,1,1,1,0,1,1,1,2,5,0,0,0,0,0,1,1,1,1,2,0,0,Experienced,TRUE,0.5,0.875,0.714285714
609ed0,1,Clip18,6.9435,Experienced,38,Male,Yes,19,No,0,0,1,1,0,1,1,1,0,1,1,1,2,5,0,0,0,0,0,1,1,1,1,2,0,0,Experienced,TRUE,0.5,0.875,0.714285714
609ed0,1,Clip36,6.6126,Experienced,38,Male,Yes,19,No,0,0,1,1,0,1,1,1,0,1,1,1,2,5,0,0,0,0,0,1,1,1,1,2,0,0,Experienced,TRUE,0.5,0.875,0.714285714
609ed0,1,Clip20,2.9543,Experienced,38,Male,Yes,19,No,0,0,1,1,0,1,1,1,0,1,1,1,2,5,0,0,0,0,0,1,1,1,1,2,0,0,Experienced,TRUE,0.5,0.875,0.714285714
609ed0,0,Clip11,31.1887,Experienced,38,Male,Yes,19,No,0,0,1,1,0,1,1,1,0,1,1,1,2,5,0,0,0,0,0,1,1,1,1,2,0,0,Experienced,TRUE,0.5,0.875,0.714285714
609ed0,1,Clip05,5.9777,Experienced,38,Male,Yes,19,No,0,0,1,1,0,1,1,1,0,1,1,1,2,5,0,0,0,0,0,1,1,1,1,2,0,0,Experienced,TRUE,0.5,0.875,0.714285714
609ed0,1,Clip02,4.6924,Experienced,38,Male,Yes,19,No,0,0,1,1,0,1,1,1,0,1,1,1,2,5,0,0,0,0,0,1,1,1,1,2,0,0,Experienced,TRUE,0.5,0.875,0.714285714
609ed0,1,Clip30,3.3354,Experienced,38,Male,Yes,19,No,0,0,1,1,0,1,1,1,0,1,1,1,2,5,0,0,0,0,0,1,1,1,1,2,0,0,Experienced,TRUE,0.5,0.875,0.714285714
609ed0,1,Clip32,5.4468,Experienced,38,Male,Yes,19,No,0,0,1,1,0,1,1,1,0,1,1,1,2,5,0,0,0,0,0,1,1,1,1,2,0,0,Experienced,TRUE,0.5,0.875,0.714285714
609ed0,0,Clip27,4.7945,Experienced,38,Male,Yes,19,No,0,0,1,1,0,1,1,1,0,1,1,1,2,5,0,0,0,0,0,1,1,1,1,2,0,0,Experienced,TRUE,0.5,0.875,0.714285714
609ed0,1,Clip33,3.1089,Experienced,38,Male,Yes,19,No,0,0,1,1,0,1,1,1,0,1,1,1,2,5,0,0,0,0,0,1,1,1,1,2,0,0,Experienced,TRUE,0.5,0.875,0.714285714
609ed0,0,Clip23,10.6162,Experienced,38,Male,Yes,19,No,0,0,1,1,0,1,1,1,0,1,1,1,2,5,0,0,0,0,0,1,1,1,1,2,0,0,Experienced,TRUE,0.5,0.875,0.714285714
609ed0,1,Clip07,5.7621,Experienced,38,Male,Yes,19,No,0,0,1,1,0,1,1,1,0,1,1,1,2,5,0,0,0,0,0,1,1,1,1,2,0,0,Experienced,TRUE,0.5,0.875,0.714285714
609ed0,1,Clip29,60.6781,Experienced,38,Male,Yes,19,No,0,0,1,1,0,1,1,1,0,1,1,1,2,5,0,0,0,0,0,1,1,1,1,2,0,0,Experienced,TRUE,0.5,0.875,0.714285714
609ed0,0,Clip38,42.1034,Experienced,38,Male,Yes,19,No,0,0,1,1,0,1,1,1,0,1,1,1,2,5,0,0,0,0,0,1,1,1,1,2,0,0,Experienced,TRUE,0.5,0.875,0.714285714
609ed0,0,Clip24,7.3846,Experienced,38,Male,Yes,19,No,0,0,1,1,0,1,1,1,0,1,1,1,2,5,0,0,0,0,0,1,1,1,1,2,0,0,Experienced,TRUE,0.5,0.875,0.714285714
609ed0,1,Clip34,40.0572,Experienced,38,Male,Yes,19,No,0,0,1,1,0,1,1,1,0,1,1,1,2,5,0,0,0,0,0,1,1,1,1,2,0,0,Experienced,TRUE,0.5,0.875,0.714285714
609ed0,0,Clip35,10.4944,Experienced,38,Male,Yes,19,No,0,0,1,1,0,1,1,1,0,1,1,1,2,5,0,0,0,0,0,1,1,1,1,2,0,0,Experienced,TRUE,0.5,0.875,0.714285714
609ed0,1,Clip40,14.9857,Experienced,38,Male,Yes,19,No,0,0,1,1,0,1,1,1,0,1,1,1,2,5,0,0,0,0,0,1,1,1,1,2,0,0,Experienced,TRUE,0.5,0.875,0.714285714
609ed0,0,Clip25,3.6825,Experienced,38,Male,Yes,19,No,0,0,1,1,0,1,1,1,0,1,1,1,2,5,0,0,0,0,0,1,1,1,1,2,0,0,Experienced,TRUE,0.5,0.875,0.714285714
609ed0,0,Clip22,7.4138,Experienced,38,Male,Yes,19,No,0,0,1,1,0,1,1,1,0,1,1,1,2,5,0,0,0,0,0,1,1,1,1,2,0,0,Experienced,TRUE,0.5,0.875,0.714285714
609ed0,0,Clip16,22.0543,Experienced,38,Male,Yes,19,No,0,0,1,1,0,1,1,1,0,1,1,1,2,5,0,0,0,0,0,1,1,1,1,2,0,0,Experienced,TRUE,0.5,0.875,0.714285714
609ed0,0,Clip31,21.2645,Experienced,38,Male,Yes,19,No,0,0,1,1,0,1,1,1,0,1,1,1,2,5,0,0,0,0,0,1,1,1,1,2,0,0,Experienced,TRUE,0.5,0.875,0.714285714
609ed0,0,Clip28,21.7364,Experienced,38,Male,Yes,19,No,0,0,1,1,0,1,1,1,0,1,1,1,2,5,0,0,0,0,0,1,1,1,1,2,0,0,Experienced,TRUE,0.5,0.875,0.714285714
609ed0,1,Clip10,4.5234,Experienced,38,Male,Yes,19,No,0,0,1,1,0,1,1,1,0,1,1,1,2,5,0,0,0,0,0,1,1,1,1,2,0,0,Experienced,TRUE,0.5,0.875,0.714285714
609ed0,1,Clip06,2.2164,Experienced,38,Male,Yes,19,No,0,0,1,1,0,1,1,1,0,1,1,1,2,5,0,0,0,0,0,1,1,1,1,2,0,0,Experienced,TRUE,0.5,0.875,0.714285714
609ed0,0,Clip09,8.7334,Experienced,38,Male,Yes,19,No,0,0,1,1,0,1,1,1,0,1,1,1,2,5,0,0,0,0,0,1,1,1,1,2,0,0,Experienced,TRUE,0.5,0.875,0.714285714
636a9b,1,Clip18,7.238,Experienced,40,Male,Yes,15,No,0,0,1,1,0,1,1,3,2,0,0,2,4,5,0,0,0,1,0,0,1,2,0,2,0,1,Experienced,TRUE,0.375,1.25,1.285714286
636a9b,1,Clip35,7.21,Experienced,40,Male,Yes,15,No,0,0,1,1,0,1,1,3,2,0,0,2,4,5,0,0,0,1,0,0,1,2,0,2,0,1,Experienced,TRUE,0.375,1.25,1.285714286
636a9b,1,Clip38,9.818,Experienced,40,Male,Yes,15,No,0,0,1,1,0,1,1,3,2,0,0,2,4,5,0,0,0,1,0,0,1,2,0,2,0,1,Experienced,TRUE,0.375,1.25,1.285714286
636a9b,1,Clip31,4.65,Experienced,40,Male,Yes,15,No,0,0,1,1,0,1,1,3,2,0,0,2,4,5,0,0,0,1,0,0,1,2,0,2,0,1,Experienced,TRUE,0.375,1.25,1.285714286
636a9b,1,Clip07,6.274,Experienced,40,Male,Yes,15,No,0,0,1,1,0,1,1,3,2,0,0,2,4,5,0,0,0,1,0,0,1,2,0,2,0,1,Experienced,TRUE,0.375,1.25,1.285714286
636a9b,0,Clip08,17.894,Experienced,40,Male,Yes,15,No,0,0,1,1,0,1,1,3,2,0,0,2,4,5,0,0,0,1,0,0,1,2,0,2,0,1,Experienced,TRUE,0.375,1.25,1.285714286
636a9b,1,Clip20,38.06,Experienced,40,Male,Yes,15,No,0,0,1,1,0,1,1,3,2,0,0,2,4,5,0,0,0,1,0,0,1,2,0,2,0,1,Experienced,TRUE,0.375,1.25,1.285714286
636a9b,1,Clip10,5.536,Experienced,40,Male,Yes,15,No,0,0,1,1,0,1,1,3,2,0,0,2,4,5,0,0,0,1,0,0,1,2,0,2,0,1,Experienced,TRUE,0.375,1.25,1.285714286
636a9b,1,Clip25,8.746,Experienced,40,Male,Yes,15,No,0,0,1,1,0,1,1,3,2,0,0,2,4,5,0,0,0,1,0,0,1,2,0,2,0,1,Experienced,TRUE,0.375,1.25,1.285714286
636a9b,1,Clip11,5.302,Experienced,40,Male,Yes,15,No,0,0,1,1,0,1,1,3,2,0,0,2,4,5,0,0,0,1,0,0,1,2,0,2,0,1,Experienced,TRUE,0.375,1.25,1.285714286
636a9b,1,Clip03,7.918,Experienced,40,Male,Yes,15,No,0,0,1,1,0,1,1,3,2,0,0,2,4,5,0,0,0,1,0,0,1,2,0,2,0,1,Experienced,TRUE,0.375,1.25,1.285714286
636a9b,1,Clip13,12.827,Experienced,40,Male,Yes,15,No,0,0,1,1,0,1,1,3,2,0,0,2,4,5,0,0,0,1,0,0,1,2,0,2,0,1,Experienced,TRUE,0.375,1.25,1.285714286
636a9b,0,Clip34,14.368,Experienced,40,Male,Yes,15,No,0,0,1,1,0,1,1,3,2,0,0,2,4,5,0,0,0,1,0,0,1,2,0,2,0,1,Experienced,TRUE,0.375,1.25,1.285714286
636a9b,1,Clip09,9.015,Experienced,40,Male,Yes,15,No,0,0,1,1,0,1,1,3,2,0,0,2,4,5,0,0,0,1,0,0,1,2,0,2,0,1,Experienced,TRUE,0.375,1.25,1.285714286
636a9b,1,Clip26,3.052,Experienced,40,Male,Yes,15,No,0,0,1,1,0,1,1,3,2,0,0,2,4,5,0,0,0,1,0,0,1,2,0,2,0,1,Experienced,TRUE,0.375,1.25,1.285714286
636a9b,1,Clip23,3.051,Experienced,40,Male,Yes,15,No,0,0,1,1,0,1,1,3,2,0,0,2,4,5,0,0,0,1,0,0,1,2,0,2,0,1,Experienced,TRUE,0.375,1.25,1.285714286
636a9b,1,Clip19,38.743,Experienced,40,Male,Yes,15,No,0,0,1,1,0,1,1,3,2,0,0,2,4,5,0,0,0,1,0,0,1,2,0,2,0,1,Experienced,TRUE,0.375,1.25,1.285714286
636a9b,1,Clip36,11.68,Experienced,40,Male,Yes,15,No,0,0,1,1,0,1,1,3,2,0,0,2,4,5,0,0,0,1,0,0,1,2,0,2,0,1,Experienced,TRUE,0.375,1.25,1.285714286
636a9b,1,Clip33,10.643,Experienced,40,Male,Yes,15,No,0,0,1,1,0,1,1,3,2,0,0,2,4,5,0,0,0,1,0,0,1,2,0,2,0,1,Experienced,TRUE,0.375,1.25,1.285714286
636a9b,1,Clip04,3.357,Experienced,40,Male,Yes,15,No,0,0,1,1,0,1,1,3,2,0,0,2,4,5,0,0,0,1,0,0,1,2,0,2,0,1,Experienced,TRUE,0.375,1.25,1.285714286
636a9b,1,Clip29,5.874,Experienced,40,Male,Yes,15,No,0,0,1,1,0,1,1,3,2,0,0,2,4,5,0,0,0,1,0,0,1,2,0,2,0,1,Experienced,TRUE,0.375,1.25,1.285714286
636a9b,1,Clip16,9.463,Experienced,40,Male,Yes,15,No,0,0,1,1,0,1,1,3,2,0,0,2,4,5,0,0,0,1,0,0,1,2,0,2,0,1,Experienced,TRUE,0.375,1.25,1.285714286
636a9b,1,Clip27,72.84,Experienced,40,Male,Yes,15,No,0,0,1,1,0,1,1,3,2,0,0,2,4,5,0,0,0,1,0,0,1,2,0,2,0,1,Experienced,TRUE,0.375,1.25,1.285714286
636a9b,1,Clip02,129.263,Experienced,40,Male,Yes,15,No,0,0,1,1,0,1,1,3,2,0,0,2,4,5,0,0,0,1,0,0,1,2,0,2,0,1,Experienced,TRUE,0.375,1.25,1.285714286
636a9b,1,Clip14,3.45,Experienced,40,Male,Yes,15,No,0,0,1,1,0,1,1,3,2,0,0,2,4,5,0,0,0,1,0,0,1,2,0,2,0,1,Experienced,TRUE,0.375,1.25,1.285714286
636a9b,1,Clip21,37.002,Experienced,40,Male,Yes,15,No,0,0,1,1,0,1,1,3,2,0,0,2,4,5,0,0,0,1,0,0,1,2,0,2,0,1,Experienced,TRUE,0.375,1.25,1.285714286
636a9b,1,Clip40,347.134,Experienced,40,Male,Yes,15,No,0,0,1,1,0,1,1,3,2,0,0,2,4,5,0,0,0,1,0,0,1,2,0,2,0,1,Experienced,TRUE,0.375,1.25,1.285714286
636a9b,1,Clip24,4.403,Experienced,40,Male,Yes,15,No,0,0,1,1,0,1,1,3,2,0,0,2,4,5,0,0,0,1,0,0,1,2,0,2,0,1,Experienced,TRUE,0.375,1.25,1.285714286
636a9b,1,Clip32,5.35,Experienced,40,Male,Yes,15,No,0,0,1,1,0,1,1,3,2,0,0,2,4,5,0,0,0,1,0,0,1,2,0,2,0,1,Experienced,TRUE,0.375,1.25,1.285714286
636a9b,1,Clip37,3.518,Experienced,40,Male,Yes,15,No,0,0,1,1,0,1,1,3,2,0,0,2,4,5,0,0,0,1,0,0,1,2,0,2,0,1,Experienced,TRUE,0.375,1.25,1.285714286
636a9b,1,Clip05,5.557,Experienced,40,Male,Yes,15,No,0,0,1,1,0,1,1,3,2,0,0,2,4,5,0,0,0,1,0,0,1,2,0,2,0,1,Experienced,TRUE,0.375,1.25,1.285714286
636a9b,1,Clip12,5.848,Experienced,40,Male,Yes,15,No,0,0,1,1,0,1,1,3,2,0,0,2,4,5,0,0,0,1,0,0,1,2,0,2,0,1,Experienced,TRUE,0.375,1.25,1.285714286
636a9b,1,Clip28,5.232,Experienced,40,Male,Yes,15,No,0,0,1,1,0,1,1,3,2,0,0,2,4,5,0,0,0,1,0,0,1,2,0,2,0,1,Experienced,TRUE,0.375,1.25,1.285714286
636a9b,1,Clip22,24.518,Experienced,40,Male,Yes,15,No,0,0,1,1,0,1,1,3,2,0,0,2,4,5,0,0,0,1,0,0,1,2,0,2,0,1,Experienced,TRUE,0.375,1.25,1.285714286
636a9b,1,Clip30,4.858,Experienced,40,Male,Yes,15,No,0,0,1,1,0,1,1,3,2,0,0,2,4,5,0,0,0,1,0,0,1,2,0,2,0,1,Experienced,TRUE,0.375,1.25,1.285714286
636a9b,1,Clip06,5.276,Experienced,40,Male,Yes,15,No,0,0,1,1,0,1,1,3,2,0,0,2,4,5,0,0,0,1,0,0,1,2,0,2,0,1,Experienced,TRUE,0.375,1.25,1.285714286
636a9b,1,Clip15,3.936,Experienced,40,Male,Yes,15,No,0,0,1,1,0,1,1,3,2,0,0,2,4,5,0,0,0,1,0,0,1,2,0,2,0,1,Experienced,TRUE,0.375,1.25,1.285714286
636a9b,1,Clip01,3.598,Experienced,40,Male,Yes,15,No,0,0,1,1,0,1,1,3,2,0,0,2,4,5,0,0,0,1,0,0,1,2,0,2,0,1,Experienced,TRUE,0.375,1.25,1.285714286
636a9b,1,Clip17,5.473,Experienced,40,Male,Yes,15,No,0,0,1,1,0,1,1,3,2,0,0,2,4,5,0,0,0,1,0,0,1,2,0,2,0,1,Experienced,TRUE,0.375,1.25,1.285714286
636a9b,1,Clip39,6.468,Experienced,40,Male,Yes,15,No,0,0,1,1,0,1,1,3,2,0,0,2,4,5,0,0,0,1,0,0,1,2,0,2,0,1,Experienced,TRUE,0.375,1.25,1.285714286
629e74,1,Clip15,15.0679,Experienced,46,Male,Yes,27,No,0,0,2,1,1,2,0,0,0,0,0,2,1,5,0,0,0,1,0,0,2,2,0,1,0,1,Experienced,TRUE,0.375,1,0.714285714
629e74,1,Clip30,7.995,Experienced,46,Male,Yes,27,No,0,0,2,1,1,2,0,0,0,0,0,2,1,5,0,0,0,1,0,0,2,2,0,1,0,1,Experienced,TRUE,0.375,1,0.714285714
629e74,1,Clip05,10.9563,Experienced,46,Male,Yes,27,No,0,0,2,1,1,2,0,0,0,0,0,2,1,5,0,0,0,1,0,0,2,2,0,1,0,1,Experienced,TRUE,0.375,1,0.714285714
629e74,1,Clip01,7.8571,Experienced,46,Male,Yes,27,No,0,0,2,1,1,2,0,0,0,0,0,2,1,5,0,0,0,1,0,0,2,2,0,1,0,1,Experienced,TRUE,0.375,1,0.714285714
629e74,0,Clip03,6.7881,Experienced,46,Male,Yes,27,No,0,0,2,1,1,2,0,0,0,0,0,2,1,5,0,0,0,1,0,0,2,2,0,1,0,1,Experienced,TRUE,0.375,1,0.714285714
629e74,1,Clip21,9.6781,Experienced,46,Male,Yes,27,No,0,0,2,1,1,2,0,0,0,0,0,2,1,5,0,0,0,1,0,0,2,2,0,1,0,1,Experienced,TRUE,0.375,1,0.714285714
629e74,1,Clip26,3.1895,Experienced,46,Male,Yes,27,No,0,0,2,1,1,2,0,0,0,0,0,2,1,5,0,0,0,1,0,0,2,2,0,1,0,1,Experienced,TRUE,0.375,1,0.714285714
629e74,1,Clip29,2.0685,Experienced,46,Male,Yes,27,No,0,0,2,1,1,2,0,0,0,0,0,2,1,5,0,0,0,1,0,0,2,2,0,1,0,1,Experienced,TRUE,0.375,1,0.714285714
629e74,1,Clip37,3.266,Experienced,46,Male,Yes,27,No,0,0,2,1,1,2,0,0,0,0,0,2,1,5,0,0,0,1,0,0,2,2,0,1,0,1,Experienced,TRUE,0.375,1,0.714285714
629e74,1,Clip33,5.2605,Experienced,46,Male,Yes,27,No,0,0,2,1,1,2,0,0,0,0,0,2,1,5,0,0,0,1,0,0,2,2,0,1,0,1,Experienced,TRUE,0.375,1,0.714285714
629e74,0,Clip08,10.121,Experienced,46,Male,Yes,27,No,0,0,2,1,1,2,0,0,0,0,0,2,1,5,0,0,0,1,0,0,2,2,0,1,0,1,Experienced,TRUE,0.375,1,0.714285714
629e74,1,Clip23,2.6378,Experienced,46,Male,Yes,27,No,0,0,2,1,1,2,0,0,0,0,0,2,1,5,0,0,0,1,0,0,2,2,0,1,0,1,Experienced,TRUE,0.375,1,0.714285714
629e74,1,Clip19,4.1435,Experienced,46,Male,Yes,27,No,0,0,2,1,1,2,0,0,0,0,0,2,1,5,0,0,0,1,0,0,2,2,0,1,0,1,Experienced,TRUE,0.375,1,0.714285714
629e74,1,Clip38,3.0423,Experienced,46,Male,Yes,27,No,0,0,2,1,1,2,0,0,0,0,0,2,1,5,0,0,0,1,0,0,2,2,0,1,0,1,Experienced,TRUE,0.375,1,0.714285714
629e74,1,Clip18,26.5486,Experienced,46,Male,Yes,27,No,0,0,2,1,1,2,0,0,0,0,0,2,1,5,0,0,0,1,0,0,2,2,0,1,0,1,Experienced,TRUE,0.375,1,0.714285714
629e74,1,Clip31,13.091,Experienced,46,Male,Yes,27,No,0,0,2,1,1,2,0,0,0,0,0,2,1,5,0,0,0,1,0,0,2,2,0,1,0,1,Experienced,TRUE,0.375,1,0.714285714
629e74,1,Clip39,3.4766,Experienced,46,Male,Yes,27,No,0,0,2,1,1,2,0,0,0,0,0,2,1,5,0,0,0,1,0,0,2,2,0,1,0,1,Experienced,TRUE,0.375,1,0.714285714
629e74,1,Clip10,3.8418,Experienced,46,Male,Yes,27,No,0,0,2,1,1,2,0,0,0,0,0,2,1,5,0,0,0,1,0,0,2,2,0,1,0,1,Experienced,TRUE,0.375,1,0.714285714
629e74,1,Clip06,3.418,Experienced,46,Male,Yes,27,No,0,0,2,1,1,2,0,0,0,0,0,2,1,5,0,0,0,1,0,0,2,2,0,1,0,1,Experienced,TRUE,0.375,1,0.714285714
629e74,0,Clip25,9.8363,Experienced,46,Male,Yes,27,No,0,0,2,1,1,2,0,0,0,0,0,2,1,5,0,0,0,1,0,0,2,2,0,1,0,1,Experienced,TRUE,0.375,1,0.714285714
629e74,1,Clip14,2.0738,Experienced,46,Male,Yes,27,No,0,0,2,1,1,2,0,0,0,0,0,2,1,5,0,0,0,1,0,0,2,2,0,1,0,1,Experienced,TRUE,0.375,1,0.714285714
629e74,0,Clip32,3.5567,Experienced,46,Male,Yes,27,No,0,0,2,1,1,2,0,0,0,0,0,2,1,5,0,0,0,1,0,0,2,2,0,1,0,1,Experienced,TRUE,0.375,1,0.714285714
629e74,1,Clip07,4.5276,Experienced,46,Male,Yes,27,No,0,0,2,1,1,2,0,0,0,0,0,2,1,5,0,0,0,1,0,0,2,2,0,1,0,1,Experienced,TRUE,0.375,1,0.714285714
629e74,1,Clip04,2.5346,Experienced,46,Male,Yes,27,No,0,0,2,1,1,2,0,0,0,0,0,2,1,5,0,0,0,1,0,0,2,2,0,1,0,1,Experienced,TRUE,0.375,1,0.714285714
629e74,1,Clip02,2.0509,Experienced,46,Male,Yes,27,No,0,0,2,1,1,2,0,0,0,0,0,2,1,5,0,0,0,1,0,0,2,2,0,1,0,1,Experienced,TRUE,0.375,1,0.714285714
629e74,1,Clip12,2.864,Experienced,46,Male,Yes,27,No,0,0,2,1,1,2,0,0,0,0,0,2,1,5,0,0,0,1,0,0,2,2,0,1,0,1,Experienced,TRUE,0.375,1,0.714285714
629e74,0,Clip09,2.7059,Experienced,46,Male,Yes,27,No,0,0,2,1,1,2,0,0,0,0,0,2,1,5,0,0,0,1,0,0,2,2,0,1,0,1,Experienced,TRUE,0.375,1,0.714285714
629e74,1,Clip40,3.2343,Experienced,46,Male,Yes,27,No,0,0,2,1,1,2,0,0,0,0,0,2,1,5,0,0,0,1,0,0,2,2,0,1,0,1,Experienced,TRUE,0.375,1,0.714285714
629e74,0,Clip34,13.1815,Experienced,46,Male,Yes,27,No,0,0,2,1,1,2,0,0,0,0,0,2,1,5,0,0,0,1,0,0,2,2,0,1,0,1,Experienced,TRUE,0.375,1,0.714285714
629e74,1,Clip27,5.7541,Experienced,46,Male,Yes,27,No,0,0,2,1,1,2,0,0,0,0,0,2,1,5,0,0,0,1,0,0,2,2,0,1,0,1,Experienced,TRUE,0.375,1,0.714285714
629e74,0,Clip24,2.0631,Experienced,46,Male,Yes,27,No,0,0,2,1,1,2,0,0,0,0,0,2,1,5,0,0,0,1,0,0,2,2,0,1,0,1,Experienced,TRUE,0.375,1,0.714285714
629e74,1,Clip20,7.0826,Experienced,46,Male,Yes,27,No,0,0,2,1,1,2,0,0,0,0,0,2,1,5,0,0,0,1,0,0,2,2,0,1,0,1,Experienced,TRUE,0.375,1,0.714285714
629e74,0,Clip28,4.2597,Experienced,46,Male,Yes,27,No,0,0,2,1,1,2,0,0,0,0,0,2,1,5,0,0,0,1,0,0,2,2,0,1,0,1,Experienced,TRUE,0.375,1,0.714285714
629e74,1,Clip17,4.7669,Experienced,46,Male,Yes,27,No,0,0,2,1,1,2,0,0,0,0,0,2,1,5,0,0,0,1,0,0,2,2,0,1,0,1,Experienced,TRUE,0.375,1,0.714285714
629e74,1,Clip36,3.4885,Experienced,46,Male,Yes,27,No,0,0,2,1,1,2,0,0,0,0,0,2,1,5,0,0,0,1,0,0,2,2,0,1,0,1,Experienced,TRUE,0.375,1,0.714285714
629e74,1,Clip35,2.9035,Experienced,46,Male,Yes,27,No,0,0,2,1,1,2,0,0,0,0,0,2,1,5,0,0,0,1,0,0,2,2,0,1,0,1,Experienced,TRUE,0.375,1,0.714285714
629e74,1,Clip13,3.3049,Experienced,46,Male,Yes,27,No,0,0,2,1,1,2,0,0,0,0,0,2,1,5,0,0,0,1,0,0,2,2,0,1,0,1,Experienced,TRUE,0.375,1,0.714285714
629e74,1,Clip16,3.7579,Experienced,46,Male,Yes,27,No,0,0,2,1,1,2,0,0,0,0,0,2,1,5,0,0,0,1,0,0,2,2,0,1,0,1,Experienced,TRUE,0.375,1,0.714285714
629e74,1,Clip22,3.1956,Experienced,46,Male,Yes,27,No,0,0,2,1,1,2,0,0,0,0,0,2,1,5,0,0,0,1,0,0,2,2,0,1,0,1,Experienced,TRUE,0.375,1,0.714285714
629e74,1,Clip11,3.9859,Experienced,46,Male,Yes,27,No,0,0,2,1,1,2,0,0,0,0,0,2,1,5,0,0,0,1,0,0,2,2,0,1,0,1,Experienced,TRUE,0.375,1,0.714285714
5f639a,1,Clip40,6.2855,Experienced,68,Female,Yes,50,No,0,0,0,0,0,0,1,1,0,0,0,1,0,5,0,1,0,0,1,0,0,0,0,1,0,0,Experienced,TRUE,0.25,0.375,0
5f639a,1,Clip27,16.9347,Experienced,68,Female,Yes,50,No,0,0,0,0,0,0,1,1,0,0,0,1,0,5,0,1,0,0,1,0,0,0,0,1,0,0,Experienced,TRUE,0.25,0.375,0
5f639a,1,Clip03,6.016,Experienced,68,Female,Yes,50,No,0,0,0,0,0,0,1,1,0,0,0,1,0,5,0,1,0,0,1,0,0,0,0,1,0,0,Experienced,TRUE,0.25,0.375,0
5f639a,1,Clip06,4.6836,Experienced,68,Female,Yes,50,No,0,0,0,0,0,0,1,1,0,0,0,1,0,5,0,1,0,0,1,0,0,0,0,1,0,0,Experienced,TRUE,0.25,0.375,0
5f639a,1,Clip07,6.0196,Experienced,68,Female,Yes,50,No,0,0,0,0,0,0,1,1,0,0,0,1,0,5,0,1,0,0,1,0,0,0,0,1,0,0,Experienced,TRUE,0.25,0.375,0
5f639a,0,Clip22,10.4481,Experienced,68,Female,Yes,50,No,0,0,0,0,0,0,1,1,0,0,0,1,0,5,0,1,0,0,1,0,0,0,0,1,0,0,Experienced,TRUE,0.25,0.375,0
5f639a,1,Clip19,4.4118,Experienced,68,Female,Yes,50,No,0,0,0,0,0,0,1,1,0,0,0,1,0,5,0,1,0,0,1,0,0,0,0,1,0,0,Experienced,TRUE,0.25,0.375,0
5f639a,1,Clip04,3.6398,Experienced,68,Female,Yes,50,No,0,0,0,0,0,0,1,1,0,0,0,1,0,5,0,1,0,0,1,0,0,0,0,1,0,0,Experienced,TRUE,0.25,0.375,0
5f639a,1,Clip09,7.9865,Experienced,68,Female,Yes,50,No,0,0,0,0,0,0,1,1,0,0,0,1,0,5,0,1,0,0,1,0,0,0,0,1,0,0,Experienced,TRUE,0.25,0.375,0
5f639a,1,Clip14,5.2107,Experienced,68,Female,Yes,50,No,0,0,0,0,0,0,1,1,0,0,0,1,0,5,0,1,0,0,1,0,0,0,0,1,0,0,Experienced,TRUE,0.25,0.375,0
5f639a,1,Clip39,6.4072,Experienced,68,Female,Yes,50,No,0,0,0,0,0,0,1,1,0,0,0,1,0,5,0,1,0,0,1,0,0,0,0,1,0,0,Experienced,TRUE,0.25,0.375,0
5f639a,1,Clip10,5.0316,Experienced,68,Female,Yes,50,No,0,0,0,0,0,0,1,1,0,0,0,1,0,5,0,1,0,0,1,0,0,0,0,1,0,0,Experienced,TRUE,0.25,0.375,0
5f639a,0,Clip36,9.491,Experienced,68,Female,Yes,50,No,0,0,0,0,0,0,1,1,0,0,0,1,0,5,0,1,0,0,1,0,0,0,0,1,0,0,Experienced,TRUE,0.25,0.375,0
5f639a,1,Clip35,4.0154,Experienced,68,Female,Yes,50,No,0,0,0,0,0,0,1,1,0,0,0,1,0,5,0,1,0,0,1,0,0,0,0,1,0,0,Experienced,TRUE,0.25,0.375,0
5f639a,1,Clip12,7.2541,Experienced,68,Female,Yes,50,No,0,0,0,0,0,0,1,1,0,0,0,1,0,5,0,1,0,0,1,0,0,0,0,1,0,0,Experienced,TRUE,0.25,0.375,0
5f639a,0,Clip32,8.2479,Experienced,68,Female,Yes,50,No,0,0,0,0,0,0,1,1,0,0,0,1,0,5,0,1,0,0,1,0,0,0,0,1,0,0,Experienced,TRUE,0.25,0.375,0
5f639a,1,Clip13,16.9027,Experienced,68,Female,Yes,50,No,0,0,0,0,0,0,1,1,0,0,0,1,0,5,0,1,0,0,1,0,0,0,0,1,0,0,Experienced,TRUE,0.25,0.375,0
5f639a,1,Clip05,5.2731,Experienced,68,Female,Yes,50,No,0,0,0,0,0,0,1,1,0,0,0,1,0,5,0,1,0,0,1,0,0,0,0,1,0,0,Experienced,TRUE,0.25,0.375,0
5f639a,1,Clip18,13.1471,Experienced,68,Female,Yes,50,No,0,0,0,0,0,0,1,1,0,0,0,1,0,5,0,1,0,0,1,0,0,0,0,1,0,0,Experienced,TRUE,0.25,0.375,0
5f639a,1,Clip28,4.281,Experienced,68,Female,Yes,50,No,0,0,0,0,0,0,1,1,0,0,0,1,0,5,0,1,0,0,1,0,0,0,0,1,0,0,Experienced,TRUE,0.25,0.375,0
5f639a,1,Clip23,7.4478,Experienced,68,Female,Yes,50,No,0,0,0,0,0,0,1,1,0,0,0,1,0,5,0,1,0,0,1,0,0,0,0,1,0,0,Experienced,TRUE,0.25,0.375,0
5f639a,1,Clip30,5.8304,Experienced,68,Female,Yes,50,No,0,0,0,0,0,0,1,1,0,0,0,1,0,5,0,1,0,0,1,0,0,0,0,1,0,0,Experienced,TRUE,0.25,0.375,0
5f639a,0,Clip24,11.1835,Experienced,68,Female,Yes,50,No,0,0,0,0,0,0,1,1,0,0,0,1,0,5,0,1,0,0,1,0,0,0,0,1,0,0,Experienced,TRUE,0.25,0.375,0
5f639a,1,Clip31,4.1895,Experienced,68,Female,Yes,50,No,0,0,0,0,0,0,1,1,0,0,0,1,0,5,0,1,0,0,1,0,0,0,0,1,0,0,Experienced,TRUE,0.25,0.375,0
5f639a,1,Clip08,12.065,Experienced,68,Female,Yes,50,No,0,0,0,0,0,0,1,1,0,0,0,1,0,5,0,1,0,0,1,0,0,0,0,1,0,0,Experienced,TRUE,0.25,0.375,0
5f639a,1,Clip20,20.9882,Experienced,68,Female,Yes,50,No,0,0,0,0,0,0,1,1,0,0,0,1,0,5,0,1,0,0,1,0,0,0,0,1,0,0,Experienced,TRUE,0.25,0.375,0
5f639a,1,Clip29,7.4416,Experienced,68,Female,Yes,50,No,0,0,0,0,0,0,1,1,0,0,0,1,0,5,0,1,0,0,1,0,0,0,0,1,0,0,Experienced,TRUE,0.25,0.375,0
5f639a,1,Clip26,13.4381,Experienced,68,Female,Yes,50,No,0,0,0,0,0,0,1,1,0,0,0,1,0,5,0,1,0,0,1,0,0,0,0,1,0,0,Experienced,TRUE,0.25,0.375,0
5f639a,1,Clip34,4.7832,Experienced,68,Female,Yes,50,No,0,0,0,0,0,0,1,1,0,0,0,1,0,5,0,1,0,0,1,0,0,0,0,1,0,0,Experienced,TRUE,0.25,0.375,0
5f639a,0,Clip15,7.4676,Experienced,68,Female,Yes,50,No,0,0,0,0,0,0,1,1,0,0,0,1,0,5,0,1,0,0,1,0,0,0,0,1,0,0,Experienced,TRUE,0.25,0.375,0
5f639a,1,Clip33,7.8274,Experienced,68,Female,Yes,50,No,0,0,0,0,0,0,1,1,0,0,0,1,0,5,0,1,0,0,1,0,0,0,0,1,0,0,Experienced,TRUE,0.25,0.375,0
5f639a,1,Clip17,5.2839,Experienced,68,Female,Yes,50,No,0,0,0,0,0,0,1,1,0,0,0,1,0,5,0,1,0,0,1,0,0,0,0,1,0,0,Experienced,TRUE,0.25,0.375,0
5f639a,1,Clip38,5.948,Experienced,68,Female,Yes,50,No,0,0,0,0,0,0,1,1,0,0,0,1,0,5,0,1,0,0,1,0,0,0,0,1,0,0,Experienced,TRUE,0.25,0.375,0
5f639a,1,Clip25,9.2602,Experienced,68,Female,Yes,50,No,0,0,0,0,0,0,1,1,0,0,0,1,0,5,0,1,0,0,1,0,0,0,0,1,0,0,Experienced,TRUE,0.25,0.375,0
5f639a,1,Clip21,9.9045,Experienced,68,Female,Yes,50,No,0,0,0,0,0,0,1,1,0,0,0,1,0,5,0,1,0,0,1,0,0,0,0,1,0,0,Experienced,TRUE,0.25,0.375,0
5f639a,1,Clip37,4.2306,Experienced,68,Female,Yes,50,No,0,0,0,0,0,0,1,1,0,0,0,1,0,5,0,1,0,0,1,0,0,0,0,1,0,0,Experienced,TRUE,0.25,0.375,0
5f639a,1,Clip02,4.0653,Experienced,68,Female,Yes,50,No,0,0,0,0,0,0,1,1,0,0,0,1,0,5,0,1,0,0,1,0,0,0,0,1,0,0,Experienced,TRUE,0.25,0.375,0
5f639a,1,Clip16,14.6883,Experienced,68,Female,Yes,50,No,0,0,0,0,0,0,1,1,0,0,0,1,0,5,0,1,0,0,1,0,0,0,0,1,0,0,Experienced,TRUE,0.25,0.375,0
5f639a,0,Clip01,12.5535,Experienced,68,Female,Yes,50,No,0,0,0,0,0,0,1,1,0,0,0,1,0,5,0,1,0,0,1,0,0,0,0,1,0,0,Experienced,TRUE,0.25,0.375,0
5f639a,1,Clip11,7.6339,Experienced,68,Female,Yes,50,No,0,0,0,0,0,0,1,1,0,0,0,1,0,5,0,1,0,0,1,0,0,0,0,1,0,0,Experienced,TRUE,0.25,0.375,0
63f8a6,1,Clip37,44.7856,Experienced,59,Female,Yes,41,No,0,0,1,0,0,2,2,0,1,0,0,1,0,5,0,1,0,0,0,0,0,1,1,0,0,1,Experienced,TRUE,0.25,0.75,0.285714286
63f8a6,1,Clip23,13.7545,Experienced,59,Female,Yes,41,No,0,0,1,0,0,2,2,0,1,0,0,1,0,5,0,1,0,0,0,0,0,1,1,0,0,1,Experienced,TRUE,0.25,0.75,0.285714286
63f8a6,1,Clip32,10.7575,Experienced,59,Female,Yes,41,No,0,0,1,0,0,2,2,0,1,0,0,1,0,5,0,1,0,0,0,0,0,1,1,0,0,1,Experienced,TRUE,0.25,0.75,0.285714286
63f8a6,0,Clip34,49.744,Experienced,59,Female,Yes,41,No,0,0,1,0,0,2,2,0,1,0,0,1,0,5,0,1,0,0,0,0,0,1,1,0,0,1,Experienced,TRUE,0.25,0.75,0.285714286
63f8a6,1,Clip12,21.2145,Experienced,59,Female,Yes,41,No,0,0,1,0,0,2,2,0,1,0,0,1,0,5,0,1,0,0,0,0,0,1,1,0,0,1,Experienced,TRUE,0.25,0.75,0.285714286
63f8a6,1,Clip29,25.8595,Experienced,59,Female,Yes,41,No,0,0,1,0,0,2,2,0,1,0,0,1,0,5,0,1,0,0,0,0,0,1,1,0,0,1,Experienced,TRUE,0.25,0.75,0.285714286
63f8a6,1,Clip10,5.8575,Experienced,59,Female,Yes,41,No,0,0,1,0,0,2,2,0,1,0,0,1,0,5,0,1,0,0,0,0,0,1,1,0,0,1,Experienced,TRUE,0.25,0.75,0.285714286
63f8a6,1,Clip17,9.3112,Experienced,59,Female,Yes,41,No,0,0,1,0,0,2,2,0,1,0,0,1,0,5,0,1,0,0,0,0,0,1,1,0,0,1,Experienced,TRUE,0.25,0.75,0.285714286
63f8a6,1,Clip39,13.509,Experienced,59,Female,Yes,41,No,0,0,1,0,0,2,2,0,1,0,0,1,0,5,0,1,0,0,0,0,0,1,1,0,0,1,Experienced,TRUE,0.25,0.75,0.285714286
63f8a6,1,Clip25,15.3193,Experienced,59,Female,Yes,41,No,0,0,1,0,0,2,2,0,1,0,0,1,0,5,0,1,0,0,0,0,0,1,1,0,0,1,Experienced,TRUE,0.25,0.75,0.285714286
63f8a6,1,Clip30,6.1601,Experienced,59,Female,Yes,41,No,0,0,1,0,0,2,2,0,1,0,0,1,0,5,0,1,0,0,0,0,0,1,1,0,0,1,Experienced,TRUE,0.25,0.75,0.285714286
63f8a6,1,Clip02,4.3698,Experienced,59,Female,Yes,41,No,0,0,1,0,0,2,2,0,1,0,0,1,0,5,0,1,0,0,0,0,0,1,1,0,0,1,Experienced,TRUE,0.25,0.75,0.285714286
63f8a6,1,Clip16,9.1882,Experienced,59,Female,Yes,41,No,0,0,1,0,0,2,2,0,1,0,0,1,0,5,0,1,0,0,0,0,0,1,1,0,0,1,Experienced,TRUE,0.25,0.75,0.285714286
63f8a6,1,Clip14,7.629,Experienced,59,Female,Yes,41,No,0,0,1,0,0,2,2,0,1,0,0,1,0,5,0,1,0,0,0,0,0,1,1,0,0,1,Experienced,TRUE,0.25,0.75,0.285714286
63f8a6,1,Clip11,11.989,Experienced,59,Female,Yes,41,No,0,0,1,0,0,2,2,0,1,0,0,1,0,5,0,1,0,0,0,0,0,1,1,0,0,1,Experienced,TRUE,0.25,0.75,0.285714286
63f8a6,1,Clip04,7.4169,Experienced,59,Female,Yes,41,No,0,0,1,0,0,2,2,0,1,0,0,1,0,5,0,1,0,0,0,0,0,1,1,0,0,1,Experienced,TRUE,0.25,0.75,0.285714286
63f8a6,1,Clip38,21.8227,Experienced,59,Female,Yes,41,No,0,0,1,0,0,2,2,0,1,0,0,1,0,5,0,1,0,0,0,0,0,1,1,0,0,1,Experienced,TRUE,0.25,0.75,0.285714286
63f8a6,1,Clip33,9.4621,Experienced,59,Female,Yes,41,No,0,0,1,0,0,2,2,0,1,0,0,1,0,5,0,1,0,0,0,0,0,1,1,0,0,1,Experienced,TRUE,0.25,0.75,0.285714286
63f8a6,1,Clip19,7.7934,Experienced,59,Female,Yes,41,No,0,0,1,0,0,2,2,0,1,0,0,1,0,5,0,1,0,0,0,0,0,1,1,0,0,1,Experienced,TRUE,0.25,0.75,0.285714286
63f8a6,1,Clip13,16.6678,Experienced,59,Female,Yes,41,No,0,0,1,0,0,2,2,0,1,0,0,1,0,5,0,1,0,0,0,0,0,1,1,0,0,1,Experienced,TRUE,0.25,0.75,0.285714286
63f8a6,1,Clip35,23.2041,Experienced,59,Female,Yes,41,No,0,0,1,0,0,2,2,0,1,0,0,1,0,5,0,1,0,0,0,0,0,1,1,0,0,1,Experienced,TRUE,0.25,0.75,0.285714286
63f8a6,1,Clip03,10.8858,Experienced,59,Female,Yes,41,No,0,0,1,0,0,2,2,0,1,0,0,1,0,5,0,1,0,0,0,0,0,1,1,0,0,1,Experienced,TRUE,0.25,0.75,0.285714286
63f8a6,1,Clip26,16.8054,Experienced,59,Female,Yes,41,No,0,0,1,0,0,2,2,0,1,0,0,1,0,5,0,1,0,0,0,0,0,1,1,0,0,1,Experienced,TRUE,0.25,0.75,0.285714286
63f8a6,1,Clip27,11.8215,Experienced,59,Female,Yes,41,No,0,0,1,0,0,2,2,0,1,0,0,1,0,5,0,1,0,0,0,0,0,1,1,0,0,1,Experienced,TRUE,0.25,0.75,0.285714286
63f8a6,0,Clip15,23.0071,Experienced,59,Female,Yes,41,No,0,0,1,0,0,2,2,0,1,0,0,1,0,5,0,1,0,0,0,0,0,1,1,0,0,1,Experienced,TRUE,0.25,0.75,0.285714286
63f8a6,1,Clip06,15.8886,Experienced,59,Female,Yes,41,No,0,0,1,0,0,2,2,0,1,0,0,1,0,5,0,1,0,0,0,0,0,1,1,0,0,1,Experienced,TRUE,0.25,0.75,0.285714286
63f8a6,1,Clip05,7.233,Experienced,59,Female,Yes,41,No,0,0,1,0,0,2,2,0,1,0,0,1,0,5,0,1,0,0,0,0,0,1,1,0,0,1,Experienced,TRUE,0.25,0.75,0.285714286
63f8a6,1,Clip28,10.763,Experienced,59,Female,Yes,41,No,0,0,1,0,0,2,2,0,1,0,0,1,0,5,0,1,0,0,0,0,0,1,1,0,0,1,Experienced,TRUE,0.25,0.75,0.285714286
63f8a6,1,Clip31,7.3199,Experienced,59,Female,Yes,41,No,0,0,1,0,0,2,2,0,1,0,0,1,0,5,0,1,0,0,0,0,0,1,1,0,0,1,Experienced,TRUE,0.25,0.75,0.285714286
63f8a6,1,Clip01,9.2484,Experienced,59,Female,Yes,41,No,0,0,1,0,0,2,2,0,1,0,0,1,0,5,0,1,0,0,0,0,0,1,1,0,0,1,Experienced,TRUE,0.25,0.75,0.285714286
63f8a6,0,Clip07,9.2249,Experienced,59,Female,Yes,41,No,0,0,1,0,0,2,2,0,1,0,0,1,0,5,0,1,0,0,0,0,0,1,1,0,0,1,Experienced,TRUE,0.25,0.75,0.285714286
63f8a6,1,Clip08,15.013,Experienced,59,Female,Yes,41,No,0,0,1,0,0,2,2,0,1,0,0,1,0,5,0,1,0,0,0,0,0,1,1,0,0,1,Experienced,TRUE,0.25,0.75,0.285714286
63f8a6,1,Clip20,7.1005,Experienced,59,Female,Yes,41,No,0,0,1,0,0,2,2,0,1,0,0,1,0,5,0,1,0,0,0,0,0,1,1,0,0,1,Experienced,TRUE,0.25,0.75,0.285714286
63f8a6,1,Clip40,10.4511,Experienced,59,Female,Yes,41,No,0,0,1,0,0,2,2,0,1,0,0,1,0,5,0,1,0,0,0,0,0,1,1,0,0,1,Experienced,TRUE,0.25,0.75,0.285714286
63f8a6,1,Clip09,8.0344,Experienced,59,Female,Yes,41,No,0,0,1,0,0,2,2,0,1,0,0,1,0,5,0,1,0,0,0,0,0,1,1,0,0,1,Experienced,TRUE,0.25,0.75,0.285714286
63f8a6,1,Clip18,11.9954,Experienced,59,Female,Yes,41,No,0,0,1,0,0,2,2,0,1,0,0,1,0,5,0,1,0,0,0,0,0,1,1,0,0,1,Experienced,TRUE,0.25,0.75,0.285714286
63f8a6,1,Clip24,8.1714,Experienced,59,Female,Yes,41,No,0,0,1,0,0,2,2,0,1,0,0,1,0,5,0,1,0,0,0,0,0,1,1,0,0,1,Experienced,TRUE,0.25,0.75,0.285714286
63f8a6,1,Clip22,6.615,Experienced,59,Female,Yes,41,No,0,0,1,0,0,2,2,0,1,0,0,1,0,5,0,1,0,0,0,0,0,1,1,0,0,1,Experienced,TRUE,0.25,0.75,0.285714286
63f8a6,1,Clip36,10.5986,Experienced,59,Female,Yes,41,No,0,0,1,0,0,2,2,0,1,0,0,1,0,5,0,1,0,0,0,0,0,1,1,0,0,1,Experienced,TRUE,0.25,0.75,0.285714286
63f8a6,1,Clip21,17.7972,Experienced,59,Female,Yes,41,No,0,0,1,0,0,2,2,0,1,0,0,1,0,5,0,1,0,0,0,0,0,1,1,0,0,1,Experienced,TRUE,0.25,0.75,0.285714286
620f0a,1,Clip29,5.4116,Experienced,37,Male,Yes,18.08,No,0,0,1,0,0,2,0,1,1,0,1,1,3,5,1,3,0,2,1,0,0,2,0,1,0,0,Experienced,TRUE,0.375,0.75,1.142857143
620f0a,0,Clip14,6.0699,Experienced,37,Male,Yes,18.08,No,0,0,1,0,0,2,0,1,1,0,1,1,3,5,1,3,0,2,1,0,0,2,0,1,0,0,Experienced,TRUE,0.375,0.75,1.142857143
620f0a,1,Clip02,2.4409,Experienced,37,Male,Yes,18.08,No,0,0,1,0,0,2,0,1,1,0,1,1,3,5,1,3,0,2,1,0,0,2,0,1,0,0,Experienced,TRUE,0.375,0.75,1.142857143
620f0a,0,Clip05,2.0473,Experienced,37,Male,Yes,18.08,No,0,0,1,0,0,2,0,1,1,0,1,1,3,5,1,3,0,2,1,0,0,2,0,1,0,0,Experienced,TRUE,0.375,0.75,1.142857143
620f0a,1,Clip35,4.8133,Experienced,37,Male,Yes,18.08,No,0,0,1,0,0,2,0,1,1,0,1,1,3,5,1,3,0,2,1,0,0,2,0,1,0,0,Experienced,TRUE,0.375,0.75,1.142857143
620f0a,1,Clip37,2.1317,Experienced,37,Male,Yes,18.08,No,0,0,1,0,0,2,0,1,1,0,1,1,3,5,1,3,0,2,1,0,0,2,0,1,0,0,Experienced,TRUE,0.375,0.75,1.142857143
620f0a,0,Clip31,4.5716,Experienced,37,Male,Yes,18.08,No,0,0,1,0,0,2,0,1,1,0,1,1,3,5,1,3,0,2,1,0,0,2,0,1,0,0,Experienced,TRUE,0.375,0.75,1.142857143
620f0a,1,Clip27,3.8784,Experienced,37,Male,Yes,18.08,No,0,0,1,0,0,2,0,1,1,0,1,1,3,5,1,3,0,2,1,0,0,2,0,1,0,0,Experienced,TRUE,0.375,0.75,1.142857143
620f0a,1,Clip18,7.0308,Experienced,37,Male,Yes,18.08,No,0,0,1,0,0,2,0,1,1,0,1,1,3,5,1,3,0,2,1,0,0,2,0,1,0,0,Experienced,TRUE,0.375,0.75,1.142857143
620f0a,0,Clip21,8.5471,Experienced,37,Male,Yes,18.08,No,0,0,1,0,0,2,0,1,1,0,1,1,3,5,1,3,0,2,1,0,0,2,0,1,0,0,Experienced,TRUE,0.375,0.75,1.142857143
620f0a,1,Clip13,5.9538,Experienced,37,Male,Yes,18.08,No,0,0,1,0,0,2,0,1,1,0,1,1,3,5,1,3,0,2,1,0,0,2,0,1,0,0,Experienced,TRUE,0.375,0.75,1.142857143
620f0a,1,Clip20,2.2939,Experienced,37,Male,Yes,18.08,No,0,0,1,0,0,2,0,1,1,0,1,1,3,5,1,3,0,2,1,0,0,2,0,1,0,0,Experienced,TRUE,0.375,0.75,1.142857143
620f0a,1,Clip09,2.8672,Experienced,37,Male,Yes,18.08,No,0,0,1,0,0,2,0,1,1,0,1,1,3,5,1,3,0,2,1,0,0,2,0,1,0,0,Experienced,TRUE,0.375,0.75,1.142857143
620f0a,0,Clip04,7.0551,Experienced,37,Male,Yes,18.08,No,0,0,1,0,0,2,0,1,1,0,1,1,3,5,1,3,0,2,1,0,0,2,0,1,0,0,Experienced,TRUE,0.375,0.75,1.142857143
620f0a,0,Clip39,14.0258,Experienced,37,Male,Yes,18.08,No,0,0,1,0,0,2,0,1,1,0,1,1,3,5,1,3,0,2,1,0,0,2,0,1,0,0,Experienced,TRUE,0.375,0.75,1.142857143
620f0a,1,Clip11,23.0887,Experienced,37,Male,Yes,18.08,No,0,0,1,0,0,2,0,1,1,0,1,1,3,5,1,3,0,2,1,0,0,2,0,1,0,0,Experienced,TRUE,0.375,0.75,1.142857143
620f0a,1,Clip23,1.835,Experienced,37,Male,Yes,18.08,No,0,0,1,0,0,2,0,1,1,0,1,1,3,5,1,3,0,2,1,0,0,2,0,1,0,0,Experienced,TRUE,0.375,0.75,1.142857143
620f0a,1,Clip01,3.5571,Experienced,37,Male,Yes,18.08,No,0,0,1,0,0,2,0,1,1,0,1,1,3,5,1,3,0,2,1,0,0,2,0,1,0,0,Experienced,TRUE,0.375,0.75,1.142857143
620f0a,1,Clip07,5.6625,Experienced,37,Male,Yes,18.08,No,0,0,1,0,0,2,0,1,1,0,1,1,3,5,1,3,0,2,1,0,0,2,0,1,0,0,Experienced,TRUE,0.375,0.75,1.142857143
620f0a,1,Clip25,6.486,Experienced,37,Male,Yes,18.08,No,0,0,1,0,0,2,0,1,1,0,1,1,3,5,1,3,0,2,1,0,0,2,0,1,0,0,Experienced,TRUE,0.375,0.75,1.142857143
620f0a,1,Clip03,3.9202,Experienced,37,Male,Yes,18.08,No,0,0,1,0,0,2,0,1,1,0,1,1,3,5,1,3,0,2,1,0,0,2,0,1,0,0,Experienced,TRUE,0.375,0.75,1.142857143
620f0a,0,Clip36,3.8357,Experienced,37,Male,Yes,18.08,No,0,0,1,0,0,2,0,1,1,0,1,1,3,5,1,3,0,2,1,0,0,2,0,1,0,0,Experienced,TRUE,0.375,0.75,1.142857143
620f0a,1,Clip30,3.5206,Experienced,37,Male,Yes,18.08,No,0,0,1,0,0,2,0,1,1,0,1,1,3,5,1,3,0,2,1,0,0,2,0,1,0,0,Experienced,TRUE,0.375,0.75,1.142857143
620f0a,1,Clip24,4.0298,Experienced,37,Male,Yes,18.08,No,0,0,1,0,0,2,0,1,1,0,1,1,3,5,1,3,0,2,1,0,0,2,0,1,0,0,Experienced,TRUE,0.375,0.75,1.142857143
620f0a,1,Clip28,4.004,Experienced,37,Male,Yes,18.08,No,0,0,1,0,0,2,0,1,1,0,1,1,3,5,1,3,0,2,1,0,0,2,0,1,0,0,Experienced,TRUE,0.375,0.75,1.142857143
620f0a,0,Clip08,24.3402,Experienced,37,Male,Yes,18.08,No,0,0,1,0,0,2,0,1,1,0,1,1,3,5,1,3,0,2,1,0,0,2,0,1,0,0,Experienced,TRUE,0.375,0.75,1.142857143
620f0a,0,Clip17,11.0886,Experienced,37,Male,Yes,18.08,No,0,0,1,0,0,2,0,1,1,0,1,1,3,5,1,3,0,2,1,0,0,2,0,1,0,0,Experienced,TRUE,0.375,0.75,1.142857143
620f0a,1,Clip10,2.5554,Experienced,37,Male,Yes,18.08,No,0,0,1,0,0,2,0,1,1,0,1,1,3,5,1,3,0,2,1,0,0,2,0,1,0,0,Experienced,TRUE,0.375,0.75,1.142857143
620f0a,1,Clip33,4.4876,Experienced,37,Male,Yes,18.08,No,0,0,1,0,0,2,0,1,1,0,1,1,3,5,1,3,0,2,1,0,0,2,0,1,0,0,Experienced,TRUE,0.375,0.75,1.142857143
620f0a,1,Clip16,4.0726,Experienced,37,Male,Yes,18.08,No,0,0,1,0,0,2,0,1,1,0,1,1,3,5,1,3,0,2,1,0,0,2,0,1,0,0,Experienced,TRUE,0.375,0.75,1.142857143
620f0a,1,Clip12,4.25,Experienced,37,Male,Yes,18.08,No,0,0,1,0,0,2,0,1,1,0,1,1,3,5,1,3,0,2,1,0,0,2,0,1,0,0,Experienced,TRUE,0.375,0.75,1.142857143
620f0a,1,Clip32,6.1387,Experienced,37,Male,Yes,18.08,No,0,0,1,0,0,2,0,1,1,0,1,1,3,5,1,3,0,2,1,0,0,2,0,1,0,0,Experienced,TRUE,0.375,0.75,1.142857143
620f0a,1,Clip15,2.9051,Experienced,37,Male,Yes,18.08,No,0,0,1,0,0,2,0,1,1,0,1,1,3,5,1,3,0,2,1,0,0,2,0,1,0,0,Experienced,TRUE,0.375,0.75,1.142857143
620f0a,1,Clip38,2.1741,Experienced,37,Male,Yes,18.08,No,0,0,1,0,0,2,0,1,1,0,1,1,3,5,1,3,0,2,1,0,0,2,0,1,0,0,Experienced,TRUE,0.375,0.75,1.142857143
620f0a,1,Clip34,3.4036,Experienced,37,Male,Yes,18.08,No,0,0,1,0,0,2,0,1,1,0,1,1,3,5,1,3,0,2,1,0,0,2,0,1,0,0,Experienced,TRUE,0.375,0.75,1.142857143
620f0a,0,Clip22,6.9539,Experienced,37,Male,Yes,18.08,No,0,0,1,0,0,2,0,1,1,0,1,1,3,5,1,3,0,2,1,0,0,2,0,1,0,0,Experienced,TRUE,0.375,0.75,1.142857143
620f0a,1,Clip40,3.9405,Experienced,37,Male,Yes,18.08,No,0,0,1,0,0,2,0,1,1,0,1,1,3,5,1,3,0,2,1,0,0,2,0,1,0,0,Experienced,TRUE,0.375,0.75,1.142857143
620f0a,1,Clip26,2.8462,Experienced,37,Male,Yes,18.08,No,0,0,1,0,0,2,0,1,1,0,1,1,3,5,1,3,0,2,1,0,0,2,0,1,0,0,Experienced,TRUE,0.375,0.75,1.142857143
620f0a,1,Clip06,4.9456,Experienced,37,Male,Yes,18.08,No,0,0,1,0,0,2,0,1,1,0,1,1,3,5,1,3,0,2,1,0,0,2,0,1,0,0,Experienced,TRUE,0.375,0.75,1.142857143
620f0a,1,Clip19,2.7726,Experienced,37,Male,Yes,18.08,No,0,0,1,0,0,2,0,1,1,0,1,1,3,5,1,3,0,2,1,0,0,2,0,1,0,0,Experienced,TRUE,0.375,0.75,1.142857143
60541e,1,Clip08,5.9476,Experienced,44,Female,Yes,19,No,0,0,1,2,0,2,0,2,2,1,0,1,3,5,0,1,0,0,2,2,1,2,1,0,0,0,Experienced,TRUE,0.5,1.25,1.142857143
60541e,1,Clip01,5.3562,Experienced,44,Female,Yes,19,No,0,0,1,2,0,2,0,2,2,1,0,1,3,5,0,1,0,0,2,2,1,2,1,0,0,0,Experienced,TRUE,0.5,1.25,1.142857143
60541e,1,Clip06,2.0071,Experienced,44,Female,Yes,19,No,0,0,1,2,0,2,0,2,2,1,0,1,3,5,0,1,0,0,2,2,1,2,1,0,0,0,Experienced,TRUE,0.5,1.25,1.142857143
60541e,1,Clip23,2.1186,Experienced,44,Female,Yes,19,No,0,0,1,2,0,2,0,2,2,1,0,1,3,5,0,1,0,0,2,2,1,2,1,0,0,0,Experienced,TRUE,0.5,1.25,1.142857143
60541e,1,Clip14,3.0595,Experienced,44,Female,Yes,19,No,0,0,1,2,0,2,0,2,2,1,0,1,3,5,0,1,0,0,2,2,1,2,1,0,0,0,Experienced,TRUE,0.5,1.25,1.142857143
60541e,1,Clip05,3.2525,Experienced,44,Female,Yes,19,No,0,0,1,2,0,2,0,2,2,1,0,1,3,5,0,1,0,0,2,2,1,2,1,0,0,0,Experienced,TRUE,0.5,1.25,1.142857143
60541e,1,Clip16,2.7546,Experienced,44,Female,Yes,19,No,0,0,1,2,0,2,0,2,2,1,0,1,3,5,0,1,0,0,2,2,1,2,1,0,0,0,Experienced,TRUE,0.5,1.25,1.142857143
60541e,1,Clip04,6.1804,Experienced,44,Female,Yes,19,No,0,0,1,2,0,2,0,2,2,1,0,1,3,5,0,1,0,0,2,2,1,2,1,0,0,0,Experienced,TRUE,0.5,1.25,1.142857143
60541e,1,Clip30,3.7752,Experienced,44,Female,Yes,19,No,0,0,1,2,0,2,0,2,2,1,0,1,3,5,0,1,0,0,2,2,1,2,1,0,0,0,Experienced,TRUE,0.5,1.25,1.142857143
60541e,1,Clip11,6.0962,Experienced,44,Female,Yes,19,No,0,0,1,2,0,2,0,2,2,1,0,1,3,5,0,1,0,0,2,2,1,2,1,0,0,0,Experienced,TRUE,0.5,1.25,1.142857143
60541e,1,Clip24,3.5099,Experienced,44,Female,Yes,19,No,0,0,1,2,0,2,0,2,2,1,0,1,3,5,0,1,0,0,2,2,1,2,1,0,0,0,Experienced,TRUE,0.5,1.25,1.142857143
60541e,1,Clip33,3.8813,Experienced,44,Female,Yes,19,No,0,0,1,2,0,2,0,2,2,1,0,1,3,5,0,1,0,0,2,2,1,2,1,0,0,0,Experienced,TRUE,0.5,1.25,1.142857143
60541e,1,Clip27,3.4905,Experienced,44,Female,Yes,19,No,0,0,1,2,0,2,0,2,2,1,0,1,3,5,0,1,0,0,2,2,1,2,1,0,0,0,Experienced,TRUE,0.5,1.25,1.142857143
60541e,1,Clip22,3.7235,Experienced,44,Female,Yes,19,No,0,0,1,2,0,2,0,2,2,1,0,1,3,5,0,1,0,0,2,2,1,2,1,0,0,0,Experienced,TRUE,0.5,1.25,1.142857143
60541e,1,Clip15,2.8374,Experienced,44,Female,Yes,19,No,0,0,1,2,0,2,0,2,2,1,0,1,3,5,0,1,0,0,2,2,1,2,1,0,0,0,Experienced,TRUE,0.5,1.25,1.142857143
60541e,1,Clip34,5.3717,Experienced,44,Female,Yes,19,No,0,0,1,2,0,2,0,2,2,1,0,1,3,5,0,1,0,0,2,2,1,2,1,0,0,0,Experienced,TRUE,0.5,1.25,1.142857143
60541e,1,Clip12,2.3246,Experienced,44,Female,Yes,19,No,0,0,1,2,0,2,0,2,2,1,0,1,3,5,0,1,0,0,2,2,1,2,1,0,0,0,Experienced,TRUE,0.5,1.25,1.142857143
60541e,1,Clip40,5.063,Experienced,44,Female,Yes,19,No,0,0,1,2,0,2,0,2,2,1,0,1,3,5,0,1,0,0,2,2,1,2,1,0,0,0,Experienced,TRUE,0.5,1.25,1.142857143
60541e,1,Clip25,4.9943,Experienced,44,Female,Yes,19,No,0,0,1,2,0,2,0,2,2,1,0,1,3,5,0,1,0,0,2,2,1,2,1,0,0,0,Experienced,TRUE,0.5,1.25,1.142857143
60541e,1,Clip13,5.2583,Experienced,44,Female,Yes,19,No,0,0,1,2,0,2,0,2,2,1,0,1,3,5,0,1,0,0,2,2,1,2,1,0,0,0,Experienced,TRUE,0.5,1.25,1.142857143
60541e,1,Clip28,9.6128,Experienced,44,Female,Yes,19,No,0,0,1,2,0,2,0,2,2,1,0,1,3,5,0,1,0,0,2,2,1,2,1,0,0,0,Experienced,TRUE,0.5,1.25,1.142857143
60541e,1,Clip03,3.4799,Experienced,44,Female,Yes,19,No,0,0,1,2,0,2,0,2,2,1,0,1,3,5,0,1,0,0,2,2,1,2,1,0,0,0,Experienced,TRUE,0.5,1.25,1.142857143
60541e,1,Clip26,5.2526,Experienced,44,Female,Yes,19,No,0,0,1,2,0,2,0,2,2,1,0,1,3,5,0,1,0,0,2,2,1,2,1,0,0,0,Experienced,TRUE,0.5,1.25,1.142857143
60541e,1,Clip21,4.0658,Experienced,44,Female,Yes,19,No,0,0,1,2,0,2,0,2,2,1,0,1,3,5,0,1,0,0,2,2,1,2,1,0,0,0,Experienced,TRUE,0.5,1.25,1.142857143
60541e,1,Clip38,5.9156,Experienced,44,Female,Yes,19,No,0,0,1,2,0,2,0,2,2,1,0,1,3,5,0,1,0,0,2,2,1,2,1,0,0,0,Experienced,TRUE,0.5,1.25,1.142857143
60541e,1,Clip19,5.4123,Experienced,44,Female,Yes,19,No,0,0,1,2,0,2,0,2,2,1,0,1,3,5,0,1,0,0,2,2,1,2,1,0,0,0,Experienced,TRUE,0.5,1.25,1.142857143
60541e,1,Clip39,3.7555,Experienced,44,Female,Yes,19,No,0,0,1,2,0,2,0,2,2,1,0,1,3,5,0,1,0,0,2,2,1,2,1,0,0,0,Experienced,TRUE,0.5,1.25,1.142857143
60541e,1,Clip10,6.5087,Experienced,44,Female,Yes,19,No,0,0,1,2,0,2,0,2,2,1,0,1,3,5,0,1,0,0,2,2,1,2,1,0,0,0,Experienced,TRUE,0.5,1.25,1.142857143
60541e,0,Clip09,2.444,Experienced,44,Female,Yes,19,No,0,0,1,2,0,2,0,2,2,1,0,1,3,5,0,1,0,0,2,2,1,2,1,0,0,0,Experienced,TRUE,0.5,1.25,1.142857143
60541e,1,Clip02,3.0711,Experienced,44,Female,Yes,19,No,0,0,1,2,0,2,0,2,2,1,0,1,3,5,0,1,0,0,2,2,1,2,1,0,0,0,Experienced,TRUE,0.5,1.25,1.142857143
60541e,1,Clip20,7.201,Experienced,44,Female,Yes,19,No,0,0,1,2,0,2,0,2,2,1,0,1,3,5,0,1,0,0,2,2,1,2,1,0,0,0,Experienced,TRUE,0.5,1.25,1.142857143
60541e,1,Clip18,6.2797,Experienced,44,Female,Yes,19,No,0,0,1,2,0,2,0,2,2,1,0,1,3,5,0,1,0,0,2,2,1,2,1,0,0,0,Experienced,TRUE,0.5,1.25,1.142857143
60541e,1,Clip36,2.254,Experienced,44,Female,Yes,19,No,0,0,1,2,0,2,0,2,2,1,0,1,3,5,0,1,0,0,2,2,1,2,1,0,0,0,Experienced,TRUE,0.5,1.25,1.142857143
60541e,1,Clip37,4.7039,Experienced,44,Female,Yes,19,No,0,0,1,2,0,2,0,2,2,1,0,1,3,5,0,1,0,0,2,2,1,2,1,0,0,0,Experienced,TRUE,0.5,1.25,1.142857143
60541e,0,Clip07,9.573,Experienced,44,Female,Yes,19,No,0,0,1,2,0,2,0,2,2,1,0,1,3,5,0,1,0,0,2,2,1,2,1,0,0,0,Experienced,TRUE,0.5,1.25,1.142857143
60541e,1,Clip17,10.0524,Experienced,44,Female,Yes,19,No,0,0,1,2,0,2,0,2,2,1,0,1,3,5,0,1,0,0,2,2,1,2,1,0,0,0,Experienced,TRUE,0.5,1.25,1.142857143
60541e,1,Clip29,4.5905,Experienced,44,Female,Yes,19,No,0,0,1,2,0,2,0,2,2,1,0,1,3,5,0,1,0,0,2,2,1,2,1,0,0,0,Experienced,TRUE,0.5,1.25,1.142857143
60541e,1,Clip32,13.771,Experienced,44,Female,Yes,19,No,0,0,1,2,0,2,0,2,2,1,0,1,3,5,0,1,0,0,2,2,1,2,1,0,0,0,Experienced,TRUE,0.5,1.25,1.142857143
60541e,1,Clip31,13.2804,Experienced,44,Female,Yes,19,No,0,0,1,2,0,2,0,2,2,1,0,1,3,5,0,1,0,0,2,2,1,2,1,0,0,0,Experienced,TRUE,0.5,1.25,1.142857143
60541e,1,Clip35,7.0143,Experienced,44,Female,Yes,19,No,0,0,1,2,0,2,0,2,2,1,0,1,3,5,0,1,0,0,2,2,1,2,1,0,0,0,Experienced,TRUE,0.5,1.25,1.142857143
60ea10,1,Clip13,6.3751,Experienced,31,Female,Yes,8.5,No,0,0,1,0,0,3,1,1,2,0,0,1,2,5,1,0,0,0,0,1,0,0,0,1,0,0,Experienced,TRUE,0.25,0.875,0.714285714
60ea10,1,Clip33,5.211,Experienced,31,Female,Yes,8.5,No,0,0,1,0,0,3,1,1,2,0,0,1,2,5,1,0,0,0,0,1,0,0,0,1,0,0,Experienced,TRUE,0.25,0.875,0.714285714
60ea10,1,Clip40,2.8031,Experienced,31,Female,Yes,8.5,No,0,0,1,0,0,3,1,1,2,0,0,1,2,5,1,0,0,0,0,1,0,0,0,1,0,0,Experienced,TRUE,0.25,0.875,0.714285714
60ea10,1,Clip28,3.8767,Experienced,31,Female,Yes,8.5,No,0,0,1,0,0,3,1,1,2,0,0,1,2,5,1,0,0,0,0,1,0,0,0,1,0,0,Experienced,TRUE,0.25,0.875,0.714285714
60ea10,0,Clip25,6.0117,Experienced,31,Female,Yes,8.5,No,0,0,1,0,0,3,1,1,2,0,0,1,2,5,1,0,0,0,0,1,0,0,0,1,0,0,Experienced,TRUE,0.25,0.875,0.714285714
60ea10,1,Clip18,4.292,Experienced,31,Female,Yes,8.5,No,0,0,1,0,0,3,1,1,2,0,0,1,2,5,1,0,0,0,0,1,0,0,0,1,0,0,Experienced,TRUE,0.25,0.875,0.714285714
60ea10,0,Clip26,8.3586,Experienced,31,Female,Yes,8.5,No,0,0,1,0,0,3,1,1,2,0,0,1,2,5,1,0,0,0,0,1,0,0,0,1,0,0,Experienced,TRUE,0.25,0.875,0.714285714
60ea10,0,Clip16,6.1667,Experienced,31,Female,Yes,8.5,No,0,0,1,0,0,3,1,1,2,0,0,1,2,5,1,0,0,0,0,1,0,0,0,1,0,0,Experienced,TRUE,0.25,0.875,0.714285714
60ea10,0,Clip23,4.089,Experienced,31,Female,Yes,8.5,No,0,0,1,0,0,3,1,1,2,0,0,1,2,5,1,0,0,0,0,1,0,0,0,1,0,0,Experienced,TRUE,0.25,0.875,0.714285714
60ea10,1,Clip06,3.5888,Experienced,31,Female,Yes,8.5,No,0,0,1,0,0,3,1,1,2,0,0,1,2,5,1,0,0,0,0,1,0,0,0,1,0,0,Experienced,TRUE,0.25,0.875,0.714285714
60ea10,1,Clip27,6.642,Experienced,31,Female,Yes,8.5,No,0,0,1,0,0,3,1,1,2,0,0,1,2,5,1,0,0,0,0,1,0,0,0,1,0,0,Experienced,TRUE,0.25,0.875,0.714285714
60ea10,1,Clip01,7.4765,Experienced,31,Female,Yes,8.5,No,0,0,1,0,0,3,1,1,2,0,0,1,2,5,1,0,0,0,0,1,0,0,0,1,0,0,Experienced,TRUE,0.25,0.875,0.714285714
60ea10,1,Clip12,4.9172,Experienced,31,Female,Yes,8.5,No,0,0,1,0,0,3,1,1,2,0,0,1,2,5,1,0,0,0,0,1,0,0,0,1,0,0,Experienced,TRUE,0.25,0.875,0.714285714
60ea10,1,Clip39,5.3212,Experienced,31,Female,Yes,8.5,No,0,0,1,0,0,3,1,1,2,0,0,1,2,5,1,0,0,0,0,1,0,0,0,1,0,0,Experienced,TRUE,0.25,0.875,0.714285714
60ea10,0,Clip04,4.5528,Experienced,31,Female,Yes,8.5,No,0,0,1,0,0,3,1,1,2,0,0,1,2,5,1,0,0,0,0,1,0,0,0,1,0,0,Experienced,TRUE,0.25,0.875,0.714285714
60ea10,1,Clip10,3.8301,Experienced,31,Female,Yes,8.5,No,0,0,1,0,0,3,1,1,2,0,0,1,2,5,1,0,0,0,0,1,0,0,0,1,0,0,Experienced,TRUE,0.25,0.875,0.714285714
60ea10,1,Clip35,4.3224,Experienced,31,Female,Yes,8.5,No,0,0,1,0,0,3,1,1,2,0,0,1,2,5,1,0,0,0,0,1,0,0,0,1,0,0,Experienced,TRUE,0.25,0.875,0.714285714
60ea10,0,Clip08,5.946,Experienced,31,Female,Yes,8.5,No,0,0,1,0,0,3,1,1,2,0,0,1,2,5,1,0,0,0,0,1,0,0,0,1,0,0,Experienced,TRUE,0.25,0.875,0.714285714
60ea10,0,Clip20,4.6143,Experienced,31,Female,Yes,8.5,No,0,0,1,0,0,3,1,1,2,0,0,1,2,5,1,0,0,0,0,1,0,0,0,1,0,0,Experienced,TRUE,0.25,0.875,0.714285714
60ea10,1,Clip21,4.6134,Experienced,31,Female,Yes,8.5,No,0,0,1,0,0,3,1,1,2,0,0,1,2,5,1,0,0,0,0,1,0,0,0,1,0,0,Experienced,TRUE,0.25,0.875,0.714285714
60ea10,1,Clip24,3.4097,Experienced,31,Female,Yes,8.5,No,0,0,1,0,0,3,1,1,2,0,0,1,2,5,1,0,0,0,0,1,0,0,0,1,0,0,Experienced,TRUE,0.25,0.875,0.714285714
60ea10,1,Clip02,3.1773,Experienced,31,Female,Yes,8.5,No,0,0,1,0,0,3,1,1,2,0,0,1,2,5,1,0,0,0,0,1,0,0,0,1,0,0,Experienced,TRUE,0.25,0.875,0.714285714
60ea10,1,Clip36,3.738,Experienced,31,Female,Yes,8.5,No,0,0,1,0,0,3,1,1,2,0,0,1,2,5,1,0,0,0,0,1,0,0,0,1,0,0,Experienced,TRUE,0.25,0.875,0.714285714
60ea10,0,Clip03,7.257,Experienced,31,Female,Yes,8.5,No,0,0,1,0,0,3,1,1,2,0,0,1,2,5,1,0,0,0,0,1,0,0,0,1,0,0,Experienced,TRUE,0.25,0.875,0.714285714
60ea10,0,Clip38,4.0516,Experienced,31,Female,Yes,8.5,No,0,0,1,0,0,3,1,1,2,0,0,1,2,5,1,0,0,0,0,1,0,0,0,1,0,0,Experienced,TRUE,0.25,0.875,0.714285714
60ea10,1,Clip29,7.8939,Experienced,31,Female,Yes,8.5,No,0,0,1,0,0,3,1,1,2,0,0,1,2,5,1,0,0,0,0,1,0,0,0,1,0,0,Experienced,TRUE,0.25,0.875,0.714285714
60ea10,1,Clip05,7.9636,Experienced,31,Female,Yes,8.5,No,0,0,1,0,0,3,1,1,2,0,0,1,2,5,1,0,0,0,0,1,0,0,0,1,0,0,Experienced,TRUE,0.25,0.875,0.714285714
60ea10,1,Clip32,5.3984,Experienced,31,Female,Yes,8.5,No,0,0,1,0,0,3,1,1,2,0,0,1,2,5,1,0,0,0,0,1,0,0,0,1,0,0,Experienced,TRUE,0.25,0.875,0.714285714
60ea10,1,Clip11,4.8035,Experienced,31,Female,Yes,8.5,No,0,0,1,0,0,3,1,1,2,0,0,1,2,5,1,0,0,0,0,1,0,0,0,1,0,0,Experienced,TRUE,0.25,0.875,0.714285714
60ea10,0,Clip09,6.8276,Experienced,31,Female,Yes,8.5,No,0,0,1,0,0,3,1,1,2,0,0,1,2,5,1,0,0,0,0,1,0,0,0,1,0,0,Experienced,TRUE,0.25,0.875,0.714285714
60ea10,0,Clip17,5.1119,Experienced,31,Female,Yes,8.5,No,0,0,1,0,0,3,1,1,2,0,0,1,2,5,1,0,0,0,0,1,0,0,0,1,0,0,Experienced,TRUE,0.25,0.875,0.714285714
60ea10,1,Clip07,4.6444,Experienced,31,Female,Yes,8.5,No,0,0,1,0,0,3,1,1,2,0,0,1,2,5,1,0,0,0,0,1,0,0,0,1,0,0,Experienced,TRUE,0.25,0.875,0.714285714
60ea10,0,Clip34,10.7132,Experienced,31,Female,Yes,8.5,No,0,0,1,0,0,3,1,1,2,0,0,1,2,5,1,0,0,0,0,1,0,0,0,1,0,0,Experienced,TRUE,0.25,0.875,0.714285714
60ea10,0,Clip22,3.9589,Experienced,31,Female,Yes,8.5,No,0,0,1,0,0,3,1,1,2,0,0,1,2,5,1,0,0,0,0,1,0,0,0,1,0,0,Experienced,TRUE,0.25,0.875,0.714285714
60ea10,1,Clip31,2.736,Experienced,31,Female,Yes,8.5,No,0,0,1,0,0,3,1,1,2,0,0,1,2,5,1,0,0,0,0,1,0,0,0,1,0,0,Experienced,TRUE,0.25,0.875,0.714285714
60ea10,1,Clip19,6.7187,Experienced,31,Female,Yes,8.5,No,0,0,1,0,0,3,1,1,2,0,0,1,2,5,1,0,0,0,0,1,0,0,0,1,0,0,Experienced,TRUE,0.25,0.875,0.714285714
60ea10,1,Clip37,3.5454,Experienced,31,Female,Yes,8.5,No,0,0,1,0,0,3,1,1,2,0,0,1,2,5,1,0,0,0,0,1,0,0,0,1,0,0,Experienced,TRUE,0.25,0.875,0.714285714
60ea10,1,Clip15,6.9617,Experienced,31,Female,Yes,8.5,No,0,0,1,0,0,3,1,1,2,0,0,1,2,5,1,0,0,0,0,1,0,0,0,1,0,0,Experienced,TRUE,0.25,0.875,0.714285714
60ea10,1,Clip14,5.1023,Experienced,31,Female,Yes,8.5,No,0,0,1,0,0,3,1,1,2,0,0,1,2,5,1,0,0,0,0,1,0,0,0,1,0,0,Experienced,TRUE,0.25,0.875,0.714285714
60ea10,0,Clip30,2.6081,Experienced,31,Female,Yes,8.5,No,0,0,1,0,0,3,1,1,2,0,0,1,2,5,1,0,0,0,0,1,0,0,0,1,0,0,Experienced,TRUE,0.25,0.875,0.714285714
5e3703,1,Clip30,8.8393,Experienced,43,Female,Yes,26,No,0,0,2,2,0,0,0,0,0,1,1,0,3,5,0,1,1,0,1,1,1,1,0,1,1,0,Experienced,TRUE,0.5,0.375,1.285714286
5e3703,0,Clip28,9.6127,Experienced,43,Female,Yes,26,No,0,0,2,2,0,0,0,0,0,1,1,0,3,5,0,1,1,0,1,1,1,1,0,1,1,0,Experienced,TRUE,0.5,0.375,1.285714286
5e3703,0,Clip11,8.1276,Experienced,43,Female,Yes,26,No,0,0,2,2,0,0,0,0,0,1,1,0,3,5,0,1,1,0,1,1,1,1,0,1,1,0,Experienced,TRUE,0.5,0.375,1.285714286
5e3703,1,Clip40,4.3807,Experienced,43,Female,Yes,26,No,0,0,2,2,0,0,0,0,0,1,1,0,3,5,0,1,1,0,1,1,1,1,0,1,1,0,Experienced,TRUE,0.5,0.375,1.285714286
5e3703,1,Clip37,3.156,Experienced,43,Female,Yes,26,No,0,0,2,2,0,0,0,0,0,1,1,0,3,5,0,1,1,0,1,1,1,1,0,1,1,0,Experienced,TRUE,0.5,0.375,1.285714286
5e3703,1,Clip14,6.5557,Experienced,43,Female,Yes,26,No,0,0,2,2,0,0,0,0,0,1,1,0,3,5,0,1,1,0,1,1,1,1,0,1,1,0,Experienced,TRUE,0.5,0.375,1.285714286
5e3703,1,Clip33,9.0803,Experienced,43,Female,Yes,26,No,0,0,2,2,0,0,0,0,0,1,1,0,3,5,0,1,1,0,1,1,1,1,0,1,1,0,Experienced,TRUE,0.5,0.375,1.285714286
5e3703,1,Clip26,2.6676,Experienced,43,Female,Yes,26,No,0,0,2,2,0,0,0,0,0,1,1,0,3,5,0,1,1,0,1,1,1,1,0,1,1,0,Experienced,TRUE,0.5,0.375,1.285714286
5e3703,0,Clip05,2.7435,Experienced,43,Female,Yes,26,No,0,0,2,2,0,0,0,0,0,1,1,0,3,5,0,1,1,0,1,1,1,1,0,1,1,0,Experienced,TRUE,0.5,0.375,1.285714286
5e3703,1,Clip35,13.7478,Experienced,43,Female,Yes,26,No,0,0,2,2,0,0,0,0,0,1,1,0,3,5,0,1,1,0,1,1,1,1,0,1,1,0,Experienced,TRUE,0.5,0.375,1.285714286
5e3703,1,Clip07,11.8127,Experienced,43,Female,Yes,26,No,0,0,2,2,0,0,0,0,0,1,1,0,3,5,0,1,1,0,1,1,1,1,0,1,1,0,Experienced,TRUE,0.5,0.375,1.285714286
5e3703,0,Clip21,12.6188,Experienced,43,Female,Yes,26,No,0,0,2,2,0,0,0,0,0,1,1,0,3,5,0,1,1,0,1,1,1,1,0,1,1,0,Experienced,TRUE,0.5,0.375,1.285714286
5e3703,1,Clip13,7.9141,Experienced,43,Female,Yes,26,No,0,0,2,2,0,0,0,0,0,1,1,0,3,5,0,1,1,0,1,1,1,1,0,1,1,0,Experienced,TRUE,0.5,0.375,1.285714286
5e3703,1,Clip17,10.1805,Experienced,43,Female,Yes,26,No,0,0,2,2,0,0,0,0,0,1,1,0,3,5,0,1,1,0,1,1,1,1,0,1,1,0,Experienced,TRUE,0.5,0.375,1.285714286
5e3703,1,Clip20,8.0871,Experienced,43,Female,Yes,26,No,0,0,2,2,0,0,0,0,0,1,1,0,3,5,0,1,1,0,1,1,1,1,0,1,1,0,Experienced,TRUE,0.5,0.375,1.285714286
5e3703,1,Clip23,2.9662,Experienced,43,Female,Yes,26,No,0,0,2,2,0,0,0,0,0,1,1,0,3,5,0,1,1,0,1,1,1,1,0,1,1,0,Experienced,TRUE,0.5,0.375,1.285714286
5e3703,1,Clip09,3.2869,Experienced,43,Female,Yes,26,No,0,0,2,2,0,0,0,0,0,1,1,0,3,5,0,1,1,0,1,1,1,1,0,1,1,0,Experienced,TRUE,0.5,0.375,1.285714286
5e3703,1,Clip10,3.9806,Experienced,43,Female,Yes,26,No,0,0,2,2,0,0,0,0,0,1,1,0,3,5,0,1,1,0,1,1,1,1,0,1,1,0,Experienced,TRUE,0.5,0.375,1.285714286
5e3703,0,Clip34,13.3894,Experienced,43,Female,Yes,26,No,0,0,2,2,0,0,0,0,0,1,1,0,3,5,0,1,1,0,1,1,1,1,0,1,1,0,Experienced,TRUE,0.5,0.375,1.285714286
5e3703,1,Clip19,8.0585,Experienced,43,Female,Yes,26,No,0,0,2,2,0,0,0,0,0,1,1,0,3,5,0,1,1,0,1,1,1,1,0,1,1,0,Experienced,TRUE,0.5,0.375,1.285714286
5e3703,1,Clip02,2.7516,Experienced,43,Female,Yes,26,No,0,0,2,2,0,0,0,0,0,1,1,0,3,5,0,1,1,0,1,1,1,1,0,1,1,0,Experienced,TRUE,0.5,0.375,1.285714286
5e3703,1,Clip22,2.2465,Experienced,43,Female,Yes,26,No,0,0,2,2,0,0,0,0,0,1,1,0,3,5,0,1,1,0,1,1,1,1,0,1,1,0,Experienced,TRUE,0.5,0.375,1.285714286
5e3703,0,Clip38,4.7977,Experienced,43,Female,Yes,26,No,0,0,2,2,0,0,0,0,0,1,1,0,3,5,0,1,1,0,1,1,1,1,0,1,1,0,Experienced,TRUE,0.5,0.375,1.285714286
5e3703,1,Clip29,3.562,Experienced,43,Female,Yes,26,No,0,0,2,2,0,0,0,0,0,1,1,0,3,5,0,1,1,0,1,1,1,1,0,1,1,0,Experienced,TRUE,0.5,0.375,1.285714286
5e3703,0,Clip32,13.9511,Experienced,43,Female,Yes,26,No,0,0,2,2,0,0,0,0,0,1,1,0,3,5,0,1,1,0,1,1,1,1,0,1,1,0,Experienced,TRUE,0.5,0.375,1.285714286
5e3703,1,Clip06,2.5307,Experienced,43,Female,Yes,26,No,0,0,2,2,0,0,0,0,0,1,1,0,3,5,0,1,1,0,1,1,1,1,0,1,1,0,Experienced,TRUE,0.5,0.375,1.285714286
5e3703,1,Clip03,9.7798,Experienced,43,Female,Yes,26,No,0,0,2,2,0,0,0,0,0,1,1,0,3,5,0,1,1,0,1,1,1,1,0,1,1,0,Experienced,TRUE,0.5,0.375,1.285714286
5e3703,1,Clip27,12.848,Experienced,43,Female,Yes,26,No,0,0,2,2,0,0,0,0,0,1,1,0,3,5,0,1,1,0,1,1,1,1,0,1,1,0,Experienced,TRUE,0.5,0.375,1.285714286
5e3703,1,Clip24,3.532,Experienced,43,Female,Yes,26,No,0,0,2,2,0,0,0,0,0,1,1,0,3,5,0,1,1,0,1,1,1,1,0,1,1,0,Experienced,TRUE,0.5,0.375,1.285714286
5e3703,1,Clip18,4.7988,Experienced,43,Female,Yes,26,No,0,0,2,2,0,0,0,0,0,1,1,0,3,5,0,1,1,0,1,1,1,1,0,1,1,0,Experienced,TRUE,0.5,0.375,1.285714286
5e3703,1,Clip01,5.7227,Experienced,43,Female,Yes,26,No,0,0,2,2,0,0,0,0,0,1,1,0,3,5,0,1,1,0,1,1,1,1,0,1,1,0,Experienced,TRUE,0.5,0.375,1.285714286
5e3703,1,Clip36,3.107,Experienced,43,Female,Yes,26,No,0,0,2,2,0,0,0,0,0,1,1,0,3,5,0,1,1,0,1,1,1,1,0,1,1,0,Experienced,TRUE,0.5,0.375,1.285714286
5e3703,1,Clip04,2.733,Experienced,43,Female,Yes,26,No,0,0,2,2,0,0,0,0,0,1,1,0,3,5,0,1,1,0,1,1,1,1,0,1,1,0,Experienced,TRUE,0.5,0.375,1.285714286
5e3703,1,Clip08,9.3237,Experienced,43,Female,Yes,26,No,0,0,2,2,0,0,0,0,0,1,1,0,3,5,0,1,1,0,1,1,1,1,0,1,1,0,Experienced,TRUE,0.5,0.375,1.285714286
5e3703,1,Clip39,3.5727,Experienced,43,Female,Yes,26,No,0,0,2,2,0,0,0,0,0,1,1,0,3,5,0,1,1,0,1,1,1,1,0,1,1,0,Experienced,TRUE,0.5,0.375,1.285714286
5e3703,1,Clip15,4.7823,Experienced,43,Female,Yes,26,No,0,0,2,2,0,0,0,0,0,1,1,0,3,5,0,1,1,0,1,1,1,1,0,1,1,0,Experienced,TRUE,0.5,0.375,1.285714286
5e3703,1,Clip16,5.3014,Experienced,43,Female,Yes,26,No,0,0,2,2,0,0,0,0,0,1,1,0,3,5,0,1,1,0,1,1,1,1,0,1,1,0,Experienced,TRUE,0.5,0.375,1.285714286
5e3703,1,Clip31,3.4088,Experienced,43,Female,Yes,26,No,0,0,2,2,0,0,0,0,0,1,1,0,3,5,0,1,1,0,1,1,1,1,0,1,1,0,Experienced,TRUE,0.5,0.375,1.285714286
5e3703,0,Clip25,16.3454,Experienced,43,Female,Yes,26,No,0,0,2,2,0,0,0,0,0,1,1,0,3,5,0,1,1,0,1,1,1,1,0,1,1,0,Experienced,TRUE,0.5,0.375,1.285714286
5e3703,1,Clip12,8.1779,Experienced,43,Female,Yes,26,No,0,0,2,2,0,0,0,0,0,1,1,0,3,5,0,1,1,0,1,1,1,1,0,1,1,0,Experienced,TRUE,0.5,0.375,1.285714286
5e633d,1,Clip03,6.4938,Experienced,69,Male,Yes,50,No,0,1,2,2,0,1,2,2,1,1,0,2,2,5,1,1,0,0,1,2,1,2,1,0,1,1,Experienced,TRUE,0.625,1.625,1.142857143
5e633d,0,Clip38,7.0354,Experienced,69,Male,Yes,50,No,0,1,2,2,0,1,2,2,1,1,0,2,2,5,1,1,0,0,1,2,1,2,1,0,1,1,Experienced,TRUE,0.625,1.625,1.142857143
5e633d,1,Clip07,3.297,Experienced,69,Male,Yes,50,No,0,1,2,2,0,1,2,2,1,1,0,2,2,5,1,1,0,0,1,2,1,2,1,0,1,1,Experienced,TRUE,0.625,1.625,1.142857143
5e633d,1,Clip08,9.8524,Experienced,69,Male,Yes,50,No,0,1,2,2,0,1,2,2,1,1,0,2,2,5,1,1,0,0,1,2,1,2,1,0,1,1,Experienced,TRUE,0.625,1.625,1.142857143
5e633d,1,Clip27,4.9558,Experienced,69,Male,Yes,50,No,0,1,2,2,0,1,2,2,1,1,0,2,2,5,1,1,0,0,1,2,1,2,1,0,1,1,Experienced,TRUE,0.625,1.625,1.142857143
5e633d,1,Clip31,2.8427,Experienced,69,Male,Yes,50,No,0,1,2,2,0,1,2,2,1,1,0,2,2,5,1,1,0,0,1,2,1,2,1,0,1,1,Experienced,TRUE,0.625,1.625,1.142857143
5e633d,0,Clip15,8.4878,Experienced,69,Male,Yes,50,No,0,1,2,2,0,1,2,2,1,1,0,2,2,5,1,1,0,0,1,2,1,2,1,0,1,1,Experienced,TRUE,0.625,1.625,1.142857143
5e633d,0,Clip36,3.724,Experienced,69,Male,Yes,50,No,0,1,2,2,0,1,2,2,1,1,0,2,2,5,1,1,0,0,1,2,1,2,1,0,1,1,Experienced,TRUE,0.625,1.625,1.142857143
5e633d,1,Clip39,7.2568,Experienced,69,Male,Yes,50,No,0,1,2,2,0,1,2,2,1,1,0,2,2,5,1,1,0,0,1,2,1,2,1,0,1,1,Experienced,TRUE,0.625,1.625,1.142857143
5e633d,1,Clip24,5.6245,Experienced,69,Male,Yes,50,No,0,1,2,2,0,1,2,2,1,1,0,2,2,5,1,1,0,0,1,2,1,2,1,0,1,1,Experienced,TRUE,0.625,1.625,1.142857143
5e633d,1,Clip19,5.2143,Experienced,69,Male,Yes,50,No,0,1,2,2,0,1,2,2,1,1,0,2,2,5,1,1,0,0,1,2,1,2,1,0,1,1,Experienced,TRUE,0.625,1.625,1.142857143
5e633d,0,Clip35,10.6439,Experienced,69,Male,Yes,50,No,0,1,2,2,0,1,2,2,1,1,0,2,2,5,1,1,0,0,1,2,1,2,1,0,1,1,Experienced,TRUE,0.625,1.625,1.142857143
5e633d,1,Clip18,6.2939,Experienced,69,Male,Yes,50,No,0,1,2,2,0,1,2,2,1,1,0,2,2,5,1,1,0,0,1,2,1,2,1,0,1,1,Experienced,TRUE,0.625,1.625,1.142857143
5e633d,1,Clip09,7.5048,Experienced,69,Male,Yes,50,No,0,1,2,2,0,1,2,2,1,1,0,2,2,5,1,1,0,0,1,2,1,2,1,0,1,1,Experienced,TRUE,0.625,1.625,1.142857143
5e633d,1,Clip04,4.5312,Experienced,69,Male,Yes,50,No,0,1,2,2,0,1,2,2,1,1,0,2,2,5,1,1,0,0,1,2,1,2,1,0,1,1,Experienced,TRUE,0.625,1.625,1.142857143
5e633d,1,Clip34,8.5451,Experienced,69,Male,Yes,50,No,0,1,2,2,0,1,2,2,1,1,0,2,2,5,1,1,0,0,1,2,1,2,1,0,1,1,Experienced,TRUE,0.625,1.625,1.142857143
5e633d,1,Clip10,8.4101,Experienced,69,Male,Yes,50,No,0,1,2,2,0,1,2,2,1,1,0,2,2,5,1,1,0,0,1,2,1,2,1,0,1,1,Experienced,TRUE,0.625,1.625,1.142857143
5e633d,1,Clip28,4.5924,Experienced,69,Male,Yes,50,No,0,1,2,2,0,1,2,2,1,1,0,2,2,5,1,1,0,0,1,2,1,2,1,0,1,1,Experienced,TRUE,0.625,1.625,1.142857143
5e633d,1,Clip13,5.0593,Experienced,69,Male,Yes,50,No,0,1,2,2,0,1,2,2,1,1,0,2,2,5,1,1,0,0,1,2,1,2,1,0,1,1,Experienced,TRUE,0.625,1.625,1.142857143
5e633d,1,Clip29,4.3146,Experienced,69,Male,Yes,50,No,0,1,2,2,0,1,2,2,1,1,0,2,2,5,1,1,0,0,1,2,1,2,1,0,1,1,Experienced,TRUE,0.625,1.625,1.142857143
5e633d,1,Clip11,8.0277,Experienced,69,Male,Yes,50,No,0,1,2,2,0,1,2,2,1,1,0,2,2,5,1,1,0,0,1,2,1,2,1,0,1,1,Experienced,TRUE,0.625,1.625,1.142857143
5e633d,1,Clip16,4.9884,Experienced,69,Male,Yes,50,No,0,1,2,2,0,1,2,2,1,1,0,2,2,5,1,1,0,0,1,2,1,2,1,0,1,1,Experienced,TRUE,0.625,1.625,1.142857143
5e633d,1,Clip40,3.0043,Experienced,69,Male,Yes,50,No,0,1,2,2,0,1,2,2,1,1,0,2,2,5,1,1,0,0,1,2,1,2,1,0,1,1,Experienced,TRUE,0.625,1.625,1.142857143
5e633d,0,Clip33,3.9477,Experienced,69,Male,Yes,50,No,0,1,2,2,0,1,2,2,1,1,0,2,2,5,1,1,0,0,1,2,1,2,1,0,1,1,Experienced,TRUE,0.625,1.625,1.142857143
5e633d,1,Clip26,2.988,Experienced,69,Male,Yes,50,No,0,1,2,2,0,1,2,2,1,1,0,2,2,5,1,1,0,0,1,2,1,2,1,0,1,1,Experienced,TRUE,0.625,1.625,1.142857143
5e633d,1,Clip12,5.0925,Experienced,69,Male,Yes,50,No,0,1,2,2,0,1,2,2,1,1,0,2,2,5,1,1,0,0,1,2,1,2,1,0,1,1,Experienced,TRUE,0.625,1.625,1.142857143
5e633d,1,Clip14,3.0017,Experienced,69,Male,Yes,50,No,0,1,2,2,0,1,2,2,1,1,0,2,2,5,1,1,0,0,1,2,1,2,1,0,1,1,Experienced,TRUE,0.625,1.625,1.142857143
5e633d,0,Clip22,6.9744,Experienced,69,Male,Yes,50,No,0,1,2,2,0,1,2,2,1,1,0,2,2,5,1,1,0,0,1,2,1,2,1,0,1,1,Experienced,TRUE,0.625,1.625,1.142857143
5e633d,1,Clip25,8.9034,Experienced,69,Male,Yes,50,No,0,1,2,2,0,1,2,2,1,1,0,2,2,5,1,1,0,0,1,2,1,2,1,0,1,1,Experienced,TRUE,0.625,1.625,1.142857143
5e633d,1,Clip21,6.1299,Experienced,69,Male,Yes,50,No,0,1,2,2,0,1,2,2,1,1,0,2,2,5,1,1,0,0,1,2,1,2,1,0,1,1,Experienced,TRUE,0.625,1.625,1.142857143
5e633d,1,Clip32,5.3084,Experienced,69,Male,Yes,50,No,0,1,2,2,0,1,2,2,1,1,0,2,2,5,1,1,0,0,1,2,1,2,1,0,1,1,Experienced,TRUE,0.625,1.625,1.142857143
5e633d,1,Clip30,5.1296,Experienced,69,Male,Yes,50,No,0,1,2,2,0,1,2,2,1,1,0,2,2,5,1,1,0,0,1,2,1,2,1,0,1,1,Experienced,TRUE,0.625,1.625,1.142857143
5e633d,0,Clip01,3.0197,Experienced,69,Male,Yes,50,No,0,1,2,2,0,1,2,2,1,1,0,2,2,5,1,1,0,0,1,2,1,2,1,0,1,1,Experienced,TRUE,0.625,1.625,1.142857143
5e633d,1,Clip05,2.7994,Experienced,69,Male,Yes,50,No,0,1,2,2,0,1,2,2,1,1,0,2,2,5,1,1,0,0,1,2,1,2,1,0,1,1,Experienced,TRUE,0.625,1.625,1.142857143
5e633d,1,Clip23,3.8405,Experienced,69,Male,Yes,50,No,0,1,2,2,0,1,2,2,1,1,0,2,2,5,1,1,0,0,1,2,1,2,1,0,1,1,Experienced,TRUE,0.625,1.625,1.142857143
5e633d,1,Clip02,2.8279,Experienced,69,Male,Yes,50,No,0,1,2,2,0,1,2,2,1,1,0,2,2,5,1,1,0,0,1,2,1,2,1,0,1,1,Experienced,TRUE,0.625,1.625,1.142857143
5e633d,1,Clip37,3.9204,Experienced,69,Male,Yes,50,No,0,1,2,2,0,1,2,2,1,1,0,2,2,5,1,1,0,0,1,2,1,2,1,0,1,1,Experienced,TRUE,0.625,1.625,1.142857143
5e633d,1,Clip17,6.5967,Experienced,69,Male,Yes,50,No,0,1,2,2,0,1,2,2,1,1,0,2,2,5,1,1,0,0,1,2,1,2,1,0,1,1,Experienced,TRUE,0.625,1.625,1.142857143
5e633d,1,Clip20,4.1872,Experienced,69,Male,Yes,50,No,0,1,2,2,0,1,2,2,1,1,0,2,2,5,1,1,0,0,1,2,1,2,1,0,1,1,Experienced,TRUE,0.625,1.625,1.142857143
5e633d,1,Clip06,5.5565,Experienced,69,Male,Yes,50,No,0,1,2,2,0,1,2,2,1,1,0,2,2,5,1,1,0,0,1,2,1,2,1,0,1,1,Experienced,TRUE,0.625,1.625,1.142857143
P3,0,Clip35,11.1574,Novice,24,Male,Yes,0.8,Yes,0.5,0,0,0,0,0,1,1,1,1,0,1,0,5,0,0,0,0,1,0,0,2,1,1,0,1,Novice,TRUE,0.625,0.625,0.142857143
P3,1,Clip17,3.6247,Novice,24,Male,Yes,0.8,Yes,0.5,0,0,0,0,0,1,1,1,1,0,1,0,5,0,0,0,0,1,0,0,2,1,1,0,1,Novice,TRUE,0.625,0.625,0.142857143
P3,0,Clip15,10.0114,Novice,24,Male,Yes,0.8,Yes,0.5,0,0,0,0,0,1,1,1,1,0,1,0,5,0,0,0,0,1,0,0,2,1,1,0,1,Novice,TRUE,0.625,0.625,0.142857143
P3,0,Clip09,4.8401,Novice,24,Male,Yes,0.8,Yes,0.5,0,0,0,0,0,1,1,1,1,0,1,0,5,0,0,0,0,1,0,0,2,1,1,0,1,Novice,TRUE,0.625,0.625,0.142857143
P3,0,Clip20,5.5791,Novice,24,Male,Yes,0.8,Yes,0.5,0,0,0,0,0,1,1,1,1,0,1,0,5,0,0,0,0,1,0,0,2,1,1,0,1,Novice,TRUE,0.625,0.625,0.142857143
P3,1,Clip06,2.7047,Novice,24,Male,Yes,0.8,Yes,0.5,0,0,0,0,0,1,1,1,1,0,1,0,5,0,0,0,0,1,0,0,2,1,1,0,1,Novice,TRUE,0.625,0.625,0.142857143
P3,1,Clip14,2.296,Novice,24,Male,Yes,0.8,Yes,0.5,0,0,0,0,0,1,1,1,1,0,1,0,5,0,0,0,0,1,0,0,2,1,1,0,1,Novice,TRUE,0.625,0.625,0.142857143
P3,1,Clip40,1.627,Novice,24,Male,Yes,0.8,Yes,0.5,0,0,0,0,0,1,1,1,1,0,1,0,5,0,0,0,0,1,0,0,2,1,1,0,1,Novice,TRUE,0.625,0.625,0.142857143
P3,1,Clip36,2.0111,Novice,24,Male,Yes,0.8,Yes,0.5,0,0,0,0,0,1,1,1,1,0,1,0,5,0,0,0,0,1,0,0,2,1,1,0,1,Novice,TRUE,0.625,0.625,0.142857143
P3,1,Clip39,3.1873,Novice,24,Male,Yes,0.8,Yes,0.5,0,0,0,0,0,1,1,1,1,0,1,0,5,0,0,0,0,1,0,0,2,1,1,0,1,Novice,TRUE,0.625,0.625,0.142857143
P3,1,Clip18,3.2765,Novice,24,Male,Yes,0.8,Yes,0.5,0,0,0,0,0,1,1,1,1,0,1,0,5,0,0,0,0,1,0,0,2,1,1,0,1,Novice,TRUE,0.625,0.625,0.142857143
P3,1,Clip08,6.9651,Novice,24,Male,Yes,0.8,Yes,0.5,0,0,0,0,0,1,1,1,1,0,1,0,5,0,0,0,0,1,0,0,2,1,1,0,1,Novice,TRUE,0.625,0.625,0.142857143
P3,1,Clip30,2.8372,Novice,24,Male,Yes,0.8,Yes,0.5,0,0,0,0,0,1,1,1,1,0,1,0,5,0,0,0,0,1,0,0,2,1,1,0,1,Novice,TRUE,0.625,0.625,0.142857143
P3,1,Clip16,6.4924,Novice,24,Male,Yes,0.8,Yes,0.5,0,0,0,0,0,1,1,1,1,0,1,0,5,0,0,0,0,1,0,0,2,1,1,0,1,Novice,TRUE,0.625,0.625,0.142857143
P3,1,Clip37,2.3076,Novice,24,Male,Yes,0.8,Yes,0.5,0,0,0,0,0,1,1,1,1,0,1,0,5,0,0,0,0,1,0,0,2,1,1,0,1,Novice,TRUE,0.625,0.625,0.142857143
P3,1,Clip07,7.4551,Novice,24,Male,Yes,0.8,Yes,0.5,0,0,0,0,0,1,1,1,1,0,1,0,5,0,0,0,0,1,0,0,2,1,1,0,1,Novice,TRUE,0.625,0.625,0.142857143
P3,0,Clip11,6.4384,Novice,24,Male,Yes,0.8,Yes,0.5,0,0,0,0,0,1,1,1,1,0,1,0,5,0,0,0,0,1,0,0,2,1,1,0,1,Novice,TRUE,0.625,0.625,0.142857143
P3,1,Clip29,1.592,Novice,24,Male,Yes,0.8,Yes,0.5,0,0,0,0,0,1,1,1,1,0,1,0,5,0,0,0,0,1,0,0,2,1,1,0,1,Novice,TRUE,0.625,0.625,0.142857143
P3,1,Clip26,3.5699,Novice,24,Male,Yes,0.8,Yes,0.5,0,0,0,0,0,1,1,1,1,0,1,0,5,0,0,0,0,1,0,0,2,1,1,0,1,Novice,TRUE,0.625,0.625,0.142857143
P3,1,Clip10,6.1442,Novice,24,Male,Yes,0.8,Yes,0.5,0,0,0,0,0,1,1,1,1,0,1,0,5,0,0,0,0,1,0,0,2,1,1,0,1,Novice,TRUE,0.625,0.625,0.142857143
P3,0,Clip28,7.4282,Novice,24,Male,Yes,0.8,Yes,0.5,0,0,0,0,0,1,1,1,1,0,1,0,5,0,0,0,0,1,0,0,2,1,1,0,1,Novice,TRUE,0.625,0.625,0.142857143
P3,1,Clip01,3.5515,Novice,24,Male,Yes,0.8,Yes,0.5,0,0,0,0,0,1,1,1,1,0,1,0,5,0,0,0,0,1,0,0,2,1,1,0,1,Novice,TRUE,0.625,0.625,0.142857143
P3,1,Clip04,2.606,Novice,24,Male,Yes,0.8,Yes,0.5,0,0,0,0,0,1,1,1,1,0,1,0,5,0,0,0,0,1,0,0,2,1,1,0,1,Novice,TRUE,0.625,0.625,0.142857143
P3,1,Clip25,5.9237,Novice,24,Male,Yes,0.8,Yes,0.5,0,0,0,0,0,1,1,1,1,0,1,0,5,0,0,0,0,1,0,0,2,1,1,0,1,Novice,TRUE,0.625,0.625,0.142857143
P3,1,Clip02,2.3715,Novice,24,Male,Yes,0.8,Yes,0.5,0,0,0,0,0,1,1,1,1,0,1,0,5,0,0,0,0,1,0,0,2,1,1,0,1,Novice,TRUE,0.625,0.625,0.142857143
P3,1,Clip19,2.3741,Novice,24,Male,Yes,0.8,Yes,0.5,0,0,0,0,0,1,1,1,1,0,1,0,5,0,0,0,0,1,0,0,2,1,1,0,1,Novice,TRUE,0.625,0.625,0.142857143
P3,0,Clip34,6.0598,Novice,24,Male,Yes,0.8,Yes,0.5,0,0,0,0,0,1,1,1,1,0,1,0,5,0,0,0,0,1,0,0,2,1,1,0,1,Novice,TRUE,0.625,0.625,0.142857143
P3,1,Clip24,2.5171,Novice,24,Male,Yes,0.8,Yes,0.5,0,0,0,0,0,1,1,1,1,0,1,0,5,0,0,0,0,1,0,0,2,1,1,0,1,Novice,TRUE,0.625,0.625,0.142857143
P3,1,Clip05,3.1126,Novice,24,Male,Yes,0.8,Yes,0.5,0,0,0,0,0,1,1,1,1,0,1,0,5,0,0,0,0,1,0,0,2,1,1,0,1,Novice,TRUE,0.625,0.625,0.142857143
P3,1,Clip22,3.1749,Novice,24,Male,Yes,0.8,Yes,0.5,0,0,0,0,0,1,1,1,1,0,1,0,5,0,0,0,0,1,0,0,2,1,1,0,1,Novice,TRUE,0.625,0.625,0.142857143
P3,1,Clip23,1.4398,Novice,24,Male,Yes,0.8,Yes,0.5,0,0,0,0,0,1,1,1,1,0,1,0,5,0,0,0,0,1,0,0,2,1,1,0,1,Novice,TRUE,0.625,0.625,0.142857143
P3,0,Clip32,1.9147,Novice,24,Male,Yes,0.8,Yes,0.5,0,0,0,0,0,1,1,1,1,0,1,0,5,0,0,0,0,1,0,0,2,1,1,0,1,Novice,TRUE,0.625,0.625,0.142857143
P3,0,Clip21,5.7672,Novice,24,Male,Yes,0.8,Yes,0.5,0,0,0,0,0,1,1,1,1,0,1,0,5,0,0,0,0,1,0,0,2,1,1,0,1,Novice,TRUE,0.625,0.625,0.142857143
P3,1,Clip03,2.5265,Novice,24,Male,Yes,0.8,Yes,0.5,0,0,0,0,0,1,1,1,1,0,1,0,5,0,0,0,0,1,0,0,2,1,1,0,1,Novice,TRUE,0.625,0.625,0.142857143
P3,1,Clip13,4.1145,Novice,24,Male,Yes,0.8,Yes,0.5,0,0,0,0,0,1,1,1,1,0,1,0,5,0,0,0,0,1,0,0,2,1,1,0,1,Novice,TRUE,0.625,0.625,0.142857143
P3,1,Clip33,3.5367,Novice,24,Male,Yes,0.8,Yes,0.5,0,0,0,0,0,1,1,1,1,0,1,0,5,0,0,0,0,1,0,0,2,1,1,0,1,Novice,TRUE,0.625,0.625,0.142857143
P3,1,Clip31,1.6226,Novice,24,Male,Yes,0.8,Yes,0.5,0,0,0,0,0,1,1,1,1,0,1,0,5,0,0,0,0,1,0,0,2,1,1,0,1,Novice,TRUE,0.625,0.625,0.142857143
P3,1,Clip12,4.1814,Novice,24,Male,Yes,0.8,Yes,0.5,0,0,0,0,0,1,1,1,1,0,1,0,5,0,0,0,0,1,0,0,2,1,1,0,1,Novice,TRUE,0.625,0.625,0.142857143
P3,0,Clip38,4.5697,Novice,24,Male,Yes,0.8,Yes,0.5,0,0,0,0,0,1,1,1,1,0,1,0,5,0,0,0,0,1,0,0,2,1,1,0,1,Novice,TRUE,0.625,0.625,0.142857143
P3,1,Clip27,2.5496,Novice,24,Male,Yes,0.8,Yes,0.5,0,0,0,0,0,1,1,1,1,0,1,0,5,0,0,0,0,1,0,0,2,1,1,0,1,Novice,TRUE,0.625,0.625,0.142857143
629756,1,Clip13,18.8169,Novice,22,Male,Yes,1,No,0,0,1,0,0,0,0,1,0,0,0,1,0,5,0,0,0,0,0,0,0,2,0,0,0,0,Novice,TRUE,0,0.5,0.142857143
629756,1,Clip36,9.7771,Novice,22,Male,Yes,1,No,0,0,1,0,0,0,0,1,0,0,0,1,0,5,0,0,0,0,0,0,0,2,0,0,0,0,Novice,TRUE,0,0.5,0.142857143
629756,1,Clip18,8.8151,Novice,22,Male,Yes,1,No,0,0,1,0,0,0,0,1,0,0,0,1,0,5,0,0,0,0,0,0,0,2,0,0,0,0,Novice,TRUE,0,0.5,0.142857143
629756,0,Clip34,10.3547,Novice,22,Male,Yes,1,No,0,0,1,0,0,0,0,1,0,0,0,1,0,5,0,0,0,0,0,0,0,2,0,0,0,0,Novice,TRUE,0,0.5,0.142857143
629756,1,Clip08,11.5539,Novice,22,Male,Yes,1,No,0,0,1,0,0,0,0,1,0,0,0,1,0,5,0,0,0,0,0,0,0,2,0,0,0,0,Novice,TRUE,0,0.5,0.142857143
629756,0,Clip38,8.8934,Novice,22,Male,Yes,1,No,0,0,1,0,0,0,0,1,0,0,0,1,0,5,0,0,0,0,0,0,0,2,0,0,0,0,Novice,TRUE,0,0.5,0.142857143
629756,0,Clip21,7.9315,Novice,22,Male,Yes,1,No,0,0,1,0,0,0,0,1,0,0,0,1,0,5,0,0,0,0,0,0,0,2,0,0,0,0,Novice,TRUE,0,0.5,0.142857143
629756,1,Clip03,6.1433,Novice,22,Male,Yes,1,No,0,0,1,0,0,0,0,1,0,0,0,1,0,5,0,0,0,0,0,0,0,2,0,0,0,0,Novice,TRUE,0,0.5,0.142857143
629756,1,Clip27,11.0263,Novice,22,Male,Yes,1,No,0,0,1,0,0,0,0,1,0,0,0,1,0,5,0,0,0,0,0,0,0,2,0,0,0,0,Novice,TRUE,0,0.5,0.142857143
629756,1,Clip25,9.7226,Novice,22,Male,Yes,1,No,0,0,1,0,0,0,0,1,0,0,0,1,0,5,0,0,0,0,0,0,0,2,0,0,0,0,Novice,TRUE,0,0.5,0.142857143
629756,0,Clip15,7.8111,Novice,22,Male,Yes,1,No,0,0,1,0,0,0,0,1,0,0,0,1,0,5,0,0,0,0,0,0,0,2,0,0,0,0,Novice,TRUE,0,0.5,0.142857143
629756,1,Clip16,14.0086,Novice,22,Male,Yes,1,No,0,0,1,0,0,0,0,1,0,0,0,1,0,5,0,0,0,0,0,0,0,2,0,0,0,0,Novice,TRUE,0,0.5,0.142857143
629756,1,Clip30,2.4668,Novice,22,Male,Yes,1,No,0,0,1,0,0,0,0,1,0,0,0,1,0,5,0,0,0,0,0,0,0,2,0,0,0,0,Novice,TRUE,0,0.5,0.142857143
629756,1,Clip05,8.6323,Novice,22,Male,Yes,1,No,0,0,1,0,0,0,0,1,0,0,0,1,0,5,0,0,0,0,0,0,0,2,0,0,0,0,Novice,TRUE,0,0.5,0.142857143
629756,1,Clip10,2.1192,Novice,22,Male,Yes,1,No,0,0,1,0,0,0,0,1,0,0,0,1,0,5,0,0,0,0,0,0,0,2,0,0,0,0,Novice,TRUE,0,0.5,0.142857143
629756,0,Clip32,4.9927,Novice,22,Male,Yes,1,No,0,0,1,0,0,0,0,1,0,0,0,1,0,5,0,0,0,0,0,0,0,2,0,0,0,0,Novice,TRUE,0,0.5,0.142857143
629756,1,Clip11,10.5713,Novice,22,Male,Yes,1,No,0,0,1,0,0,0,0,1,0,0,0,1,0,5,0,0,0,0,0,0,0,2,0,0,0,0,Novice,TRUE,0,0.5,0.142857143
629756,1,Clip39,9.0905,Novice,22,Male,Yes,1,No,0,0,1,0,0,0,0,1,0,0,0,1,0,5,0,0,0,0,0,0,0,2,0,0,0,0,Novice,TRUE,0,0.5,0.142857143
629756,0,Clip24,7.5487,Novice,22,Male,Yes,1,No,0,0,1,0,0,0,0,1,0,0,0,1,0,5,0,0,0,0,0,0,0,2,0,0,0,0,Novice,TRUE,0,0.5,0.142857143
629756,1,Clip35,3.7894,Novice,22,Male,Yes,1,No,0,0,1,0,0,0,0,1,0,0,0,1,0,5,0,0,0,0,0,0,0,2,0,0,0,0,Novice,TRUE,0,0.5,0.142857143
629756,1,Clip01,3.6568,Novice,22,Male,Yes,1,No,0,0,1,0,0,0,0,1,0,0,0,1,0,5,0,0,0,0,0,0,0,2,0,0,0,0,Novice,TRUE,0,0.5,0.142857143
629756,1,Clip12,6.7653,Novice,22,Male,Yes,1,No,0,0,1,0,0,0,0,1,0,0,0,1,0,5,0,0,0,0,0,0,0,2,0,0,0,0,Novice,TRUE,0,0.5,0.142857143
629756,1,Clip37,3.2636,Novice,22,Male,Yes,1,No,0,0,1,0,0,0,0,1,0,0,0,1,0,5,0,0,0,0,0,0,0,2,0,0,0,0,Novice,TRUE,0,0.5,0.142857143
629756,1,Clip17,11.0567,Novice,22,Male,Yes,1,No,0,0,1,0,0,0,0,1,0,0,0,1,0,5,0,0,0,0,0,0,0,2,0,0,0,0,Novice,TRUE,0,0.5,0.142857143
629756,1,Clip19,3.3695,Novice,22,Male,Yes,1,No,0,0,1,0,0,0,0,1,0,0,0,1,0,5,0,0,0,0,0,0,0,2,0,0,0,0,Novice,TRUE,0,0.5,0.142857143
629756,1,Clip04,3.0195,Novice,22,Male,Yes,1,No,0,0,1,0,0,0,0,1,0,0,0,1,0,5,0,0,0,0,0,0,0,2,0,0,0,0,Novice,TRUE,0,0.5,0.142857143
629756,1,Clip22,3.0121,Novice,22,Male,Yes,1,No,0,0,1,0,0,0,0,1,0,0,0,1,0,5,0,0,0,0,0,0,0,2,0,0,0,0,Novice,TRUE,0,0.5,0.142857143
629756,1,Clip26,4.703,Novice,22,Male,Yes,1,No,0,0,1,0,0,0,0,1,0,0,0,1,0,5,0,0,0,0,0,0,0,2,0,0,0,0,Novice,TRUE,0,0.5,0.142857143
629756,1,Clip09,6.3768,Novice,22,Male,Yes,1,No,0,0,1,0,0,0,0,1,0,0,0,1,0,5,0,0,0,0,0,0,0,2,0,0,0,0,Novice,TRUE,0,0.5,0.142857143
629756,0,Clip33,8.5833,Novice,22,Male,Yes,1,No,0,0,1,0,0,0,0,1,0,0,0,1,0,5,0,0,0,0,0,0,0,2,0,0,0,0,Novice,TRUE,0,0.5,0.142857143
629756,1,Clip02,3.8452,Novice,22,Male,Yes,1,No,0,0,1,0,0,0,0,1,0,0,0,1,0,5,0,0,0,0,0,0,0,2,0,0,0,0,Novice,TRUE,0,0.5,0.142857143
629756,1,Clip06,2.8076,Novice,22,Male,Yes,1,No,0,0,1,0,0,0,0,1,0,0,0,1,0,5,0,0,0,0,0,0,0,2,0,0,0,0,Novice,TRUE,0,0.5,0.142857143
629756,0,Clip31,6.9361,Novice,22,Male,Yes,1,No,0,0,1,0,0,0,0,1,0,0,0,1,0,5,0,0,0,0,0,0,0,2,0,0,0,0,Novice,TRUE,0,0.5,0.142857143
629756,0,Clip20,17.598,Novice,22,Male,Yes,1,No,0,0,1,0,0,0,0,1,0,0,0,1,0,5,0,0,0,0,0,0,0,2,0,0,0,0,Novice,TRUE,0,0.5,0.142857143
629756,1,Clip40,2.018,Novice,22,Male,Yes,1,No,0,0,1,0,0,0,0,1,0,0,0,1,0,5,0,0,0,0,0,0,0,2,0,0,0,0,Novice,TRUE,0,0.5,0.142857143
629756,1,Clip14,2.9029,Novice,22,Male,Yes,1,No,0,0,1,0,0,0,0,1,0,0,0,1,0,5,0,0,0,0,0,0,0,2,0,0,0,0,Novice,TRUE,0,0.5,0.142857143
629756,1,Clip07,7.3431,Novice,22,Male,Yes,1,No,0,0,1,0,0,0,0,1,0,0,0,1,0,5,0,0,0,0,0,0,0,2,0,0,0,0,Novice,TRUE,0,0.5,0.142857143
629756,1,Clip29,3.5586,Novice,22,Male,Yes,1,No,0,0,1,0,0,0,0,1,0,0,0,1,0,5,0,0,0,0,0,0,0,2,0,0,0,0,Novice,TRUE,0,0.5,0.142857143
629756,1,Clip23,2.6483,Novice,22,Male,Yes,1,No,0,0,1,0,0,0,0,1,0,0,0,1,0,5,0,0,0,0,0,0,0,2,0,0,0,0,Novice,TRUE,0,0.5,0.142857143
629756,1,Clip28,6.3887,Novice,22,Male,Yes,1,No,0,0,1,0,0,0,0,1,0,0,0,1,0,5,0,0,0,0,0,0,0,2,0,0,0,0,Novice,TRUE,0,0.5,0.142857143
5d2f31,1,Clip02,15.7897,Novice,32,Female,No,0,No,0,0,0,0,0,3,0,0,0,0,0,0,0,5,0,0,0,0,0,0,0,0,0,0,0,0,Novice,TRUE,0,0.375,0
5d2f31,1,Clip24,4.5575,Novice,32,Female,No,0,No,0,0,0,0,0,3,0,0,0,0,0,0,0,5,0,0,0,0,0,0,0,0,0,0,0,0,Novice,TRUE,0,0.375,0
5d2f31,0,Clip33,6.8575,Novice,32,Female,No,0,No,0,0,0,0,0,3,0,0,0,0,0,0,0,5,0,0,0,0,0,0,0,0,0,0,0,0,Novice,TRUE,0,0.375,0
5d2f31,0,Clip34,10.2208,Novice,32,Female,No,0,No,0,0,0,0,0,3,0,0,0,0,0,0,0,5,0,0,0,0,0,0,0,0,0,0,0,0,Novice,TRUE,0,0.375,0
5d2f31,0,Clip38,9.8412,Novice,32,Female,No,0,No,0,0,0,0,0,3,0,0,0,0,0,0,0,5,0,0,0,0,0,0,0,0,0,0,0,0,Novice,TRUE,0,0.375,0
5d2f31,1,Clip06,10.0846,Novice,32,Female,No,0,No,0,0,0,0,0,3,0,0,0,0,0,0,0,5,0,0,0,0,0,0,0,0,0,0,0,0,Novice,TRUE,0,0.375,0
5d2f31,0,Clip25,5.4954,Novice,32,Female,No,0,No,0,0,0,0,0,3,0,0,0,0,0,0,0,5,0,0,0,0,0,0,0,0,0,0,0,0,Novice,TRUE,0,0.375,0
5d2f31,1,Clip07,10.1114,Novice,32,Female,No,0,No,0,0,0,0,0,3,0,0,0,0,0,0,0,5,0,0,0,0,0,0,0,0,0,0,0,0,Novice,TRUE,0,0.375,0
5d2f31,0,Clip28,12.1378,Novice,32,Female,No,0,No,0,0,0,0,0,3,0,0,0,0,0,0,0,5,0,0,0,0,0,0,0,0,0,0,0,0,Novice,TRUE,0,0.375,0
5d2f31,0,Clip35,13.5091,Novice,32,Female,No,0,No,0,0,0,0,0,3,0,0,0,0,0,0,0,5,0,0,0,0,0,0,0,0,0,0,0,0,Novice,TRUE,0,0.375,0
5d2f31,1,Clip29,5.4739,Novice,32,Female,No,0,No,0,0,0,0,0,3,0,0,0,0,0,0,0,5,0,0,0,0,0,0,0,0,0,0,0,0,Novice,TRUE,0,0.375,0
5d2f31,0,Clip09,6.1937,Novice,32,Female,No,0,No,0,0,0,0,0,3,0,0,0,0,0,0,0,5,0,0,0,0,0,0,0,0,0,0,0,0,Novice,TRUE,0,0.375,0
5d2f31,1,Clip30,4.4003,Novice,32,Female,No,0,No,0,0,0,0,0,3,0,0,0,0,0,0,0,5,0,0,0,0,0,0,0,0,0,0,0,0,Novice,TRUE,0,0.375,0
5d2f31,1,Clip10,7.0852,Novice,32,Female,No,0,No,0,0,0,0,0,3,0,0,0,0,0,0,0,5,0,0,0,0,0,0,0,0,0,0,0,0,Novice,TRUE,0,0.375,0
5d2f31,0,Clip05,2.7991,Novice,32,Female,No,0,No,0,0,0,0,0,3,0,0,0,0,0,0,0,5,0,0,0,0,0,0,0,0,0,0,0,0,Novice,TRUE,0,0.375,0
5d2f31,1,Clip40,9.1236,Novice,32,Female,No,0,No,0,0,0,0,0,3,0,0,0,0,0,0,0,5,0,0,0,0,0,0,0,0,0,0,0,0,Novice,TRUE,0,0.375,0
5d2f31,1,Clip23,8.1024,Novice,32,Female,No,0,No,0,0,0,0,0,3,0,0,0,0,0,0,0,5,0,0,0,0,0,0,0,0,0,0,0,0,Novice,TRUE,0,0.375,0
5d2f31,1,Clip04,9.1659,Novice,32,Female,No,0,No,0,0,0,0,0,3,0,0,0,0,0,0,0,5,0,0,0,0,0,0,0,0,0,0,0,0,Novice,TRUE,0,0.375,0
5d2f31,1,Clip37,6.352,Novice,32,Female,No,0,No,0,0,0,0,0,3,0,0,0,0,0,0,0,5,0,0,0,0,0,0,0,0,0,0,0,0,Novice,TRUE,0,0.375,0
5d2f31,1,Clip21,7.9314,Novice,32,Female,No,0,No,0,0,0,0,0,3,0,0,0,0,0,0,0,5,0,0,0,0,0,0,0,0,0,0,0,0,Novice,TRUE,0,0.375,0
5d2f31,1,Clip36,5.7969,Novice,32,Female,No,0,No,0,0,0,0,0,3,0,0,0,0,0,0,0,5,0,0,0,0,0,0,0,0,0,0,0,0,Novice,TRUE,0,0.375,0
5d2f31,1,Clip22,3.7025,Novice,32,Female,No,0,No,0,0,0,0,0,3,0,0,0,0,0,0,0,5,0,0,0,0,0,0,0,0,0,0,0,0,Novice,TRUE,0,0.375,0
5d2f31,1,Clip13,6.941,Novice,32,Female,No,0,No,0,0,0,0,0,3,0,0,0,0,0,0,0,5,0,0,0,0,0,0,0,0,0,0,0,0,Novice,TRUE,0,0.375,0
5d2f31,0,Clip16,12.4662,Novice,32,Female,No,0,No,0,0,0,0,0,3,0,0,0,0,0,0,0,5,0,0,0,0,0,0,0,0,0,0,0,0,Novice,TRUE,0,0.375,0
5d2f31,1,Clip14,4.1161,Novice,32,Female,No,0,No,0,0,0,0,0,3,0,0,0,0,0,0,0,5,0,0,0,0,0,0,0,0,0,0,0,0,Novice,TRUE,0,0.375,0
5d2f31,1,Clip19,3.3898,Novice,32,Female,No,0,No,0,0,0,0,0,3,0,0,0,0,0,0,0,5,0,0,0,0,0,0,0,0,0,0,0,0,Novice,TRUE,0,0.375,0
5d2f31,1,Clip11,6.1951,Novice,32,Female,No,0,No,0,0,0,0,0,3,0,0,0,0,0,0,0,5,0,0,0,0,0,0,0,0,0,0,0,0,Novice,TRUE,0,0.375,0
5d2f31,1,Clip26,2.7521,Novice,32,Female,No,0,No,0,0,0,0,0,3,0,0,0,0,0,0,0,5,0,0,0,0,0,0,0,0,0,0,0,0,Novice,TRUE,0,0.375,0
5d2f31,0,Clip31,2.6967,Novice,32,Female,No,0,No,0,0,0,0,0,3,0,0,0,0,0,0,0,5,0,0,0,0,0,0,0,0,0,0,0,0,Novice,TRUE,0,0.375,0
5d2f31,1,Clip03,4.1784,Novice,32,Female,No,0,No,0,0,0,0,0,3,0,0,0,0,0,0,0,5,0,0,0,0,0,0,0,0,0,0,0,0,Novice,TRUE,0,0.375,0
5d2f31,1,Clip17,8.0774,Novice,32,Female,No,0,No,0,0,0,0,0,3,0,0,0,0,0,0,0,5,0,0,0,0,0,0,0,0,0,0,0,0,Novice,TRUE,0,0.375,0
5d2f31,1,Clip39,6.6452,Novice,32,Female,No,0,No,0,0,0,0,0,3,0,0,0,0,0,0,0,5,0,0,0,0,0,0,0,0,0,0,0,0,Novice,TRUE,0,0.375,0
5d2f31,1,Clip27,6.3775,Novice,32,Female,No,0,No,0,0,0,0,0,3,0,0,0,0,0,0,0,5,0,0,0,0,0,0,0,0,0,0,0,0,Novice,TRUE,0,0.375,0
5d2f31,0,Clip01,7.7093,Novice,32,Female,No,0,No,0,0,0,0,0,3,0,0,0,0,0,0,0,5,0,0,0,0,0,0,0,0,0,0,0,0,Novice,TRUE,0,0.375,0
5d2f31,1,Clip32,3.2742,Novice,32,Female,No,0,No,0,0,0,0,0,3,0,0,0,0,0,0,0,5,0,0,0,0,0,0,0,0,0,0,0,0,Novice,TRUE,0,0.375,0
5d2f31,1,Clip12,7.05,Novice,32,Female,No,0,No,0,0,0,0,0,3,0,0,0,0,0,0,0,5,0,0,0,0,0,0,0,0,0,0,0,0,Novice,TRUE,0,0.375,0
5d2f31,0,Clip08,6.9395,Novice,32,Female,No,0,No,0,0,0,0,0,3,0,0,0,0,0,0,0,5,0,0,0,0,0,0,0,0,0,0,0,0,Novice,TRUE,0,0.375,0
5d2f31,1,Clip20,3.4269,Novice,32,Female,No,0,No,0,0,0,0,0,3,0,0,0,0,0,0,0,5,0,0,0,0,0,0,0,0,0,0,0,0,Novice,TRUE,0,0.375,0
5d2f31,1,Clip15,3.1821,Novice,32,Female,No,0,No,0,0,0,0,0,3,0,0,0,0,0,0,0,5,0,0,0,0,0,0,0,0,0,0,0,0,Novice,TRUE,0,0.375,0
5d2f31,1,Clip18,5.2257,Novice,32,Female,No,0,No,0,0,0,0,0,3,0,0,0,0,0,0,0,5,0,0,0,0,0,0,0,0,0,0,0,0,Novice,TRUE,0,0.375,0
5a3668,0,Clip22,3.7181,Novice,37,Male,No,0,No,0,0,0,0,0,0,0,0,0,0,0,0,0,0,0,0,0,0,0,0,0,0,0,0,0,0,Novice,TRUE,0,0,0
5a3668,0,Clip08,7.0273,Novice,37,Male,No,0,No,0,0,0,0,0,0,0,0,0,0,0,0,0,0,0,0,0,0,0,0,0,0,0,0,0,0,Novice,TRUE,0,0,0
5a3668,1,Clip36,12.0585,Novice,37,Male,No,0,No,0,0,0,0,0,0,0,0,0,0,0,0,0,0,0,0,0,0,0,0,0,0,0,0,0,0,Novice,TRUE,0,0,0
5a3668,0,Clip32,13.9717,Novice,37,Male,No,0,No,0,0,0,0,0,0,0,0,0,0,0,0,0,0,0,0,0,0,0,0,0,0,0,0,0,0,Novice,TRUE,0,0,0
5a3668,1,Clip40,2.9209,Novice,37,Male,No,0,No,0,0,0,0,0,0,0,0,0,0,0,0,0,0,0,0,0,0,0,0,0,0,0,0,0,0,Novice,TRUE,0,0,0
5a3668,0,Clip38,2.2354,Novice,37,Male,No,0,No,0,0,0,0,0,0,0,0,0,0,0,0,0,0,0,0,0,0,0,0,0,0,0,0,0,0,Novice,TRUE,0,0,0
5a3668,1,Clip06,11.8947,Novice,37,Male,No,0,No,0,0,0,0,0,0,0,0,0,0,0,0,0,0,0,0,0,0,0,0,0,0,0,0,0,0,Novice,TRUE,0,0,0
5a3668,1,Clip07,5.8502,Novice,37,Male,No,0,No,0,0,0,0,0,0,0,0,0,0,0,0,0,0,0,0,0,0,0,0,0,0,0,0,0,0,Novice,TRUE,0,0,0
5a3668,1,Clip01,4.0319,Novice,37,Male,No,0,No,0,0,0,0,0,0,0,0,0,0,0,0,0,0,0,0,0,0,0,0,0,0,0,0,0,0,Novice,TRUE,0,0,0
5a3668,1,Clip03,3.5176,Novice,37,Male,No,0,No,0,0,0,0,0,0,0,0,0,0,0,0,0,0,0,0,0,0,0,0,0,0,0,0,0,0,Novice,TRUE,0,0,0
5a3668,0,Clip16,NA,Novice,37,Male,No,0,No,0,0,0,0,0,0,0,0,0,0,0,0,0,0,0,0,0,0,0,0,0,0,0,0,0,0,Novice,TRUE,0,0,0
5a3668,1,Clip19,4.2991,Novice,37,Male,No,0,No,0,0,0,0,0,0,0,0,0,0,0,0,0,0,0,0,0,0,0,0,0,0,0,0,0,0,Novice,TRUE,0,0,0
5a3668,0,Clip35,7.7488,Novice,37,Male,No,0,No,0,0,0,0,0,0,0,0,0,0,0,0,0,0,0,0,0,0,0,0,0,0,0,0,0,0,Novice,TRUE,0,0,0
5a3668,1,Clip13,4.2048,Novice,37,Male,No,0,No,0,0,0,0,0,0,0,0,0,0,0,0,0,0,0,0,0,0,0,0,0,0,0,0,0,0,Novice,TRUE,0,0,0
5a3668,0,Clip17,2.8126,Novice,37,Male,No,0,No,0,0,0,0,0,0,0,0,0,0,0,0,0,0,0,0,0,0,0,0,0,0,0,0,0,0,Novice,TRUE,0,0,0
5a3668,0,Clip39,4.9011,Novice,37,Male,No,0,No,0,0,0,0,0,0,0,0,0,0,0,0,0,0,0,0,0,0,0,0,0,0,0,0,0,0,Novice,TRUE,0,0,0
5a3668,1,Clip26,3.1137,Novice,37,Male,No,0,No,0,0,0,0,0,0,0,0,0,0,0,0,0,0,0,0,0,0,0,0,0,0,0,0,0,0,Novice,TRUE,0,0,0
5a3668,1,Clip23,3.2647,Novice,37,Male,No,0,No,0,0,0,0,0,0,0,0,0,0,0,0,0,0,0,0,0,0,0,0,0,0,0,0,0,0,Novice,TRUE,0,0,0
5a3668,1,Clip28,2.8297,Novice,37,Male,No,0,No,0,0,0,0,0,0,0,0,0,0,0,0,0,0,0,0,0,0,0,0,0,0,0,0,0,0,Novice,TRUE,0,0,0
5a3668,1,Clip31,3.9744,Novice,37,Male,No,0,No,0,0,0,0,0,0,0,0,0,0,0,0,0,0,0,0,0,0,0,0,0,0,0,0,0,0,Novice,TRUE,0,0,0
5a3668,1,Clip02,3.3668,Novice,37,Male,No,0,No,0,0,0,0,0,0,0,0,0,0,0,0,0,0,0,0,0,0,0,0,0,0,0,0,0,0,Novice,TRUE,0,0,0
5a3668,1,Clip15,3.1069,Novice,37,Male,No,0,No,0,0,0,0,0,0,0,0,0,0,0,0,0,0,0,0,0,0,0,0,0,0,0,0,0,0,Novice,TRUE,0,0,0
5a3668,1,Clip10,4.0577,Novice,37,Male,No,0,No,0,0,0,0,0,0,0,0,0,0,0,0,0,0,0,0,0,0,0,0,0,0,0,0,0,0,Novice,TRUE,0,0,0
5a3668,0,Clip21,3.5063,Novice,37,Male,No,0,No,0,0,0,0,0,0,0,0,0,0,0,0,0,0,0,0,0,0,0,0,0,0,0,0,0,0,Novice,TRUE,0,0,0
5a3668,0,Clip11,4.0777,Novice,37,Male,No,0,No,0,0,0,0,0,0,0,0,0,0,0,0,0,0,0,0,0,0,0,0,0,0,0,0,0,0,Novice,TRUE,0,0,0
5a3668,1,Clip14,2.2839,Novice,37,Male,No,0,No,0,0,0,0,0,0,0,0,0,0,0,0,0,0,0,0,0,0,0,0,0,0,0,0,0,0,Novice,TRUE,0,0,0
5a3668,1,Clip04,2.1327,Novice,37,Male,No,0,No,0,0,0,0,0,0,0,0,0,0,0,0,0,0,0,0,0,0,0,0,0,0,0,0,0,0,Novice,TRUE,0,0,0
5a3668,1,Clip37,5.0786,Novice,37,Male,No,0,No,0,0,0,0,0,0,0,0,0,0,0,0,0,0,0,0,0,0,0,0,0,0,0,0,0,0,Novice,TRUE,0,0,0
5a3668,0,Clip05,4.7484,Novice,37,Male,No,0,No,0,0,0,0,0,0,0,0,0,0,0,0,0,0,0,0,0,0,0,0,0,0,0,0,0,0,Novice,TRUE,0,0,0
5a3668,1,Clip24,9.9656,Novice,37,Male,No,0,No,0,0,0,0,0,0,0,0,0,0,0,0,0,0,0,0,0,0,0,0,0,0,0,0,0,0,Novice,TRUE,0,0,0
5a3668,1,Clip27,3.4871,Novice,37,Male,No,0,No,0,0,0,0,0,0,0,0,0,0,0,0,0,0,0,0,0,0,0,0,0,0,0,0,0,0,Novice,TRUE,0,0,0
5a3668,0,Clip20,3.9125,Novice,37,Male,No,0,No,0,0,0,0,0,0,0,0,0,0,0,0,0,0,0,0,0,0,0,0,0,0,0,0,0,0,Novice,TRUE,0,0,0
5a3668,0,Clip09,5.3993,Novice,37,Male,No,0,No,0,0,0,0,0,0,0,0,0,0,0,0,0,0,0,0,0,0,0,0,0,0,0,0,0,0,Novice,TRUE,0,0,0
5a3668,1,Clip29,5.4509,Novice,37,Male,No,0,No,0,0,0,0,0,0,0,0,0,0,0,0,0,0,0,0,0,0,0,0,0,0,0,0,0,0,Novice,TRUE,0,0,0
5a3668,1,Clip12,4.7729,Novice,37,Male,No,0,No,0,0,0,0,0,0,0,0,0,0,0,0,0,0,0,0,0,0,0,0,0,0,0,0,0,0,Novice,TRUE,0,0,0
5a3668,1,Clip25,6.5456,Novice,37,Male,No,0,No,0,0,0,0,0,0,0,0,0,0,0,0,0,0,0,0,0,0,0,0,0,0,0,0,0,0,Novice,TRUE,0,0,0
5a3668,0,Clip34,6.6625,Novice,37,Male,No,0,No,0,0,0,0,0,0,0,0,0,0,0,0,0,0,0,0,0,0,0,0,0,0,0,0,0,0,Novice,TRUE,0,0,0
5a3668,0,Clip33,NA,Novice,37,Male,No,0,No,0,0,0,0,0,0,0,0,0,0,0,0,0,0,0,0,0,0,0,0,0,0,0,0,0,0,Novice,TRUE,0,0,0
5a3668,1,Clip18,3.3589,Novice,37,Male,No,0,No,0,0,0,0,0,0,0,0,0,0,0,0,0,0,0,0,0,0,0,0,0,0,0,0,0,0,Novice,TRUE,0,0,0
5a3668,1,Clip30,2.3596,Novice,37,Male,No,0,No,0,0,0,0,0,0,0,0,0,0,0,0,0,0,0,0,0,0,0,0,0,0,0,0,0,0,Novice,TRUE,0,0,0
6248e7,1,Clip01,7.9704,Novice,32,Male,No,0,No,0,0,0,0,0,0,0,0,0,0,0,0,0,5,0,0,0,0,0,0,0,0,0,0,0,0,Novice,TRUE,0,0,0
6248e7,0,Clip17,14.4091,Novice,32,Male,No,0,No,0,0,0,0,0,0,0,0,0,0,0,0,0,5,0,0,0,0,0,0,0,0,0,0,0,0,Novice,TRUE,0,0,0
6248e7,1,Clip21,14.2308,Novice,32,Male,No,0,No,0,0,0,0,0,0,0,0,0,0,0,0,0,5,0,0,0,0,0,0,0,0,0,0,0,0,Novice,TRUE,0,0,0
6248e7,1,Clip15,6.2538,Novice,32,Male,No,0,No,0,0,0,0,0,0,0,0,0,0,0,0,0,5,0,0,0,0,0,0,0,0,0,0,0,0,Novice,TRUE,0,0,0
6248e7,1,Clip30,6.8155,Novice,32,Male,No,0,No,0,0,0,0,0,0,0,0,0,0,0,0,0,5,0,0,0,0,0,0,0,0,0,0,0,0,Novice,TRUE,0,0,0
6248e7,0,Clip07,15.4971,Novice,32,Male,No,0,No,0,0,0,0,0,0,0,0,0,0,0,0,0,5,0,0,0,0,0,0,0,0,0,0,0,0,Novice,TRUE,0,0,0
6248e7,1,Clip09,13.9594,Novice,32,Male,No,0,No,0,0,0,0,0,0,0,0,0,0,0,0,0,5,0,0,0,0,0,0,0,0,0,0,0,0,Novice,TRUE,0,0,0
6248e7,0,Clip06,13.0919,Novice,32,Male,No,0,No,0,0,0,0,0,0,0,0,0,0,0,0,0,5,0,0,0,0,0,0,0,0,0,0,0,0,Novice,TRUE,0,0,0
6248e7,1,Clip18,5.5911,Novice,32,Male,No,0,No,0,0,0,0,0,0,0,0,0,0,0,0,0,5,0,0,0,0,0,0,0,0,0,0,0,0,Novice,TRUE,0,0,0
6248e7,1,Clip26,3.0702,Novice,32,Male,No,0,No,0,0,0,0,0,0,0,0,0,0,0,0,0,5,0,0,0,0,0,0,0,0,0,0,0,0,Novice,TRUE,0,0,0
6248e7,0,Clip08,15.0444,Novice,32,Male,No,0,No,0,0,0,0,0,0,0,0,0,0,0,0,0,5,0,0,0,0,0,0,0,0,0,0,0,0,Novice,TRUE,0,0,0
6248e7,0,Clip03,8.1862,Novice,32,Male,No,0,No,0,0,0,0,0,0,0,0,0,0,0,0,0,5,0,0,0,0,0,0,0,0,0,0,0,0,Novice,TRUE,0,0,0
6248e7,0,Clip24,14.6365,Novice,32,Male,No,0,No,0,0,0,0,0,0,0,0,0,0,0,0,0,5,0,0,0,0,0,0,0,0,0,0,0,0,Novice,TRUE,0,0,0
6248e7,0,Clip27,18.9502,Novice,32,Male,No,0,No,0,0,0,0,0,0,0,0,0,0,0,0,0,5,0,0,0,0,0,0,0,0,0,0,0,0,Novice,TRUE,0,0,0
6248e7,1,Clip37,6.2834,Novice,32,Male,No,0,No,0,0,0,0,0,0,0,0,0,0,0,0,0,5,0,0,0,0,0,0,0,0,0,0,0,0,Novice,TRUE,0,0,0
6248e7,1,Clip16,13.4673,Novice,32,Male,No,0,No,0,0,0,0,0,0,0,0,0,0,0,0,0,5,0,0,0,0,0,0,0,0,0,0,0,0,Novice,TRUE,0,0,0
6248e7,1,Clip35,3.3548,Novice,32,Male,No,0,No,0,0,0,0,0,0,0,0,0,0,0,0,0,5,0,0,0,0,0,0,0,0,0,0,0,0,Novice,TRUE,0,0,0
6248e7,0,Clip22,11.2864,Novice,32,Male,No,0,No,0,0,0,0,0,0,0,0,0,0,0,0,0,5,0,0,0,0,0,0,0,0,0,0,0,0,Novice,TRUE,0,0,0
6248e7,1,Clip05,5.6648,Novice,32,Male,No,0,No,0,0,0,0,0,0,0,0,0,0,0,0,0,5,0,0,0,0,0,0,0,0,0,0,0,0,Novice,TRUE,0,0,0
6248e7,1,Clip40,14.9027,Novice,32,Male,No,0,No,0,0,0,0,0,0,0,0,0,0,0,0,0,5,0,0,0,0,0,0,0,0,0,0,0,0,Novice,TRUE,0,0,0
6248e7,0,Clip04,13.8799,Novice,32,Male,No,0,No,0,0,0,0,0,0,0,0,0,0,0,0,0,5,0,0,0,0,0,0,0,0,0,0,0,0,Novice,TRUE,0,0,0
6248e7,1,Clip13,10.5667,Novice,32,Male,No,0,No,0,0,0,0,0,0,0,0,0,0,0,0,0,5,0,0,0,0,0,0,0,0,0,0,0,0,Novice,TRUE,0,0,0
6248e7,1,Clip36,5.7938,Novice,32,Male,No,0,No,0,0,0,0,0,0,0,0,0,0,0,0,0,5,0,0,0,0,0,0,0,0,0,0,0,0,Novice,TRUE,0,0,0
6248e7,0,Clip38,14.2159,Novice,32,Male,No,0,No,0,0,0,0,0,0,0,0,0,0,0,0,0,5,0,0,0,0,0,0,0,0,0,0,0,0,Novice,TRUE,0,0,0
6248e7,0,Clip31,8.8195,Novice,32,Male,No,0,No,0,0,0,0,0,0,0,0,0,0,0,0,0,5,0,0,0,0,0,0,0,0,0,0,0,0,Novice,TRUE,0,0,0
6248e7,1,Clip02,4.5117,Novice,32,Male,No,0,No,0,0,0,0,0,0,0,0,0,0,0,0,0,5,0,0,0,0,0,0,0,0,0,0,0,0,Novice,TRUE,0,0,0
6248e7,1,Clip10,4.9989,Novice,32,Male,No,0,No,0,0,0,0,0,0,0,0,0,0,0,0,0,5,0,0,0,0,0,0,0,0,0,0,0,0,Novice,TRUE,0,0,0
6248e7,1,Clip20,3.7959,Novice,32,Male,No,0,No,0,0,0,0,0,0,0,0,0,0,0,0,0,5,0,0,0,0,0,0,0,0,0,0,0,0,Novice,TRUE,0,0,0
6248e7,1,Clip39,6.4878,Novice,32,Male,No,0,No,0,0,0,0,0,0,0,0,0,0,0,0,0,5,0,0,0,0,0,0,0,0,0,0,0,0,Novice,TRUE,0,0,0
6248e7,1,Clip12,14.3829,Novice,32,Male,No,0,No,0,0,0,0,0,0,0,0,0,0,0,0,0,5,0,0,0,0,0,0,0,0,0,0,0,0,Novice,TRUE,0,0,0
6248e7,1,Clip23,5.5001,Novice,32,Male,No,0,No,0,0,0,0,0,0,0,0,0,0,0,0,0,5,0,0,0,0,0,0,0,0,0,0,0,0,Novice,TRUE,0,0,0
6248e7,1,Clip14,6.5415,Novice,32,Male,No,0,No,0,0,0,0,0,0,0,0,0,0,0,0,0,5,0,0,0,0,0,0,0,0,0,0,0,0,Novice,TRUE,0,0,0
6248e7,0,Clip29,14.4517,Novice,32,Male,No,0,No,0,0,0,0,0,0,0,0,0,0,0,0,0,5,0,0,0,0,0,0,0,0,0,0,0,0,Novice,TRUE,0,0,0
6248e7,1,Clip28,6.3033,Novice,32,Male,No,0,No,0,0,0,0,0,0,0,0,0,0,0,0,0,5,0,0,0,0,0,0,0,0,0,0,0,0,Novice,TRUE,0,0,0
6248e7,1,Clip25,16.4742,Novice,32,Male,No,0,No,0,0,0,0,0,0,0,0,0,0,0,0,0,5,0,0,0,0,0,0,0,0,0,0,0,0,Novice,TRUE,0,0,0
6248e7,1,Clip11,9.1233,Novice,32,Male,No,0,No,0,0,0,0,0,0,0,0,0,0,0,0,0,5,0,0,0,0,0,0,0,0,0,0,0,0,Novice,TRUE,0,0,0
6248e7,0,Clip34,7.3529,Novice,32,Male,No,0,No,0,0,0,0,0,0,0,0,0,0,0,0,0,5,0,0,0,0,0,0,0,0,0,0,0,0,Novice,TRUE,0,0,0
6248e7,0,Clip19,12.0425,Novice,32,Male,No,0,No,0,0,0,0,0,0,0,0,0,0,0,0,0,5,0,0,0,0,0,0,0,0,0,0,0,0,Novice,TRUE,0,0,0
6248e7,1,Clip33,7.576,Novice,32,Male,No,0,No,0,0,0,0,0,0,0,0,0,0,0,0,0,5,0,0,0,0,0,0,0,0,0,0,0,0,Novice,TRUE,0,0,0
6248e7,0,Clip32,5.0366,Novice,32,Male,No,0,No,0,0,0,0,0,0,0,0,0,0,0,0,0,5,0,0,0,0,0,0,0,0,0,0,0,0,Novice,TRUE,0,0,0
566b99,1,Clip34,9.5079,Novice,44,Non-Binary,Yes,4,No,0,0,1,1,0,2,1,2,1,0,0,1,2,5,0,0,1,0,1,0,1,1,0,0,0,0,Novice,TRUE,0.25,1,0.714285714
566b99,0,Clip36,10.9293,Novice,44,Non-Binary,Yes,4,No,0,0,1,1,0,2,1,2,1,0,0,1,2,5,0,0,1,0,1,0,1,1,0,0,0,0,Novice,TRUE,0.25,1,0.714285714
566b99,1,Clip04,9.9684,Novice,44,Non-Binary,Yes,4,No,0,0,1,1,0,2,1,2,1,0,0,1,2,5,0,0,1,0,1,0,1,1,0,0,0,0,Novice,TRUE,0.25,1,0.714285714
566b99,1,Clip09,9.1699,Novice,44,Non-Binary,Yes,4,No,0,0,1,1,0,2,1,2,1,0,0,1,2,5,0,0,1,0,1,0,1,1,0,0,0,0,Novice,TRUE,0.25,1,0.714285714
566b99,1,Clip40,8.332,Novice,44,Non-Binary,Yes,4,No,0,0,1,1,0,2,1,2,1,0,0,1,2,5,0,0,1,0,1,0,1,1,0,0,0,0,Novice,TRUE,0.25,1,0.714285714
566b99,1,Clip11,8.9608,Novice,44,Non-Binary,Yes,4,No,0,0,1,1,0,2,1,2,1,0,0,1,2,5,0,0,1,0,1,0,1,1,0,0,0,0,Novice,TRUE,0.25,1,0.714285714
566b99,1,Clip06,7.2477,Novice,44,Non-Binary,Yes,4,No,0,0,1,1,0,2,1,2,1,0,0,1,2,5,0,0,1,0,1,0,1,1,0,0,0,0,Novice,TRUE,0.25,1,0.714285714
566b99,1,Clip38,11.9829,Novice,44,Non-Binary,Yes,4,No,0,0,1,1,0,2,1,2,1,0,0,1,2,5,0,0,1,0,1,0,1,1,0,0,0,0,Novice,TRUE,0.25,1,0.714285714
566b99,1,Clip25,10.6425,Novice,44,Non-Binary,Yes,4,No,0,0,1,1,0,2,1,2,1,0,0,1,2,5,0,0,1,0,1,0,1,1,0,0,0,0,Novice,TRUE,0.25,1,0.714285714
566b99,1,Clip31,5.7676,Novice,44,Non-Binary,Yes,4,No,0,0,1,1,0,2,1,2,1,0,0,1,2,5,0,0,1,0,1,0,1,1,0,0,0,0,Novice,TRUE,0.25,1,0.714285714
566b99,1,Clip33,9.6783,Novice,44,Non-Binary,Yes,4,No,0,0,1,1,0,2,1,2,1,0,0,1,2,5,0,0,1,0,1,0,1,1,0,0,0,0,Novice,TRUE,0.25,1,0.714285714
566b99,1,Clip19,18.1983,Novice,44,Non-Binary,Yes,4,No,0,0,1,1,0,2,1,2,1,0,0,1,2,5,0,0,1,0,1,0,1,1,0,0,0,0,Novice,TRUE,0.25,1,0.714285714
566b99,1,Clip05,8.9145,Novice,44,Non-Binary,Yes,4,No,0,0,1,1,0,2,1,2,1,0,0,1,2,5,0,0,1,0,1,0,1,1,0,0,0,0,Novice,TRUE,0.25,1,0.714285714
566b99,1,Clip32,10.8984,Novice,44,Non-Binary,Yes,4,No,0,0,1,1,0,2,1,2,1,0,0,1,2,5,0,0,1,0,1,0,1,1,0,0,0,0,Novice,TRUE,0.25,1,0.714285714
566b99,1,Clip37,5.6692,Novice,44,Non-Binary,Yes,4,No,0,0,1,1,0,2,1,2,1,0,0,1,2,5,0,0,1,0,1,0,1,1,0,0,0,0,Novice,TRUE,0.25,1,0.714285714
566b99,0,Clip03,9.4902,Novice,44,Non-Binary,Yes,4,No,0,0,1,1,0,2,1,2,1,0,0,1,2,5,0,0,1,0,1,0,1,1,0,0,0,0,Novice,TRUE,0.25,1,0.714285714
566b99,1,Clip08,17.2976,Novice,44,Non-Binary,Yes,4,No,0,0,1,1,0,2,1,2,1,0,0,1,2,5,0,0,1,0,1,0,1,1,0,0,0,0,Novice,TRUE,0.25,1,0.714285714
566b99,0,Clip24,11.3788,Novice,44,Non-Binary,Yes,4,No,0,0,1,1,0,2,1,2,1,0,0,1,2,5,0,0,1,0,1,0,1,1,0,0,0,0,Novice,TRUE,0.25,1,0.714285714
566b99,1,Clip39,7.1539,Novice,44,Non-Binary,Yes,4,No,0,0,1,1,0,2,1,2,1,0,0,1,2,5,0,0,1,0,1,0,1,1,0,0,0,0,Novice,TRUE,0.25,1,0.714285714
566b99,1,Clip01,3.3894,Novice,44,Non-Binary,Yes,4,No,0,0,1,1,0,2,1,2,1,0,0,1,2,5,0,0,1,0,1,0,1,1,0,0,0,0,Novice,TRUE,0.25,1,0.714285714
566b99,1,Clip20,3.8395,Novice,44,Non-Binary,Yes,4,No,0,0,1,1,0,2,1,2,1,0,0,1,2,5,0,0,1,0,1,0,1,1,0,0,0,0,Novice,TRUE,0.25,1,0.714285714
566b99,1,Clip12,10.7814,Novice,44,Non-Binary,Yes,4,No,0,0,1,1,0,2,1,2,1,0,0,1,2,5,0,0,1,0,1,0,1,1,0,0,0,0,Novice,TRUE,0.25,1,0.714285714
566b99,1,Clip27,4.9547,Novice,44,Non-Binary,Yes,4,No,0,0,1,1,0,2,1,2,1,0,0,1,2,5,0,0,1,0,1,0,1,1,0,0,0,0,Novice,TRUE,0.25,1,0.714285714
566b99,1,Clip26,5.9366,Novice,44,Non-Binary,Yes,4,No,0,0,1,1,0,2,1,2,1,0,0,1,2,5,0,0,1,0,1,0,1,1,0,0,0,0,Novice,TRUE,0.25,1,0.714285714
566b99,1,Clip21,7.5543,Novice,44,Non-Binary,Yes,4,No,0,0,1,1,0,2,1,2,1,0,0,1,2,5,0,0,1,0,1,0,1,1,0,0,0,0,Novice,TRUE,0.25,1,0.714285714
566b99,1,Clip28,6.4719,Novice,44,Non-Binary,Yes,4,No,0,0,1,1,0,2,1,2,1,0,0,1,2,5,0,0,1,0,1,0,1,1,0,0,0,0,Novice,TRUE,0.25,1,0.714285714
566b99,1,Clip14,4.5299,Novice,44,Non-Binary,Yes,4,No,0,0,1,1,0,2,1,2,1,0,0,1,2,5,0,0,1,0,1,0,1,1,0,0,0,0,Novice,TRUE,0.25,1,0.714285714
566b99,1,Clip30,3.6036,Novice,44,Non-Binary,Yes,4,No,0,0,1,1,0,2,1,2,1,0,0,1,2,5,0,0,1,0,1,0,1,1,0,0,0,0,Novice,TRUE,0.25,1,0.714285714
566b99,0,Clip22,5.1927,Novice,44,Non-Binary,Yes,4,No,0,0,1,1,0,2,1,2,1,0,0,1,2,5,0,0,1,0,1,0,1,1,0,0,0,0,Novice,TRUE,0.25,1,0.714285714
566b99,1,Clip13,6.7641,Novice,44,Non-Binary,Yes,4,No,0,0,1,1,0,2,1,2,1,0,0,1,2,5,0,0,1,0,1,0,1,1,0,0,0,0,Novice,TRUE,0.25,1,0.714285714
566b99,1,Clip10,10.1018,Novice,44,Non-Binary,Yes,4,No,0,0,1,1,0,2,1,2,1,0,0,1,2,5,0,0,1,0,1,0,1,1,0,0,0,0,Novice,TRUE,0.25,1,0.714285714
566b99,0,Clip15,9.6237,Novice,44,Non-Binary,Yes,4,No,0,0,1,1,0,2,1,2,1,0,0,1,2,5,0,0,1,0,1,0,1,1,0,0,0,0,Novice,TRUE,0.25,1,0.714285714
566b99,1,Clip18,7.7764,Novice,44,Non-Binary,Yes,4,No,0,0,1,1,0,2,1,2,1,0,0,1,2,5,0,0,1,0,1,0,1,1,0,0,0,0,Novice,TRUE,0.25,1,0.714285714
566b99,1,Clip02,2.7886,Novice,44,Non-Binary,Yes,4,No,0,0,1,1,0,2,1,2,1,0,0,1,2,5,0,0,1,0,1,0,1,1,0,0,0,0,Novice,TRUE,0.25,1,0.714285714
566b99,1,Clip17,5.0525,Novice,44,Non-Binary,Yes,4,No,0,0,1,1,0,2,1,2,1,0,0,1,2,5,0,0,1,0,1,0,1,1,0,0,0,0,Novice,TRUE,0.25,1,0.714285714
566b99,0,Clip16,9.4991,Novice,44,Non-Binary,Yes,4,No,0,0,1,1,0,2,1,2,1,0,0,1,2,5,0,0,1,0,1,0,1,1,0,0,0,0,Novice,TRUE,0.25,1,0.714285714
566b99,1,Clip35,2.5741,Novice,44,Non-Binary,Yes,4,No,0,0,1,1,0,2,1,2,1,0,0,1,2,5,0,0,1,0,1,0,1,1,0,0,0,0,Novice,TRUE,0.25,1,0.714285714
566b99,1,Clip29,3.8027,Novice,44,Non-Binary,Yes,4,No,0,0,1,1,0,2,1,2,1,0,0,1,2,5,0,0,1,0,1,0,1,1,0,0,0,0,Novice,TRUE,0.25,1,0.714285714
566b99,0,Clip07,9.9053,Novice,44,Non-Binary,Yes,4,No,0,0,1,1,0,2,1,2,1,0,0,1,2,5,0,0,1,0,1,0,1,1,0,0,0,0,Novice,TRUE,0.25,1,0.714285714
566b99,0,Clip23,7.6763,Novice,44,Non-Binary,Yes,4,No,0,0,1,1,0,2,1,2,1,0,0,1,2,5,0,0,1,0,1,0,1,1,0,0,0,0,Novice,TRUE,0.25,1,0.714285714
62ae37,1,Clip25,10.7242,Novice,50,Male,Yes,1,No,0,0,0,0,0,1,1,0,0,0,0,0,0,5,0,0,0,0,0,0,0,0,0,0,0,0,Novice,TRUE,0,0.25,0
62ae37,1,Clip31,3.7544,Novice,50,Male,Yes,1,No,0,0,0,0,0,1,1,0,0,0,0,0,0,5,0,0,0,0,0,0,0,0,0,0,0,0,Novice,TRUE,0,0.25,0
62ae37,1,Clip12,23.1707,Novice,50,Male,Yes,1,No,0,0,0,0,0,1,1,0,0,0,0,0,0,5,0,0,0,0,0,0,0,0,0,0,0,0,Novice,TRUE,0,0.25,0
62ae37,1,Clip02,7.0525,Novice,50,Male,Yes,1,No,0,0,0,0,0,1,1,0,0,0,0,0,0,5,0,0,0,0,0,0,0,0,0,0,0,0,Novice,TRUE,0,0.25,0
62ae37,1,Clip26,3.9057,Novice,50,Male,Yes,1,No,0,0,0,0,0,1,1,0,0,0,0,0,0,5,0,0,0,0,0,0,0,0,0,0,0,0,Novice,TRUE,0,0.25,0
62ae37,1,Clip39,8.6248,Novice,50,Male,Yes,1,No,0,0,0,0,0,1,1,0,0,0,0,0,0,5,0,0,0,0,0,0,0,0,0,0,0,0,Novice,TRUE,0,0.25,0
62ae37,1,Clip09,13.6832,Novice,50,Male,Yes,1,No,0,0,0,0,0,1,1,0,0,0,0,0,0,5,0,0,0,0,0,0,0,0,0,0,0,0,Novice,TRUE,0,0.25,0
62ae37,1,Clip28,10.0668,Novice,50,Male,Yes,1,No,0,0,0,0,0,1,1,0,0,0,0,0,0,5,0,0,0,0,0,0,0,0,0,0,0,0,Novice,TRUE,0,0.25,0
62ae37,1,Clip35,4.1733,Novice,50,Male,Yes,1,No,0,0,0,0,0,1,1,0,0,0,0,0,0,5,0,0,0,0,0,0,0,0,0,0,0,0,Novice,TRUE,0,0.25,0
62ae37,1,Clip37,5.142,Novice,50,Male,Yes,1,No,0,0,0,0,0,1,1,0,0,0,0,0,0,5,0,0,0,0,0,0,0,0,0,0,0,0,Novice,TRUE,0,0.25,0
62ae37,1,Clip36,6.0225,Novice,50,Male,Yes,1,No,0,0,0,0,0,1,1,0,0,0,0,0,0,5,0,0,0,0,0,0,0,0,0,0,0,0,Novice,TRUE,0,0.25,0
62ae37,1,Clip34,17.8426,Novice,50,Male,Yes,1,No,0,0,0,0,0,1,1,0,0,0,0,0,0,5,0,0,0,0,0,0,0,0,0,0,0,0,Novice,TRUE,0,0.25,0
62ae37,1,Clip22,4.6795,Novice,50,Male,Yes,1,No,0,0,0,0,0,1,1,0,0,0,0,0,0,5,0,0,0,0,0,0,0,0,0,0,0,0,Novice,TRUE,0,0.25,0
62ae37,1,Clip32,16.4389,Novice,50,Male,Yes,1,No,0,0,0,0,0,1,1,0,0,0,0,0,0,5,0,0,0,0,0,0,0,0,0,0,0,0,Novice,TRUE,0,0.25,0
62ae37,1,Clip27,8.5168,Novice,50,Male,Yes,1,No,0,0,0,0,0,1,1,0,0,0,0,0,0,5,0,0,0,0,0,0,0,0,0,0,0,0,Novice,TRUE,0,0.25,0
62ae37,1,Clip17,6.7868,Novice,50,Male,Yes,1,No,0,0,0,0,0,1,1,0,0,0,0,0,0,5,0,0,0,0,0,0,0,0,0,0,0,0,Novice,TRUE,0,0.25,0
62ae37,1,Clip33,12.3741,Novice,50,Male,Yes,1,No,0,0,0,0,0,1,1,0,0,0,0,0,0,5,0,0,0,0,0,0,0,0,0,0,0,0,Novice,TRUE,0,0.25,0
62ae37,1,Clip19,3.388,Novice,50,Male,Yes,1,No,0,0,0,0,0,1,1,0,0,0,0,0,0,5,0,0,0,0,0,0,0,0,0,0,0,0,Novice,TRUE,0,0.25,0
62ae37,0,Clip38,9.2285,Novice,50,Male,Yes,1,No,0,0,0,0,0,1,1,0,0,0,0,0,0,5,0,0,0,0,0,0,0,0,0,0,0,0,Novice,TRUE,0,0.25,0
62ae37,0,Clip21,13.2171,Novice,50,Male,Yes,1,No,0,0,0,0,0,1,1,0,0,0,0,0,0,5,0,0,0,0,0,0,0,0,0,0,0,0,Novice,TRUE,0,0.25,0
62ae37,0,Clip24,21.1595,Novice,50,Male,Yes,1,No,0,0,0,0,0,1,1,0,0,0,0,0,0,5,0,0,0,0,0,0,0,0,0,0,0,0,Novice,TRUE,0,0.25,0
62ae37,1,Clip23,9.4315,Novice,50,Male,Yes,1,No,0,0,0,0,0,1,1,0,0,0,0,0,0,5,0,0,0,0,0,0,0,0,0,0,0,0,Novice,TRUE,0,0.25,0
62ae37,1,Clip03,8.1551,Novice,50,Male,Yes,1,No,0,0,0,0,0,1,1,0,0,0,0,0,0,5,0,0,0,0,0,0,0,0,0,0,0,0,Novice,TRUE,0,0.25,0
62ae37,1,Clip07,5.9879,Novice,50,Male,Yes,1,No,0,0,0,0,0,1,1,0,0,0,0,0,0,5,0,0,0,0,0,0,0,0,0,0,0,0,Novice,TRUE,0,0.25,0
62ae37,0,Clip20,26.8196,Novice,50,Male,Yes,1,No,0,0,0,0,0,1,1,0,0,0,0,0,0,5,0,0,0,0,0,0,0,0,0,0,0,0,Novice,TRUE,0,0.25,0
62ae37,1,Clip13,7.7471,Novice,50,Male,Yes,1,No,0,0,0,0,0,1,1,0,0,0,0,0,0,5,0,0,0,0,0,0,0,0,0,0,0,0,Novice,TRUE,0,0.25,0
62ae37,1,Clip30,5.5657,Novice,50,Male,Yes,1,No,0,0,0,0,0,1,1,0,0,0,0,0,0,5,0,0,0,0,0,0,0,0,0,0,0,0,Novice,TRUE,0,0.25,0
62ae37,1,Clip01,10.4012,Novice,50,Male,Yes,1,No,0,0,0,0,0,1,1,0,0,0,0,0,0,5,0,0,0,0,0,0,0,0,0,0,0,0,Novice,TRUE,0,0.25,0
62ae37,0,Clip10,16.2031,Novice,50,Male,Yes,1,No,0,0,0,0,0,1,1,0,0,0,0,0,0,5,0,0,0,0,0,0,0,0,0,0,0,0,Novice,TRUE,0,0.25,0
62ae37,1,Clip40,6.5388,Novice,50,Male,Yes,1,No,0,0,0,0,0,1,1,0,0,0,0,0,0,5,0,0,0,0,0,0,0,0,0,0,0,0,Novice,TRUE,0,0.25,0
62ae37,1,Clip04,10.1126,Novice,50,Male,Yes,1,No,0,0,0,0,0,1,1,0,0,0,0,0,0,5,0,0,0,0,0,0,0,0,0,0,0,0,Novice,TRUE,0,0.25,0
62ae37,0,Clip08,14.5387,Novice,50,Male,Yes,1,No,0,0,0,0,0,1,1,0,0,0,0,0,0,5,0,0,0,0,0,0,0,0,0,0,0,0,Novice,TRUE,0,0.25,0
62ae37,1,Clip18,6.936,Novice,50,Male,Yes,1,No,0,0,0,0,0,1,1,0,0,0,0,0,0,5,0,0,0,0,0,0,0,0,0,0,0,0,Novice,TRUE,0,0.25,0
62ae37,1,Clip06,9.1863,Novice,50,Male,Yes,1,No,0,0,0,0,0,1,1,0,0,0,0,0,0,5,0,0,0,0,0,0,0,0,0,0,0,0,Novice,TRUE,0,0.25,0
62ae37,1,Clip15,8.2296,Novice,50,Male,Yes,1,No,0,0,0,0,0,1,1,0,0,0,0,0,0,5,0,0,0,0,0,0,0,0,0,0,0,0,Novice,TRUE,0,0.25,0
62ae37,1,Clip29,9.7743,Novice,50,Male,Yes,1,No,0,0,0,0,0,1,1,0,0,0,0,0,0,5,0,0,0,0,0,0,0,0,0,0,0,0,Novice,TRUE,0,0.25,0
62ae37,0,Clip16,19.3541,Novice,50,Male,Yes,1,No,0,0,0,0,0,1,1,0,0,0,0,0,0,5,0,0,0,0,0,0,0,0,0,0,0,0,Novice,TRUE,0,0.25,0
62ae37,1,Clip14,7.8294,Novice,50,Male,Yes,1,No,0,0,0,0,0,1,1,0,0,0,0,0,0,5,0,0,0,0,0,0,0,0,0,0,0,0,Novice,TRUE,0,0.25,0
62ae37,1,Clip05,22.6306,Novice,50,Male,Yes,1,No,0,0,0,0,0,1,1,0,0,0,0,0,0,5,0,0,0,0,0,0,0,0,0,0,0,0,Novice,TRUE,0,0.25,0
62ae37,0,Clip11,14.7373,Novice,50,Male,Yes,1,No,0,0,0,0,0,1,1,0,0,0,0,0,0,5,0,0,0,0,0,0,0,0,0,0,0,0,Novice,TRUE,0,0.25,0
5a63b6,1,Clip26,6.251,Novice,31,Male,Yes,1,No,0,1,2,0,0,3,2,1,0,1,0,2,0,5,1,1,0,0,0,1,0,0,2,0,0,0,Novice,TRUE,0.5,1.25,0.285714286
5a63b6,1,Clip37,2.718,Novice,31,Male,Yes,1,No,0,1,2,0,0,3,2,1,0,1,0,2,0,5,1,1,0,0,0,1,0,0,2,0,0,0,Novice,TRUE,0.5,1.25,0.285714286
5a63b6,1,Clip06,10.932,Novice,31,Male,Yes,1,No,0,1,2,0,0,3,2,1,0,1,0,2,0,5,1,1,0,0,0,1,0,0,2,0,0,0,Novice,TRUE,0.5,1.25,0.285714286
5a63b6,1,Clip15,7.551,Novice,31,Male,Yes,1,No,0,1,2,0,0,3,2,1,0,1,0,2,0,5,1,1,0,0,0,1,0,0,2,0,0,0,Novice,TRUE,0.5,1.25,0.285714286
5a63b6,1,Clip18,3.858,Novice,31,Male,Yes,1,No,0,1,2,0,0,3,2,1,0,1,0,2,0,5,1,1,0,0,0,1,0,0,2,0,0,0,Novice,TRUE,0.5,1.25,0.285714286
5a63b6,1,Clip13,12.059,Novice,31,Male,Yes,1,No,0,1,2,0,0,3,2,1,0,1,0,2,0,5,1,1,0,0,0,1,0,0,2,0,0,0,Novice,TRUE,0.5,1.25,0.285714286
5a63b6,1,Clip27,10.533,Novice,31,Male,Yes,1,No,0,1,2,0,0,3,2,1,0,1,0,2,0,5,1,1,0,0,0,1,0,0,2,0,0,0,Novice,TRUE,0.5,1.25,0.285714286
5a63b6,1,Clip07,6.006,Novice,31,Male,Yes,1,No,0,1,2,0,0,3,2,1,0,1,0,2,0,5,1,1,0,0,0,1,0,0,2,0,0,0,Novice,TRUE,0.5,1.25,0.285714286
5a63b6,1,Clip23,8.476,Novice,31,Male,Yes,1,No,0,1,2,0,0,3,2,1,0,1,0,2,0,5,1,1,0,0,0,1,0,0,2,0,0,0,Novice,TRUE,0.5,1.25,0.285714286
5a63b6,0,Clip08,17.086,Novice,31,Male,Yes,1,No,0,1,2,0,0,3,2,1,0,1,0,2,0,5,1,1,0,0,0,1,0,0,2,0,0,0,Novice,TRUE,0.5,1.25,0.285714286
5a63b6,0,Clip14,14.01,Novice,31,Male,Yes,1,No,0,1,2,0,0,3,2,1,0,1,0,2,0,5,1,1,0,0,0,1,0,0,2,0,0,0,Novice,TRUE,0.5,1.25,0.285714286
5a63b6,0,Clip21,11.301,Novice,31,Male,Yes,1,No,0,1,2,0,0,3,2,1,0,1,0,2,0,5,1,1,0,0,0,1,0,0,2,0,0,0,Novice,TRUE,0.5,1.25,0.285714286
5a63b6,1,Clip02,2.591,Novice,31,Male,Yes,1,No,0,1,2,0,0,3,2,1,0,1,0,2,0,5,1,1,0,0,0,1,0,0,2,0,0,0,Novice,TRUE,0.5,1.25,0.285714286
5a63b6,0,Clip38,6.979,Novice,31,Male,Yes,1,No,0,1,2,0,0,3,2,1,0,1,0,2,0,5,1,1,0,0,0,1,0,0,2,0,0,0,Novice,TRUE,0.5,1.25,0.285714286
5a63b6,1,Clip20,3.84,Novice,31,Male,Yes,1,No,0,1,2,0,0,3,2,1,0,1,0,2,0,5,1,1,0,0,0,1,0,0,2,0,0,0,Novice,TRUE,0.5,1.25,0.285714286
5a63b6,0,Clip10,13.19,Novice,31,Male,Yes,1,No,0,1,2,0,0,3,2,1,0,1,0,2,0,5,1,1,0,0,0,1,0,0,2,0,0,0,Novice,TRUE,0.5,1.25,0.285714286
5a63b6,1,Clip40,4.635,Novice,31,Male,Yes,1,No,0,1,2,0,0,3,2,1,0,1,0,2,0,5,1,1,0,0,0,1,0,0,2,0,0,0,Novice,TRUE,0.5,1.25,0.285714286
5a63b6,1,Clip17,9.986,Novice,31,Male,Yes,1,No,0,1,2,0,0,3,2,1,0,1,0,2,0,5,1,1,0,0,0,1,0,0,2,0,0,0,Novice,TRUE,0.5,1.25,0.285714286
5a63b6,1,Clip16,5.847,Novice,31,Male,Yes,1,No,0,1,2,0,0,3,2,1,0,1,0,2,0,5,1,1,0,0,0,1,0,0,2,0,0,0,Novice,TRUE,0.5,1.25,0.285714286
5a63b6,1,Clip28,3.866,Novice,31,Male,Yes,1,No,0,1,2,0,0,3,2,1,0,1,0,2,0,5,1,1,0,0,0,1,0,0,2,0,0,0,Novice,TRUE,0.5,1.25,0.285714286
5a63b6,1,Clip31,3.038,Novice,31,Male,Yes,1,No,0,1,2,0,0,3,2,1,0,1,0,2,0,5,1,1,0,0,0,1,0,0,2,0,0,0,Novice,TRUE,0.5,1.25,0.285714286
5a63b6,1,Clip09,3.678,Novice,31,Male,Yes,1,No,0,1,2,0,0,3,2,1,0,1,0,2,0,5,1,1,0,0,0,1,0,0,2,0,0,0,Novice,TRUE,0.5,1.25,0.285714286
5a63b6,1,Clip12,12.385,Novice,31,Male,Yes,1,No,0,1,2,0,0,3,2,1,0,1,0,2,0,5,1,1,0,0,0,1,0,0,2,0,0,0,Novice,TRUE,0.5,1.25,0.285714286
5a63b6,1,Clip34,14.516,Novice,31,Male,Yes,1,No,0,1,2,0,0,3,2,1,0,1,0,2,0,5,1,1,0,0,0,1,0,0,2,0,0,0,Novice,TRUE,0.5,1.25,0.285714286
5a63b6,0,Clip29,8.445,Novice,31,Male,Yes,1,No,0,1,2,0,0,3,2,1,0,1,0,2,0,5,1,1,0,0,0,1,0,0,2,0,0,0,Novice,TRUE,0.5,1.25,0.285714286
5a63b6,0,Clip35,25.638,Novice,31,Male,Yes,1,No,0,1,2,0,0,3,2,1,0,1,0,2,0,5,1,1,0,0,0,1,0,0,2,0,0,0,Novice,TRUE,0.5,1.25,0.285714286
5a63b6,0,Clip33,15.684,Novice,31,Male,Yes,1,No,0,1,2,0,0,3,2,1,0,1,0,2,0,5,1,1,0,0,0,1,0,0,2,0,0,0,Novice,TRUE,0.5,1.25,0.285714286
5a63b6,1,Clip36,9.518,Novice,31,Male,Yes,1,No,0,1,2,0,0,3,2,1,0,1,0,2,0,5,1,1,0,0,0,1,0,0,2,0,0,0,Novice,TRUE,0.5,1.25,0.285714286
5a63b6,1,Clip39,5.671,Novice,31,Male,Yes,1,No,0,1,2,0,0,3,2,1,0,1,0,2,0,5,1,1,0,0,0,1,0,0,2,0,0,0,Novice,TRUE,0.5,1.25,0.285714286
5a63b6,1,Clip01,6.603,Novice,31,Male,Yes,1,No,0,1,2,0,0,3,2,1,0,1,0,2,0,5,1,1,0,0,0,1,0,0,2,0,0,0,Novice,TRUE,0.5,1.25,0.285714286
5a63b6,1,Clip05,5.277,Novice,31,Male,Yes,1,No,0,1,2,0,0,3,2,1,0,1,0,2,0,5,1,1,0,0,0,1,0,0,2,0,0,0,Novice,TRUE,0.5,1.25,0.285714286
5a63b6,0,Clip24,18.373,Novice,31,Male,Yes,1,No,0,1,2,0,0,3,2,1,0,1,0,2,0,5,1,1,0,0,0,1,0,0,2,0,0,0,Novice,TRUE,0.5,1.25,0.285714286
5a63b6,0,Clip11,14.71,Novice,31,Male,Yes,1,No,0,1,2,0,0,3,2,1,0,1,0,2,0,5,1,1,0,0,0,1,0,0,2,0,0,0,Novice,TRUE,0.5,1.25,0.285714286
5a63b6,0,Clip25,10.887,Novice,31,Male,Yes,1,No,0,1,2,0,0,3,2,1,0,1,0,2,0,5,1,1,0,0,0,1,0,0,2,0,0,0,Novice,TRUE,0.5,1.25,0.285714286
5a63b6,1,Clip19,5.743,Novice,31,Male,Yes,1,No,0,1,2,0,0,3,2,1,0,1,0,2,0,5,1,1,0,0,0,1,0,0,2,0,0,0,Novice,TRUE,0.5,1.25,0.285714286
5a63b6,0,Clip03,15.616,Novice,31,Male,Yes,1,No,0,1,2,0,0,3,2,1,0,1,0,2,0,5,1,1,0,0,0,1,0,0,2,0,0,0,Novice,TRUE,0.5,1.25,0.285714286
5a63b6,1,Clip22,6.317,Novice,31,Male,Yes,1,No,0,1,2,0,0,3,2,1,0,1,0,2,0,5,1,1,0,0,0,1,0,0,2,0,0,0,Novice,TRUE,0.5,1.25,0.285714286
5a63b6,0,Clip32,8.351,Novice,31,Male,Yes,1,No,0,1,2,0,0,3,2,1,0,1,0,2,0,5,1,1,0,0,0,1,0,0,2,0,0,0,Novice,TRUE,0.5,1.25,0.285714286
5a63b6,0,Clip04,14.47,Novice,31,Male,Yes,1,No,0,1,2,0,0,3,2,1,0,1,0,2,0,5,1,1,0,0,0,1,0,0,2,0,0,0,Novice,TRUE,0.5,1.25,0.285714286
5a63b6,1,Clip30,6.407,Novice,31,Male,Yes,1,No,0,1,2,0,0,3,2,1,0,1,0,2,0,5,1,1,0,0,0,1,0,0,2,0,0,0,Novice,TRUE,0.5,1.25,0.285714286
5f7355,1,Clip13,10.13,Novice,32,Female,Yes,6,Yes,1,0,0,0,0,0,1,0,0,0,0,0,0,5,0,0,0,0,0,0,0,1,0,0,0,1,Novice,TRUE,0.125,0.25,0
5f7355,1,Clip21,8.396,Novice,32,Female,Yes,6,Yes,1,0,0,0,0,0,1,0,0,0,0,0,0,5,0,0,0,0,0,0,0,1,0,0,0,1,Novice,TRUE,0.125,0.25,0
5f7355,1,Clip09,7.522,Novice,32,Female,Yes,6,Yes,1,0,0,0,0,0,1,0,0,0,0,0,0,5,0,0,0,0,0,0,0,1,0,0,0,1,Novice,TRUE,0.125,0.25,0
5f7355,1,Clip35,7.419,Novice,32,Female,Yes,6,Yes,1,0,0,0,0,0,1,0,0,0,0,0,0,5,0,0,0,0,0,0,0,1,0,0,0,1,Novice,TRUE,0.125,0.25,0
5f7355,1,Clip14,4.297,Novice,32,Female,Yes,6,Yes,1,0,0,0,0,0,1,0,0,0,0,0,0,5,0,0,0,0,0,0,0,1,0,0,0,1,Novice,TRUE,0.125,0.25,0
5f7355,1,Clip18,4.865,Novice,32,Female,Yes,6,Yes,1,0,0,0,0,0,1,0,0,0,0,0,0,5,0,0,0,0,0,0,0,1,0,0,0,1,Novice,TRUE,0.125,0.25,0
5f7355,1,Clip40,3.871,Novice,32,Female,Yes,6,Yes,1,0,0,0,0,0,1,0,0,0,0,0,0,5,0,0,0,0,0,0,0,1,0,0,0,1,Novice,TRUE,0.125,0.25,0
5f7355,1,Clip25,8.044,Novice,32,Female,Yes,6,Yes,1,0,0,0,0,0,1,0,0,0,0,0,0,5,0,0,0,0,0,0,0,1,0,0,0,1,Novice,TRUE,0.125,0.25,0
5f7355,1,Clip27,4.123,Novice,32,Female,Yes,6,Yes,1,0,0,0,0,0,1,0,0,0,0,0,0,5,0,0,0,0,0,0,0,1,0,0,0,1,Novice,TRUE,0.125,0.25,0
5f7355,1,Clip30,3.455,Novice,32,Female,Yes,6,Yes,1,0,0,0,0,0,1,0,0,0,0,0,0,5,0,0,0,0,0,0,0,1,0,0,0,1,Novice,TRUE,0.125,0.25,0
5f7355,1,Clip23,5.208,Novice,32,Female,Yes,6,Yes,1,0,0,0,0,0,1,0,0,0,0,0,0,5,0,0,0,0,0,0,0,1,0,0,0,1,Novice,TRUE,0.125,0.25,0
5f7355,1,Clip28,3.519,Novice,32,Female,Yes,6,Yes,1,0,0,0,0,0,1,0,0,0,0,0,0,5,0,0,0,0,0,0,0,1,0,0,0,1,Novice,TRUE,0.125,0.25,0
5f7355,1,Clip39,8.398,Novice,32,Female,Yes,6,Yes,1,0,0,0,0,0,1,0,0,0,0,0,0,5,0,0,0,0,0,0,0,1,0,0,0,1,Novice,TRUE,0.125,0.25,0
5f7355,0,Clip38,6.637,Novice,32,Female,Yes,6,Yes,1,0,0,0,0,0,1,0,0,0,0,0,0,5,0,0,0,0,0,0,0,1,0,0,0,1,Novice,TRUE,0.125,0.25,0
5f7355,1,Clip31,2.376,Novice,32,Female,Yes,6,Yes,1,0,0,0,0,0,1,0,0,0,0,0,0,5,0,0,0,0,0,0,0,1,0,0,0,1,Novice,TRUE,0.125,0.25,0
5f7355,1,Clip34,9.237,Novice,32,Female,Yes,6,Yes,1,0,0,0,0,0,1,0,0,0,0,0,0,5,0,0,0,0,0,0,0,1,0,0,0,1,Novice,TRUE,0.125,0.25,0
5f7355,1,Clip06,2.793,Novice,32,Female,Yes,6,Yes,1,0,0,0,0,0,1,0,0,0,0,0,0,5,0,0,0,0,0,0,0,1,0,0,0,1,Novice,TRUE,0.125,0.25,0
5f7355,1,Clip29,3.864,Novice,32,Female,Yes,6,Yes,1,0,0,0,0,0,1,0,0,0,0,0,0,5,0,0,0,0,0,0,0,1,0,0,0,1,Novice,TRUE,0.125,0.25,0
5f7355,1,Clip12,4.916,Novice,32,Female,Yes,6,Yes,1,0,0,0,0,0,1,0,0,0,0,0,0,5,0,0,0,0,0,0,0,1,0,0,0,1,Novice,TRUE,0.125,0.25,0
5f7355,1,Clip32,5.525,Novice,32,Female,Yes,6,Yes,1,0,0,0,0,0,1,0,0,0,0,0,0,5,0,0,0,0,0,0,0,1,0,0,0,1,Novice,TRUE,0.125,0.25,0
5f7355,1,Clip10,1.932,Novice,32,Female,Yes,6,Yes,1,0,0,0,0,0,1,0,0,0,0,0,0,5,0,0,0,0,0,0,0,1,0,0,0,1,Novice,TRUE,0.125,0.25,0
5f7355,1,Clip15,2.667,Novice,32,Female,Yes,6,Yes,1,0,0,0,0,0,1,0,0,0,0,0,0,5,0,0,0,0,0,0,0,1,0,0,0,1,Novice,TRUE,0.125,0.25,0
5f7355,1,Clip11,5.401,Novice,32,Female,Yes,6,Yes,1,0,0,0,0,0,1,0,0,0,0,0,0,5,0,0,0,0,0,0,0,1,0,0,0,1,Novice,TRUE,0.125,0.25,0
5f7355,1,Clip05,4.065,Novice,32,Female,Yes,6,Yes,1,0,0,0,0,0,1,0,0,0,0,0,0,5,0,0,0,0,0,0,0,1,0,0,0,1,Novice,TRUE,0.125,0.25,0
5f7355,1,Clip26,2.304,Novice,32,Female,Yes,6,Yes,1,0,0,0,0,0,1,0,0,0,0,0,0,5,0,0,0,0,0,0,0,1,0,0,0,1,Novice,TRUE,0.125,0.25,0
5f7355,1,Clip04,2.578,Novice,32,Female,Yes,6,Yes,1,0,0,0,0,0,1,0,0,0,0,0,0,5,0,0,0,0,0,0,0,1,0,0,0,1,Novice,TRUE,0.125,0.25,0
5f7355,1,Clip22,2.166,Novice,32,Female,Yes,6,Yes,1,0,0,0,0,0,1,0,0,0,0,0,0,5,0,0,0,0,0,0,0,1,0,0,0,1,Novice,TRUE,0.125,0.25,0
5f7355,1,Clip20,21.094,Novice,32,Female,Yes,6,Yes,1,0,0,0,0,0,1,0,0,0,0,0,0,5,0,0,0,0,0,0,0,1,0,0,0,1,Novice,TRUE,0.125,0.25,0
5f7355,1,Clip19,3.75,Novice,32,Female,Yes,6,Yes,1,0,0,0,0,0,1,0,0,0,0,0,0,5,0,0,0,0,0,0,0,1,0,0,0,1,Novice,TRUE,0.125,0.25,0
5f7355,1,Clip37,3.711,Novice,32,Female,Yes,6,Yes,1,0,0,0,0,0,1,0,0,0,0,0,0,5,0,0,0,0,0,0,0,1,0,0,0,1,Novice,TRUE,0.125,0.25,0
5f7355,1,Clip36,3.837,Novice,32,Female,Yes,6,Yes,1,0,0,0,0,0,1,0,0,0,0,0,0,5,0,0,0,0,0,0,0,1,0,0,0,1,Novice,TRUE,0.125,0.25,0
5f7355,1,Clip01,3.758,Novice,32,Female,Yes,6,Yes,1,0,0,0,0,0,1,0,0,0,0,0,0,5,0,0,0,0,0,0,0,1,0,0,0,1,Novice,TRUE,0.125,0.25,0
5f7355,1,Clip07,4.732,Novice,32,Female,Yes,6,Yes,1,0,0,0,0,0,1,0,0,0,0,0,0,5,0,0,0,0,0,0,0,1,0,0,0,1,Novice,TRUE,0.125,0.25,0
5f7355,1,Clip16,4.794,Novice,32,Female,Yes,6,Yes,1,0,0,0,0,0,1,0,0,0,0,0,0,5,0,0,0,0,0,0,0,1,0,0,0,1,Novice,TRUE,0.125,0.25,0
5f7355,1,Clip33,5.398,Novice,32,Female,Yes,6,Yes,1,0,0,0,0,0,1,0,0,0,0,0,0,5,0,0,0,0,0,0,0,1,0,0,0,1,Novice,TRUE,0.125,0.25,0
5f7355,1,Clip17,4.371,Novice,32,Female,Yes,6,Yes,1,0,0,0,0,0,1,0,0,0,0,0,0,5,0,0,0,0,0,0,0,1,0,0,0,1,Novice,TRUE,0.125,0.25,0
5f7355,1,Clip24,3.01,Novice,32,Female,Yes,6,Yes,1,0,0,0,0,0,1,0,0,0,0,0,0,5,0,0,0,0,0,0,0,1,0,0,0,1,Novice,TRUE,0.125,0.25,0
5f7355,1,Clip03,2.63,Novice,32,Female,Yes,6,Yes,1,0,0,0,0,0,1,0,0,0,0,0,0,5,0,0,0,0,0,0,0,1,0,0,0,1,Novice,TRUE,0.125,0.25,0
5f7355,1,Clip02,2.547,Novice,32,Female,Yes,6,Yes,1,0,0,0,0,0,1,0,0,0,0,0,0,5,0,0,0,0,0,0,0,1,0,0,0,1,Novice,TRUE,0.125,0.25,0
5f7355,1,Clip08,5.114,Novice,32,Female,Yes,6,Yes,1,0,0,0,0,0,1,0,0,0,0,0,0,5,0,0,0,0,0,0,0,1,0,0,0,1,Novice,TRUE,0.125,0.25,0
5e4b81,1,Clip36,9.0664,Novice,23,Female,Yes,0.08,No,0,0,0,0,0,0,3,4,0,2,0,1,0,5,0,1,1,1,4,0,0,1,0,0,0,0,Novice,TRUE,0.875,1.125,0.142857143
5e4b81,0,Clip23,7.5869,Novice,23,Female,Yes,0.08,No,0,0,0,0,0,0,3,4,0,2,0,1,0,5,0,1,1,1,4,0,0,1,0,0,0,0,Novice,TRUE,0.875,1.125,0.142857143
5e4b81,1,Clip33,4.449,Novice,23,Female,Yes,0.08,No,0,0,0,0,0,0,3,4,0,2,0,1,0,5,0,1,1,1,4,0,0,1,0,0,0,0,Novice,TRUE,0.875,1.125,0.142857143
5e4b81,0,Clip22,8.3325,Novice,23,Female,Yes,0.08,No,0,0,0,0,0,0,3,4,0,2,0,1,0,5,0,1,1,1,4,0,0,1,0,0,0,0,Novice,TRUE,0.875,1.125,0.142857143
5e4b81,1,Clip04,3.4838,Novice,23,Female,Yes,0.08,No,0,0,0,0,0,0,3,4,0,2,0,1,0,5,0,1,1,1,4,0,0,1,0,0,0,0,Novice,TRUE,0.875,1.125,0.142857143
5e4b81,0,Clip39,4.0353,Novice,23,Female,Yes,0.08,No,0,0,0,0,0,0,3,4,0,2,0,1,0,5,0,1,1,1,4,0,0,1,0,0,0,0,Novice,TRUE,0.875,1.125,0.142857143
5e4b81,0,Clip31,12.521,Novice,23,Female,Yes,0.08,No,0,0,0,0,0,0,3,4,0,2,0,1,0,5,0,1,1,1,4,0,0,1,0,0,0,0,Novice,TRUE,0.875,1.125,0.142857143
5e4b81,0,Clip35,11.5099,Novice,23,Female,Yes,0.08,No,0,0,0,0,0,0,3,4,0,2,0,1,0,5,0,1,1,1,4,0,0,1,0,0,0,0,Novice,TRUE,0.875,1.125,0.142857143
5e4b81,1,Clip12,6.0248,Novice,23,Female,Yes,0.08,No,0,0,0,0,0,0,3,4,0,2,0,1,0,5,0,1,1,1,4,0,0,1,0,0,0,0,Novice,TRUE,0.875,1.125,0.142857143
5e4b81,0,Clip11,16.3411,Novice,23,Female,Yes,0.08,No,0,0,0,0,0,0,3,4,0,2,0,1,0,5,0,1,1,1,4,0,0,1,0,0,0,0,Novice,TRUE,0.875,1.125,0.142857143
5e4b81,0,Clip24,6.8886,Novice,23,Female,Yes,0.08,No,0,0,0,0,0,0,3,4,0,2,0,1,0,5,0,1,1,1,4,0,0,1,0,0,0,0,Novice,TRUE,0.875,1.125,0.142857143
5e4b81,0,Clip28,6.0141,Novice,23,Female,Yes,0.08,No,0,0,0,0,0,0,3,4,0,2,0,1,0,5,0,1,1,1,4,0,0,1,0,0,0,0,Novice,TRUE,0.875,1.125,0.142857143
5e4b81,0,Clip16,10.9434,Novice,23,Female,Yes,0.08,No,0,0,0,0,0,0,3,4,0,2,0,1,0,5,0,1,1,1,4,0,0,1,0,0,0,0,Novice,TRUE,0.875,1.125,0.142857143
5e4b81,0,Clip01,180.0284,Novice,23,Female,Yes,0.08,No,0,0,0,0,0,0,3,4,0,2,0,1,0,5,0,1,1,1,4,0,0,1,0,0,0,0,Novice,TRUE,0.875,1.125,0.142857143
5e4b81,1,Clip26,4.3485,Novice,23,Female,Yes,0.08,No,0,0,0,0,0,0,3,4,0,2,0,1,0,5,0,1,1,1,4,0,0,1,0,0,0,0,Novice,TRUE,0.875,1.125,0.142857143
5e4b81,1,Clip09,7.8407,Novice,23,Female,Yes,0.08,No,0,0,0,0,0,0,3,4,0,2,0,1,0,5,0,1,1,1,4,0,0,1,0,0,0,0,Novice,TRUE,0.875,1.125,0.142857143
5e4b81,1,Clip13,11.2228,Novice,23,Female,Yes,0.08,No,0,0,0,0,0,0,3,4,0,2,0,1,0,5,0,1,1,1,4,0,0,1,0,0,0,0,Novice,TRUE,0.875,1.125,0.142857143
5e4b81,0,Clip21,10.095,Novice,23,Female,Yes,0.08,No,0,0,0,0,0,0,3,4,0,2,0,1,0,5,0,1,1,1,4,0,0,1,0,0,0,0,Novice,TRUE,0.875,1.125,0.142857143
5e4b81,1,Clip19,6.114,Novice,23,Female,Yes,0.08,No,0,0,0,0,0,0,3,4,0,2,0,1,0,5,0,1,1,1,4,0,0,1,0,0,0,0,Novice,TRUE,0.875,1.125,0.142857143
5e4b81,1,Clip03,3.8264,Novice,23,Female,Yes,0.08,No,0,0,0,0,0,0,3,4,0,2,0,1,0,5,0,1,1,1,4,0,0,1,0,0,0,0,Novice,TRUE,0.875,1.125,0.142857143
5e4b81,1,Clip02,8.3124,Novice,23,Female,Yes,0.08,No,0,0,0,0,0,0,3,4,0,2,0,1,0,5,0,1,1,1,4,0,0,1,0,0,0,0,Novice,TRUE,0.875,1.125,0.142857143
5e4b81,1,Clip29,12.9989,Novice,23,Female,Yes,0.08,No,0,0,0,0,0,0,3,4,0,2,0,1,0,5,0,1,1,1,4,0,0,1,0,0,0,0,Novice,TRUE,0.875,1.125,0.142857143
5e4b81,1,Clip06,6.5744,Novice,23,Female,Yes,0.08,No,0,0,0,0,0,0,3,4,0,2,0,1,0,5,0,1,1,1,4,0,0,1,0,0,0,0,Novice,TRUE,0.875,1.125,0.142857143
5e4b81,1,Clip25,5.9639,Novice,23,Female,Yes,0.08,No,0,0,0,0,0,0,3,4,0,2,0,1,0,5,0,1,1,1,4,0,0,1,0,0,0,0,Novice,TRUE,0.875,1.125,0.142857143
5e4b81,1,Clip30,8.9676,Novice,23,Female,Yes,0.08,No,0,0,0,0,0,0,3,4,0,2,0,1,0,5,0,1,1,1,4,0,0,1,0,0,0,0,Novice,TRUE,0.875,1.125,0.142857143
5e4b81,1,Clip20,5.633,Novice,23,Female,Yes,0.08,No,0,0,0,0,0,0,3,4,0,2,0,1,0,5,0,1,1,1,4,0,0,1,0,0,0,0,Novice,TRUE,0.875,1.125,0.142857143
5e4b81,1,Clip08,8.9996,Novice,23,Female,Yes,0.08,No,0,0,0,0,0,0,3,4,0,2,0,1,0,5,0,1,1,1,4,0,0,1,0,0,0,0,Novice,TRUE,0.875,1.125,0.142857143
5e4b81,1,Clip07,11.206,Novice,23,Female,Yes,0.08,No,0,0,0,0,0,0,3,4,0,2,0,1,0,5,0,1,1,1,4,0,0,1,0,0,0,0,Novice,TRUE,0.875,1.125,0.142857143
5e4b81,1,Clip15,5.8852,Novice,23,Female,Yes,0.08,No,0,0,0,0,0,0,3,4,0,2,0,1,0,5,0,1,1,1,4,0,0,1,0,0,0,0,Novice,TRUE,0.875,1.125,0.142857143
5e4b81,0,Clip32,6.858,Novice,23,Female,Yes,0.08,No,0,0,0,0,0,0,3,4,0,2,0,1,0,5,0,1,1,1,4,0,0,1,0,0,0,0,Novice,TRUE,0.875,1.125,0.142857143
5e4b81,1,Clip27,8.0024,Novice,23,Female,Yes,0.08,No,0,0,0,0,0,0,3,4,0,2,0,1,0,5,0,1,1,1,4,0,0,1,0,0,0,0,Novice,TRUE,0.875,1.125,0.142857143
5e4b81,1,Clip10,9.0193,Novice,23,Female,Yes,0.08,No,0,0,0,0,0,0,3,4,0,2,0,1,0,5,0,1,1,1,4,0,0,1,0,0,0,0,Novice,TRUE,0.875,1.125,0.142857143
5e4b81,1,Clip14,4.9916,Novice,23,Female,Yes,0.08,No,0,0,0,0,0,0,3,4,0,2,0,1,0,5,0,1,1,1,4,0,0,1,0,0,0,0,Novice,TRUE,0.875,1.125,0.142857143
5e4b81,0,Clip17,11.6486,Novice,23,Female,Yes,0.08,No,0,0,0,0,0,0,3,4,0,2,0,1,0,5,0,1,1,1,4,0,0,1,0,0,0,0,Novice,TRUE,0.875,1.125,0.142857143
5e4b81,1,Clip05,21.5191,Novice,23,Female,Yes,0.08,No,0,0,0,0,0,0,3,4,0,2,0,1,0,5,0,1,1,1,4,0,0,1,0,0,0,0,Novice,TRUE,0.875,1.125,0.142857143
5e4b81,0,Clip37,14.9002,Novice,23,Female,Yes,0.08,No,0,0,0,0,0,0,3,4,0,2,0,1,0,5,0,1,1,1,4,0,0,1,0,0,0,0,Novice,TRUE,0.875,1.125,0.142857143
5e4b81,1,Clip34,14.4192,Novice,23,Female,Yes,0.08,No,0,0,0,0,0,0,3,4,0,2,0,1,0,5,0,1,1,1,4,0,0,1,0,0,0,0,Novice,TRUE,0.875,1.125,0.142857143
5e4b81,1,Clip40,6.2789,Novice,23,Female,Yes,0.08,No,0,0,0,0,0,0,3,4,0,2,0,1,0,5,0,1,1,1,4,0,0,1,0,0,0,0,Novice,TRUE,0.875,1.125,0.142857143
5e4b81,1,Clip18,7.7896,Novice,23,Female,Yes,0.08,No,0,0,0,0,0,0,3,4,0,2,0,1,0,5,0,1,1,1,4,0,0,1,0,0,0,0,Novice,TRUE,0.875,1.125,0.142857143
5e4b81,1,Clip38,5.2582,Novice,23,Female,Yes,0.08,No,0,0,0,0,0,0,3,4,0,2,0,1,0,5,0,1,1,1,4,0,0,1,0,0,0,0,Novice,TRUE,0.875,1.125,0.142857143
5ed04a,0,Clip13,4.806,Novice,23,Male,Yes,1,No,0,0,1,1,0,3,2,3,0,1,3,2,1,5,0,0,0,1,1,2,0,0,1,0,0,2,Novice,TRUE,0.625,1.5,1
5ed04a,0,Clip03,6.3505,Novice,23,Male,Yes,1,No,0,0,1,1,0,3,2,3,0,1,3,2,1,5,0,0,0,1,1,2,0,0,1,0,0,2,Novice,TRUE,0.625,1.5,1
5ed04a,0,Clip21,2.592,Novice,23,Male,Yes,1,No,0,0,1,1,0,3,2,3,0,1,3,2,1,5,0,0,0,1,1,2,0,0,1,0,0,2,Novice,TRUE,0.625,1.5,1
5ed04a,1,Clip12,5.69,Novice,23,Male,Yes,1,No,0,0,1,1,0,3,2,3,0,1,3,2,1,5,0,0,0,1,1,2,0,0,1,0,0,2,Novice,TRUE,0.625,1.5,1
5ed04a,0,Clip32,2.3804,Novice,23,Male,Yes,1,No,0,0,1,1,0,3,2,3,0,1,3,2,1,5,0,0,0,1,1,2,0,0,1,0,0,2,Novice,TRUE,0.625,1.5,1
5ed04a,1,Clip14,2.6451,Novice,23,Male,Yes,1,No,0,0,1,1,0,3,2,3,0,1,3,2,1,5,0,0,0,1,1,2,0,0,1,0,0,2,Novice,TRUE,0.625,1.5,1
5ed04a,0,Clip09,3.2974,Novice,23,Male,Yes,1,No,0,0,1,1,0,3,2,3,0,1,3,2,1,5,0,0,0,1,1,2,0,0,1,0,0,2,Novice,TRUE,0.625,1.5,1
5ed04a,0,Clip08,5.6718,Novice,23,Male,Yes,1,No,0,0,1,1,0,3,2,3,0,1,3,2,1,5,0,0,0,1,1,2,0,0,1,0,0,2,Novice,TRUE,0.625,1.5,1
5ed04a,1,Clip06,2.0906,Novice,23,Male,Yes,1,No,0,0,1,1,0,3,2,3,0,1,3,2,1,5,0,0,0,1,1,2,0,0,1,0,0,2,Novice,TRUE,0.625,1.5,1
5ed04a,0,Clip16,5.9934,Novice,23,Male,Yes,1,No,0,0,1,1,0,3,2,3,0,1,3,2,1,5,0,0,0,1,1,2,0,0,1,0,0,2,Novice,TRUE,0.625,1.5,1
5ed04a,0,Clip10,1.8649,Novice,23,Male,Yes,1,No,0,0,1,1,0,3,2,3,0,1,3,2,1,5,0,0,0,1,1,2,0,0,1,0,0,2,Novice,TRUE,0.625,1.5,1
5ed04a,0,Clip40,0.7353,Novice,23,Male,Yes,1,No,0,0,1,1,0,3,2,3,0,1,3,2,1,5,0,0,0,1,1,2,0,0,1,0,0,2,Novice,TRUE,0.625,1.5,1
5ed04a,0,Clip04,1.4963,Novice,23,Male,Yes,1,No,0,0,1,1,0,3,2,3,0,1,3,2,1,5,0,0,0,1,1,2,0,0,1,0,0,2,Novice,TRUE,0.625,1.5,1
5ed04a,1,Clip34,3.1925,Novice,23,Male,Yes,1,No,0,0,1,1,0,3,2,3,0,1,3,2,1,5,0,0,0,1,1,2,0,0,1,0,0,2,Novice,TRUE,0.625,1.5,1
5ed04a,0,Clip27,1.7131,Novice,23,Male,Yes,1,No,0,0,1,1,0,3,2,3,0,1,3,2,1,5,0,0,0,1,1,2,0,0,1,0,0,2,Novice,TRUE,0.625,1.5,1
5ed04a,1,Clip15,0.7085,Novice,23,Male,Yes,1,No,0,0,1,1,0,3,2,3,0,1,3,2,1,5,0,0,0,1,1,2,0,0,1,0,0,2,Novice,TRUE,0.625,1.5,1
5ed04a,1,Clip33,1.1296,Novice,23,Male,Yes,1,No,0,0,1,1,0,3,2,3,0,1,3,2,1,5,0,0,0,1,1,2,0,0,1,0,0,2,Novice,TRUE,0.625,1.5,1
5ed04a,1,Clip19,0.9027,Novice,23,Male,Yes,1,No,0,0,1,1,0,3,2,3,0,1,3,2,1,5,0,0,0,1,1,2,0,0,1,0,0,2,Novice,TRUE,0.625,1.5,1
5ed04a,0,Clip24,1.5116,Novice,23,Male,Yes,1,No,0,0,1,1,0,3,2,3,0,1,3,2,1,5,0,0,0,1,1,2,0,0,1,0,0,2,Novice,TRUE,0.625,1.5,1
5ed04a,0,Clip02,0.8265,Novice,23,Male,Yes,1,No,0,0,1,1,0,3,2,3,0,1,3,2,1,5,0,0,0,1,1,2,0,0,1,0,0,2,Novice,TRUE,0.625,1.5,1
5ed04a,0,Clip18,2.6299,Novice,23,Male,Yes,1,No,0,0,1,1,0,3,2,3,0,1,3,2,1,5,0,0,0,1,1,2,0,0,1,0,0,2,Novice,TRUE,0.625,1.5,1
5ed04a,1,Clip28,0.9284,Novice,23,Male,Yes,1,No,0,0,1,1,0,3,2,3,0,1,3,2,1,5,0,0,0,1,1,2,0,0,1,0,0,2,Novice,TRUE,0.625,1.5,1
5ed04a,0,Clip30,2.2316,Novice,23,Male,Yes,1,No,0,0,1,1,0,3,2,3,0,1,3,2,1,5,0,0,0,1,1,2,0,0,1,0,0,2,Novice,TRUE,0.625,1.5,1
5ed04a,0,Clip29,2.1963,Novice,23,Male,Yes,1,No,0,0,1,1,0,3,2,3,0,1,3,2,1,5,0,0,0,1,1,2,0,0,1,0,0,2,Novice,TRUE,0.625,1.5,1
5ed04a,1,Clip26,2.0965,Novice,23,Male,Yes,1,No,0,0,1,1,0,3,2,3,0,1,3,2,1,5,0,0,0,1,1,2,0,0,1,0,0,2,Novice,TRUE,0.625,1.5,1
5ed04a,0,Clip38,1.0065,Novice,23,Male,Yes,1,No,0,0,1,1,0,3,2,3,0,1,3,2,1,5,0,0,0,1,1,2,0,0,1,0,0,2,Novice,TRUE,0.625,1.5,1
5ed04a,1,Clip20,1.9156,Novice,23,Male,Yes,1,No,0,0,1,1,0,3,2,3,0,1,3,2,1,5,0,0,0,1,1,2,0,0,1,0,0,2,Novice,TRUE,0.625,1.5,1
5ed04a,1,Clip22,1.0216,Novice,23,Male,Yes,1,No,0,0,1,1,0,3,2,3,0,1,3,2,1,5,0,0,0,1,1,2,0,0,1,0,0,2,Novice,TRUE,0.625,1.5,1
5ed04a,1,Clip25,2.7353,Novice,23,Male,Yes,1,No,0,0,1,1,0,3,2,3,0,1,3,2,1,5,0,0,0,1,1,2,0,0,1,0,0,2,Novice,TRUE,0.625,1.5,1
5ed04a,0,Clip05,1.9226,Novice,23,Male,Yes,1,No,0,0,1,1,0,3,2,3,0,1,3,2,1,5,0,0,0,1,1,2,0,0,1,0,0,2,Novice,TRUE,0.625,1.5,1
5ed04a,1,Clip01,1.0081,Novice,23,Male,Yes,1,No,0,0,1,1,0,3,2,3,0,1,3,2,1,5,0,0,0,1,1,2,0,0,1,0,0,2,Novice,TRUE,0.625,1.5,1
5ed04a,0,Clip07,1.0587,Novice,23,Male,Yes,1,No,0,0,1,1,0,3,2,3,0,1,3,2,1,5,0,0,0,1,1,2,0,0,1,0,0,2,Novice,TRUE,0.625,1.5,1
5ed04a,0,Clip35,0.9044,Novice,23,Male,Yes,1,No,0,0,1,1,0,3,2,3,0,1,3,2,1,5,0,0,0,1,1,2,0,0,1,0,0,2,Novice,TRUE,0.625,1.5,1
5ed04a,0,Clip36,0.8647,Novice,23,Male,Yes,1,No,0,0,1,1,0,3,2,3,0,1,3,2,1,5,0,0,0,1,1,2,0,0,1,0,0,2,Novice,TRUE,0.625,1.5,1
5ed04a,0,Clip31,1.0053,Novice,23,Male,Yes,1,No,0,0,1,1,0,3,2,3,0,1,3,2,1,5,0,0,0,1,1,2,0,0,1,0,0,2,Novice,TRUE,0.625,1.5,1
5ed04a,1,Clip23,1.262,Novice,23,Male,Yes,1,No,0,0,1,1,0,3,2,3,0,1,3,2,1,5,0,0,0,1,1,2,0,0,1,0,0,2,Novice,TRUE,0.625,1.5,1
5ed04a,1,Clip37,2.5998,Novice,23,Male,Yes,1,No,0,0,1,1,0,3,2,3,0,1,3,2,1,5,0,0,0,1,1,2,0,0,1,0,0,2,Novice,TRUE,0.625,1.5,1
5ed04a,0,Clip17,2.5975,Novice,23,Male,Yes,1,No,0,0,1,1,0,3,2,3,0,1,3,2,1,5,0,0,0,1,1,2,0,0,1,0,0,2,Novice,TRUE,0.625,1.5,1
5ed04a,0,Clip39,2.0815,Novice,23,Male,Yes,1,No,0,0,1,1,0,3,2,3,0,1,3,2,1,5,0,0,0,1,1,2,0,0,1,0,0,2,Novice,TRUE,0.625,1.5,1
5ed04a,1,Clip11,2.2194,Novice,23,Male,Yes,1,No,0,0,1,1,0,3,2,3,0,1,3,2,1,5,0,0,0,1,1,2,0,0,1,0,0,2,Novice,TRUE,0.625,1.5,1
5d2456,0,Clip09,22.5372,Novice,34,Female,No,0,No,NA,2,0,0,0,1,1,1,0,2,0,3,0,5,0,1,0,0,1,0,0,2,1,1,0,2,Novice,TRUE,0.875,1.25,0
5d2456,1,Clip26,8.5391,Novice,34,Female,No,0,No,NA,2,0,0,0,1,1,1,0,2,0,3,0,5,0,1,0,0,1,0,0,2,1,1,0,2,Novice,TRUE,0.875,1.25,0
5d2456,1,Clip05,6.9851,Novice,34,Female,No,0,No,NA,2,0,0,0,1,1,1,0,2,0,3,0,5,0,1,0,0,1,0,0,2,1,1,0,2,Novice,TRUE,0.875,1.25,0
5d2456,0,Clip24,8.545,Novice,34,Female,No,0,No,NA,2,0,0,0,1,1,1,0,2,0,3,0,5,0,1,0,0,1,0,0,2,1,1,0,2,Novice,TRUE,0.875,1.25,0
5d2456,1,Clip15,3.7468,Novice,34,Female,No,0,No,NA,2,0,0,0,1,1,1,0,2,0,3,0,5,0,1,0,0,1,0,0,2,1,1,0,2,Novice,TRUE,0.875,1.25,0
5d2456,1,Clip08,11.8906,Novice,34,Female,No,0,No,NA,2,0,0,0,1,1,1,0,2,0,3,0,5,0,1,0,0,1,0,0,2,1,1,0,2,Novice,TRUE,0.875,1.25,0
5d2456,0,Clip32,19.6918,Novice,34,Female,No,0,No,NA,2,0,0,0,1,1,1,0,2,0,3,0,5,0,1,0,0,1,0,0,2,1,1,0,2,Novice,TRUE,0.875,1.25,0
5d2456,0,Clip38,73.0656,Novice,34,Female,No,0,No,NA,2,0,0,0,1,1,1,0,2,0,3,0,5,0,1,0,0,1,0,0,2,1,1,0,2,Novice,TRUE,0.875,1.25,0
5d2456,0,Clip23,5.7785,Novice,34,Female,No,0,No,NA,2,0,0,0,1,1,1,0,2,0,3,0,5,0,1,0,0,1,0,0,2,1,1,0,2,Novice,TRUE,0.875,1.25,0
5d2456,1,Clip11,8.9261,Novice,34,Female,No,0,No,NA,2,0,0,0,1,1,1,0,2,0,3,0,5,0,1,0,0,1,0,0,2,1,1,0,2,Novice,TRUE,0.875,1.25,0
5d2456,1,Clip03,7.6329,Novice,34,Female,No,0,No,NA,2,0,0,0,1,1,1,0,2,0,3,0,5,0,1,0,0,1,0,0,2,1,1,0,2,Novice,TRUE,0.875,1.25,0
5d2456,1,Clip13,6.9942,Novice,34,Female,No,0,No,NA,2,0,0,0,1,1,1,0,2,0,3,0,5,0,1,0,0,1,0,0,2,1,1,0,2,Novice,TRUE,0.875,1.25,0
5d2456,1,Clip04,2.8371,Novice,34,Female,No,0,No,NA,2,0,0,0,1,1,1,0,2,0,3,0,5,0,1,0,0,1,0,0,2,1,1,0,2,Novice,TRUE,0.875,1.25,0
5d2456,1,Clip39,3.9664,Novice,34,Female,No,0,No,NA,2,0,0,0,1,1,1,0,2,0,3,0,5,0,1,0,0,1,0,0,2,1,1,0,2,Novice,TRUE,0.875,1.25,0
5d2456,1,Clip36,9.3851,Novice,34,Female,No,0,No,NA,2,0,0,0,1,1,1,0,2,0,3,0,5,0,1,0,0,1,0,0,2,1,1,0,2,Novice,TRUE,0.875,1.25,0
5d2456,1,Clip10,96.3001,Novice,34,Female,No,0,No,NA,2,0,0,0,1,1,1,0,2,0,3,0,5,0,1,0,0,1,0,0,2,1,1,0,2,Novice,TRUE,0.875,1.25,0
5d2456,1,Clip33,5.1273,Novice,34,Female,No,0,No,NA,2,0,0,0,1,1,1,0,2,0,3,0,5,0,1,0,0,1,0,0,2,1,1,0,2,Novice,TRUE,0.875,1.25,0
5d2456,1,Clip18,7.5184,Novice,34,Female,No,0,No,NA,2,0,0,0,1,1,1,0,2,0,3,0,5,0,1,0,0,1,0,0,2,1,1,0,2,Novice,TRUE,0.875,1.25,0
5d2456,1,Clip40,77.0977,Novice,34,Female,No,0,No,NA,2,0,0,0,1,1,1,0,2,0,3,0,5,0,1,0,0,1,0,0,2,1,1,0,2,Novice,TRUE,0.875,1.25,0
5d2456,1,Clip17,12.0429,Novice,34,Female,No,0,No,NA,2,0,0,0,1,1,1,0,2,0,3,0,5,0,1,0,0,1,0,0,2,1,1,0,2,Novice,TRUE,0.875,1.25,0
5d2456,1,Clip07,6.5251,Novice,34,Female,No,0,No,NA,2,0,0,0,1,1,1,0,2,0,3,0,5,0,1,0,0,1,0,0,2,1,1,0,2,Novice,TRUE,0.875,1.25,0
5d2456,0,Clip34,12.1642,Novice,34,Female,No,0,No,NA,2,0,0,0,1,1,1,0,2,0,3,0,5,0,1,0,0,1,0,0,2,1,1,0,2,Novice,TRUE,0.875,1.25,0
5d2456,1,Clip29,5.0025,Novice,34,Female,No,0,No,NA,2,0,0,0,1,1,1,0,2,0,3,0,5,0,1,0,0,1,0,0,2,1,1,0,2,Novice,TRUE,0.875,1.25,0
5d2456,1,Clip22,3.3448,Novice,34,Female,No,0,No,NA,2,0,0,0,1,1,1,0,2,0,3,0,5,0,1,0,0,1,0,0,2,1,1,0,2,Novice,TRUE,0.875,1.25,0
5d2456,1,Clip37,3.3861,Novice,34,Female,No,0,No,NA,2,0,0,0,1,1,1,0,2,0,3,0,5,0,1,0,0,1,0,0,2,1,1,0,2,Novice,TRUE,0.875,1.25,0
5d2456,1,Clip16,9.2904,Novice,34,Female,No,0,No,NA,2,0,0,0,1,1,1,0,2,0,3,0,5,0,1,0,0,1,0,0,2,1,1,0,2,Novice,TRUE,0.875,1.25,0
5d2456,1,Clip35,3.6665,Novice,34,Female,No,0,No,NA,2,0,0,0,1,1,1,0,2,0,3,0,5,0,1,0,0,1,0,0,2,1,1,0,2,Novice,TRUE,0.875,1.25,0
5d2456,1,Clip14,2.7704,Novice,34,Female,No,0,No,NA,2,0,0,0,1,1,1,0,2,0,3,0,5,0,1,0,0,1,0,0,2,1,1,0,2,Novice,TRUE,0.875,1.25,0
5d2456,0,Clip28,11.5881,Novice,34,Female,No,0,No,NA,2,0,0,0,1,1,1,0,2,0,3,0,5,0,1,0,0,1,0,0,2,1,1,0,2,Novice,TRUE,0.875,1.25,0
5d2456,1,Clip27,9.6294,Novice,34,Female,No,0,No,NA,2,0,0,0,1,1,1,0,2,0,3,0,5,0,1,0,0,1,0,0,2,1,1,0,2,Novice,TRUE,0.875,1.25,0
5d2456,1,Clip12,6.5853,Novice,34,Female,No,0,No,NA,2,0,0,0,1,1,1,0,2,0,3,0,5,0,1,0,0,1,0,0,2,1,1,0,2,Novice,TRUE,0.875,1.25,0
5d2456,1,Clip30,19.8668,Novice,34,Female,No,0,No,NA,2,0,0,0,1,1,1,0,2,0,3,0,5,0,1,0,0,1,0,0,2,1,1,0,2,Novice,TRUE,0.875,1.25,0
5d2456,1,Clip06,3.8554,Novice,34,Female,No,0,No,NA,2,0,0,0,1,1,1,0,2,0,3,0,5,0,1,0,0,1,0,0,2,1,1,0,2,Novice,TRUE,0.875,1.25,0
5d2456,1,Clip21,8.2831,Novice,34,Female,No,0,No,NA,2,0,0,0,1,1,1,0,2,0,3,0,5,0,1,0,0,1,0,0,2,1,1,0,2,Novice,TRUE,0.875,1.25,0
5d2456,0,Clip20,28.2122,Novice,34,Female,No,0,No,NA,2,0,0,0,1,1,1,0,2,0,3,0,5,0,1,0,0,1,0,0,2,1,1,0,2,Novice,TRUE,0.875,1.25,0
5d2456,1,Clip02,2.6843,Novice,34,Female,No,0,No,NA,2,0,0,0,1,1,1,0,2,0,3,0,5,0,1,0,0,1,0,0,2,1,1,0,2,Novice,TRUE,0.875,1.25,0
5d2456,0,Clip31,11.9262,Novice,34,Female,No,0,No,NA,2,0,0,0,1,1,1,0,2,0,3,0,5,0,1,0,0,1,0,0,2,1,1,0,2,Novice,TRUE,0.875,1.25,0
5d2456,1,Clip19,3.048,Novice,34,Female,No,0,No,NA,2,0,0,0,1,1,1,0,2,0,3,0,5,0,1,0,0,1,0,0,2,1,1,0,2,Novice,TRUE,0.875,1.25,0
5d2456,1,Clip25,4.7165,Novice,34,Female,No,0,No,NA,2,0,0,0,1,1,1,0,2,0,3,0,5,0,1,0,0,1,0,0,2,1,1,0,2,Novice,TRUE,0.875,1.25,0
5d2456,1,Clip01,2.7853,Novice,34,Female,No,0,No,NA,2,0,0,0,1,1,1,0,2,0,3,0,5,0,1,0,0,1,0,0,2,1,1,0,2,Novice,TRUE,0.875,1.25,0
638d8e,1,Clip18,6.3501,Novice,36,Male,Yes,6,No,0,0,1,1,0,1,1,1,0,2,1,1,0,4,0,1,0,0,1,1,1,1,0,0,0,1,Novice,TRUE,0.5,0.875,0.428571429
638d8e,0,Clip34,5.3826,Novice,36,Male,Yes,6,No,0,0,1,1,0,1,1,1,0,2,1,1,0,4,0,1,0,0,1,1,1,1,0,0,0,1,Novice,TRUE,0.5,0.875,0.428571429
638d8e,0,Clip12,27.6098,Novice,36,Male,Yes,6,No,0,0,1,1,0,1,1,1,0,2,1,1,0,4,0,1,0,0,1,1,1,1,0,0,0,1,Novice,TRUE,0.5,0.875,0.428571429
638d8e,0,Clip22,4.481,Novice,36,Male,Yes,6,No,0,0,1,1,0,1,1,1,0,2,1,1,0,4,0,1,0,0,1,1,1,1,0,0,0,1,Novice,TRUE,0.5,0.875,0.428571429
638d8e,0,Clip31,5.179,Novice,36,Male,Yes,6,No,0,0,1,1,0,1,1,1,0,2,1,1,0,4,0,1,0,0,1,1,1,1,0,0,0,1,Novice,TRUE,0.5,0.875,0.428571429
638d8e,0,Clip04,7.931,Novice,36,Male,Yes,6,No,0,0,1,1,0,1,1,1,0,2,1,1,0,4,0,1,0,0,1,1,1,1,0,0,0,1,Novice,TRUE,0.5,0.875,0.428571429
638d8e,0,Clip25,5.0401,Novice,36,Male,Yes,6,No,0,0,1,1,0,1,1,1,0,2,1,1,0,4,0,1,0,0,1,1,1,1,0,0,0,1,Novice,TRUE,0.5,0.875,0.428571429
638d8e,1,Clip03,6.5612,Novice,36,Male,Yes,6,No,0,0,1,1,0,1,1,1,0,2,1,1,0,4,0,1,0,0,1,1,1,1,0,0,0,1,Novice,TRUE,0.5,0.875,0.428571429
638d8e,0,Clip14,5.5574,Novice,36,Male,Yes,6,No,0,0,1,1,0,1,1,1,0,2,1,1,0,4,0,1,0,0,1,1,1,1,0,0,0,1,Novice,TRUE,0.5,0.875,0.428571429
638d8e,0,Clip01,6.1198,Novice,36,Male,Yes,6,No,0,0,1,1,0,1,1,1,0,2,1,1,0,4,0,1,0,0,1,1,1,1,0,0,0,1,Novice,TRUE,0.5,0.875,0.428571429
638d8e,1,Clip26,6.1909,Novice,36,Male,Yes,6,No,0,0,1,1,0,1,1,1,0,2,1,1,0,4,0,1,0,0,1,1,1,1,0,0,0,1,Novice,TRUE,0.5,0.875,0.428571429
638d8e,1,Clip02,4.1205,Novice,36,Male,Yes,6,No,0,0,1,1,0,1,1,1,0,2,1,1,0,4,0,1,0,0,1,1,1,1,0,0,0,1,Novice,TRUE,0.5,0.875,0.428571429
638d8e,0,Clip39,3.68,Novice,36,Male,Yes,6,No,0,0,1,1,0,1,1,1,0,2,1,1,0,4,0,1,0,0,1,1,1,1,0,0,0,1,Novice,TRUE,0.5,0.875,0.428571429
638d8e,0,Clip28,2.0544,Novice,36,Male,Yes,6,No,0,0,1,1,0,1,1,1,0,2,1,1,0,4,0,1,0,0,1,1,1,1,0,0,0,1,Novice,TRUE,0.5,0.875,0.428571429
638d8e,0,Clip07,2.5397,Novice,36,Male,Yes,6,No,0,0,1,1,0,1,1,1,0,2,1,1,0,4,0,1,0,0,1,1,1,1,0,0,0,1,Novice,TRUE,0.5,0.875,0.428571429
638d8e,0,Clip21,2.7909,Novice,36,Male,Yes,6,No,0,0,1,1,0,1,1,1,0,2,1,1,0,4,0,1,0,0,1,1,1,1,0,0,0,1,Novice,TRUE,0.5,0.875,0.428571429
638d8e,1,Clip27,1.7277,Novice,36,Male,Yes,6,No,0,0,1,1,0,1,1,1,0,2,1,1,0,4,0,1,0,0,1,1,1,1,0,0,0,1,Novice,TRUE,0.5,0.875,0.428571429
638d8e,1,Clip08,3.7265,Novice,36,Male,Yes,6,No,0,0,1,1,0,1,1,1,0,2,1,1,0,4,0,1,0,0,1,1,1,1,0,0,0,1,Novice,TRUE,0.5,0.875,0.428571429
638d8e,0,Clip10,9.5155,Novice,36,Male,Yes,6,No,0,0,1,1,0,1,1,1,0,2,1,1,0,4,0,1,0,0,1,1,1,1,0,0,0,1,Novice,TRUE,0.5,0.875,0.428571429
638d8e,0,Clip33,3.9521,Novice,36,Male,Yes,6,No,0,0,1,1,0,1,1,1,0,2,1,1,0,4,0,1,0,0,1,1,1,1,0,0,0,1,Novice,TRUE,0.5,0.875,0.428571429
638d8e,1,Clip30,2.9236,Novice,36,Male,Yes,6,No,0,0,1,1,0,1,1,1,0,2,1,1,0,4,0,1,0,0,1,1,1,1,0,0,0,1,Novice,TRUE,0.5,0.875,0.428571429
638d8e,1,Clip13,5.516,Novice,36,Male,Yes,6,No,0,0,1,1,0,1,1,1,0,2,1,1,0,4,0,1,0,0,1,1,1,1,0,0,0,1,Novice,TRUE,0.5,0.875,0.428571429
638d8e,0,Clip32,7.3689,Novice,36,Male,Yes,6,No,0,0,1,1,0,1,1,1,0,2,1,1,0,4,0,1,0,0,1,1,1,1,0,0,0,1,Novice,TRUE,0.5,0.875,0.428571429
638d8e,0,Clip06,7.616,Novice,36,Male,Yes,6,No,0,0,1,1,0,1,1,1,0,2,1,1,0,4,0,1,0,0,1,1,1,1,0,0,0,1,Novice,TRUE,0.5,0.875,0.428571429
638d8e,0,Clip15,3.4656,Novice,36,Male,Yes,6,No,0,0,1,1,0,1,1,1,0,2,1,1,0,4,0,1,0,0,1,1,1,1,0,0,0,1,Novice,TRUE,0.5,0.875,0.428571429
638d8e,0,Clip17,1.6083,Novice,36,Male,Yes,6,No,0,0,1,1,0,1,1,1,0,2,1,1,0,4,0,1,0,0,1,1,1,1,0,0,0,1,Novice,TRUE,0.5,0.875,0.428571429
638d8e,0,Clip36,14.1971,Novice,36,Male,Yes,6,No,0,0,1,1,0,1,1,1,0,2,1,1,0,4,0,1,0,0,1,1,1,1,0,0,0,1,Novice,TRUE,0.5,0.875,0.428571429
638d8e,0,Clip05,5.0688,Novice,36,Male,Yes,6,No,0,0,1,1,0,1,1,1,0,2,1,1,0,4,0,1,0,0,1,1,1,1,0,0,0,1,Novice,TRUE,0.5,0.875,0.428571429
638d8e,0,Clip37,41.6358,Novice,36,Male,Yes,6,No,0,0,1,1,0,1,1,1,0,2,1,1,0,4,0,1,0,0,1,1,1,1,0,0,0,1,Novice,TRUE,0.5,0.875,0.428571429
638d8e,1,Clip11,25.8984,Novice,36,Male,Yes,6,No,0,0,1,1,0,1,1,1,0,2,1,1,0,4,0,1,0,0,1,1,1,1,0,0,0,1,Novice,TRUE,0.5,0.875,0.428571429
638d8e,0,Clip35,2.1255,Novice,36,Male,Yes,6,No,0,0,1,1,0,1,1,1,0,2,1,1,0,4,0,1,0,0,1,1,1,1,0,0,0,1,Novice,TRUE,0.5,0.875,0.428571429
638d8e,0,Clip23,22.0514,Novice,36,Male,Yes,6,No,0,0,1,1,0,1,1,1,0,2,1,1,0,4,0,1,0,0,1,1,1,1,0,0,0,1,Novice,TRUE,0.5,0.875,0.428571429
638d8e,1,Clip40,3.817,Novice,36,Male,Yes,6,No,0,0,1,1,0,1,1,1,0,2,1,1,0,4,0,1,0,0,1,1,1,1,0,0,0,1,Novice,TRUE,0.5,0.875,0.428571429
638d8e,0,Clip29,7.266,Novice,36,Male,Yes,6,No,0,0,1,1,0,1,1,1,0,2,1,1,0,4,0,1,0,0,1,1,1,1,0,0,0,1,Novice,TRUE,0.5,0.875,0.428571429
638d8e,0,Clip16,3.8832,Novice,36,Male,Yes,6,No,0,0,1,1,0,1,1,1,0,2,1,1,0,4,0,1,0,0,1,1,1,1,0,0,0,1,Novice,TRUE,0.5,0.875,0.428571429
638d8e,0,Clip20,5.4904,Novice,36,Male,Yes,6,No,0,0,1,1,0,1,1,1,0,2,1,1,0,4,0,1,0,0,1,1,1,1,0,0,0,1,Novice,TRUE,0.5,0.875,0.428571429
638d8e,1,Clip19,5.2598,Novice,36,Male,Yes,6,No,0,0,1,1,0,1,1,1,0,2,1,1,0,4,0,1,0,0,1,1,1,1,0,0,0,1,Novice,TRUE,0.5,0.875,0.428571429
638d8e,0,Clip24,11.5017,Novice,36,Male,Yes,6,No,0,0,1,1,0,1,1,1,0,2,1,1,0,4,0,1,0,0,1,1,1,1,0,0,0,1,Novice,TRUE,0.5,0.875,0.428571429
638d8e,0,Clip09,10.7837,Novice,36,Male,Yes,6,No,0,0,1,1,0,1,1,1,0,2,1,1,0,4,0,1,0,0,1,1,1,1,0,0,0,1,Novice,TRUE,0.5,0.875,0.428571429
638d8e,0,Clip38,5.7293,Novice,36,Male,Yes,6,No,0,0,1,1,0,1,1,1,0,2,1,1,0,4,0,1,0,0,1,1,1,1,0,0,0,1,Novice,TRUE,0.5,0.875,0.428571429
5d9961,1,Clip02,3.3115,Novice,35,Female,No,0,No,0,0,0,0,0,2,0,0,0,0,0,0,0,5,0,0,0,0,0,0,0,0,0,0,0,0,Novice,TRUE,0,0.25,0
5d9961,0,Clip32,6.276,Novice,35,Female,No,0,No,0,0,0,0,0,2,0,0,0,0,0,0,0,5,0,0,0,0,0,0,0,0,0,0,0,0,Novice,TRUE,0,0.25,0
5d9961,0,Clip03,8.7218,Novice,35,Female,No,0,No,0,0,0,0,0,2,0,0,0,0,0,0,0,5,0,0,0,0,0,0,0,0,0,0,0,0,Novice,TRUE,0,0.25,0
5d9961,0,Clip21,4.6043,Novice,35,Female,No,0,No,0,0,0,0,0,2,0,0,0,0,0,0,0,5,0,0,0,0,0,0,0,0,0,0,0,0,Novice,TRUE,0,0.25,0
5d9961,0,Clip24,3.6604,Novice,35,Female,No,0,No,0,0,0,0,0,2,0,0,0,0,0,0,0,5,0,0,0,0,0,0,0,0,0,0,0,0,Novice,TRUE,0,0.25,0
5d9961,1,Clip13,6.4923,Novice,35,Female,No,0,No,0,0,0,0,0,2,0,0,0,0,0,0,0,5,0,0,0,0,0,0,0,0,0,0,0,0,Novice,TRUE,0,0.25,0
5d9961,1,Clip05,5.8777,Novice,35,Female,No,0,No,0,0,0,0,0,2,0,0,0,0,0,0,0,5,0,0,0,0,0,0,0,0,0,0,0,0,Novice,TRUE,0,0.25,0
5d9961,1,Clip07,5.9293,Novice,35,Female,No,0,No,0,0,0,0,0,2,0,0,0,0,0,0,0,5,0,0,0,0,0,0,0,0,0,0,0,0,Novice,TRUE,0,0.25,0
5d9961,0,Clip31,7.8643,Novice,35,Female,No,0,No,0,0,0,0,0,2,0,0,0,0,0,0,0,5,0,0,0,0,0,0,0,0,0,0,0,0,Novice,TRUE,0,0.25,0
5d9961,0,Clip15,12.365,Novice,35,Female,No,0,No,0,0,0,0,0,2,0,0,0,0,0,0,0,5,0,0,0,0,0,0,0,0,0,0,0,0,Novice,TRUE,0,0.25,0
5d9961,1,Clip18,4.1129,Novice,35,Female,No,0,No,0,0,0,0,0,2,0,0,0,0,0,0,0,5,0,0,0,0,0,0,0,0,0,0,0,0,Novice,TRUE,0,0.25,0
5d9961,1,Clip06,2.8041,Novice,35,Female,No,0,No,0,0,0,0,0,2,0,0,0,0,0,0,0,5,0,0,0,0,0,0,0,0,0,0,0,0,Novice,TRUE,0,0.25,0
5d9961,1,Clip01,3.7859,Novice,35,Female,No,0,No,0,0,0,0,0,2,0,0,0,0,0,0,0,5,0,0,0,0,0,0,0,0,0,0,0,0,Novice,TRUE,0,0.25,0
5d9961,0,Clip27,5.2431,Novice,35,Female,No,0,No,0,0,0,0,0,2,0,0,0,0,0,0,0,5,0,0,0,0,0,0,0,0,0,0,0,0,Novice,TRUE,0,0.25,0
5d9961,1,Clip10,4.2712,Novice,35,Female,No,0,No,0,0,0,0,0,2,0,0,0,0,0,0,0,5,0,0,0,0,0,0,0,0,0,0,0,0,Novice,TRUE,0,0.25,0
5d9961,1,Clip09,7.931,Novice,35,Female,No,0,No,0,0,0,0,0,2,0,0,0,0,0,0,0,5,0,0,0,0,0,0,0,0,0,0,0,0,Novice,TRUE,0,0.25,0
5d9961,1,Clip25,10.8104,Novice,35,Female,No,0,No,0,0,0,0,0,2,0,0,0,0,0,0,0,5,0,0,0,0,0,0,0,0,0,0,0,0,Novice,TRUE,0,0.25,0
5d9961,0,Clip16,7.4804,Novice,35,Female,No,0,No,0,0,0,0,0,2,0,0,0,0,0,0,0,5,0,0,0,0,0,0,0,0,0,0,0,0,Novice,TRUE,0,0.25,0
5d9961,0,Clip26,7.9184,Novice,35,Female,No,0,No,0,0,0,0,0,2,0,0,0,0,0,0,0,5,0,0,0,0,0,0,0,0,0,0,0,0,Novice,TRUE,0,0.25,0
5d9961,1,Clip40,3.6893,Novice,35,Female,No,0,No,0,0,0,0,0,2,0,0,0,0,0,0,0,5,0,0,0,0,0,0,0,0,0,0,0,0,Novice,TRUE,0,0.25,0
5d9961,0,Clip17,5.1246,Novice,35,Female,No,0,No,0,0,0,0,0,2,0,0,0,0,0,0,0,5,0,0,0,0,0,0,0,0,0,0,0,0,Novice,TRUE,0,0.25,0
5d9961,1,Clip20,2.3159,Novice,35,Female,No,0,No,0,0,0,0,0,2,0,0,0,0,0,0,0,5,0,0,0,0,0,0,0,0,0,0,0,0,Novice,TRUE,0,0.25,0
5d9961,1,Clip28,5.0566,Novice,35,Female,No,0,No,0,0,0,0,0,2,0,0,0,0,0,0,0,5,0,0,0,0,0,0,0,0,0,0,0,0,Novice,TRUE,0,0.25,0
5d9961,1,Clip23,4.3042,Novice,35,Female,No,0,No,0,0,0,0,0,2,0,0,0,0,0,0,0,5,0,0,0,0,0,0,0,0,0,0,0,0,Novice,TRUE,0,0.25,0
5d9961,1,Clip22,3.2261,Novice,35,Female,No,0,No,0,0,0,0,0,2,0,0,0,0,0,0,0,5,0,0,0,0,0,0,0,0,0,0,0,0,Novice,TRUE,0,0.25,0
5d9961,1,Clip12,5.2389,Novice,35,Female,No,0,No,0,0,0,0,0,2,0,0,0,0,0,0,0,5,0,0,0,0,0,0,0,0,0,0,0,0,Novice,TRUE,0,0.25,0
5d9961,1,Clip36,3.79,Novice,35,Female,No,0,No,0,0,0,0,0,2,0,0,0,0,0,0,0,5,0,0,0,0,0,0,0,0,0,0,0,0,Novice,TRUE,0,0.25,0
5d9961,1,Clip19,4.1573,Novice,35,Female,No,0,No,0,0,0,0,0,2,0,0,0,0,0,0,0,5,0,0,0,0,0,0,0,0,0,0,0,0,Novice,TRUE,0,0.25,0
5d9961,1,Clip35,3.1388,Novice,35,Female,No,0,No,0,0,0,0,0,2,0,0,0,0,0,0,0,5,0,0,0,0,0,0,0,0,0,0,0,0,Novice,TRUE,0,0.25,0
5d9961,1,Clip34,3.9852,Novice,35,Female,No,0,No,0,0,0,0,0,2,0,0,0,0,0,0,0,5,0,0,0,0,0,0,0,0,0,0,0,0,Novice,TRUE,0,0.25,0
5d9961,1,Clip04,1.9056,Novice,35,Female,No,0,No,0,0,0,0,0,2,0,0,0,0,0,0,0,5,0,0,0,0,0,0,0,0,0,0,0,0,Novice,TRUE,0,0.25,0
5d9961,0,Clip37,8.6769,Novice,35,Female,No,0,No,0,0,0,0,0,2,0,0,0,0,0,0,0,5,0,0,0,0,0,0,0,0,0,0,0,0,Novice,TRUE,0,0.25,0
5d9961,1,Clip11,4.0133,Novice,35,Female,No,0,No,0,0,0,0,0,2,0,0,0,0,0,0,0,5,0,0,0,0,0,0,0,0,0,0,0,0,Novice,TRUE,0,0.25,0
5d9961,1,Clip14,2.6062,Novice,35,Female,No,0,No,0,0,0,0,0,2,0,0,0,0,0,0,0,5,0,0,0,0,0,0,0,0,0,0,0,0,Novice,TRUE,0,0.25,0
5d9961,1,Clip29,4.047,Novice,35,Female,No,0,No,0,0,0,0,0,2,0,0,0,0,0,0,0,5,0,0,0,0,0,0,0,0,0,0,0,0,Novice,TRUE,0,0.25,0
5d9961,0,Clip38,7.9193,Novice,35,Female,No,0,No,0,0,0,0,0,2,0,0,0,0,0,0,0,5,0,0,0,0,0,0,0,0,0,0,0,0,Novice,TRUE,0,0.25,0
5d9961,1,Clip39,5.5694,Novice,35,Female,No,0,No,0,0,0,0,0,2,0,0,0,0,0,0,0,5,0,0,0,0,0,0,0,0,0,0,0,0,Novice,TRUE,0,0.25,0
5d9961,0,Clip33,7.2343,Novice,35,Female,No,0,No,0,0,0,0,0,2,0,0,0,0,0,0,0,5,0,0,0,0,0,0,0,0,0,0,0,0,Novice,TRUE,0,0.25,0
5d9961,0,Clip08,7.6715,Novice,35,Female,No,0,No,0,0,0,0,0,2,0,0,0,0,0,0,0,5,0,0,0,0,0,0,0,0,0,0,0,0,Novice,TRUE,0,0.25,0
5d9961,1,Clip30,4.8522,Novice,35,Female,No,0,No,0,0,0,0,0,2,0,0,0,0,0,0,0,5,0,0,0,0,0,0,0,0,0,0,0,0,Novice,TRUE,0,0.25,0
5f69c6,1,Clip04,10.0999,Novice,27,Female,No,0,No,NA,1,2,0,0,4,3,3,1,1,1,0,0,5,0,1,0,0,2,0,3,3,1,1,0,0,Novice,TRUE,0.625,2.125,0.571428571
5f69c6,1,Clip12,9.519700001,Novice,27,Female,No,0,No,NA,1,2,0,0,4,3,3,1,1,1,0,0,5,0,1,0,0,2,0,3,3,1,1,0,0,Novice,TRUE,0.625,2.125,0.571428571
5f69c6,0,Clip08,28.1927,Novice,27,Female,No,0,No,NA,1,2,0,0,4,3,3,1,1,1,0,0,5,0,1,0,0,2,0,3,3,1,1,0,0,Novice,TRUE,0.625,2.125,0.571428571
5f69c6,1,Clip14,4.2449,Novice,27,Female,No,0,No,NA,1,2,0,0,4,3,3,1,1,1,0,0,5,0,1,0,0,2,0,3,3,1,1,0,0,Novice,TRUE,0.625,2.125,0.571428571
5f69c6,1,Clip25,13.8212,Novice,27,Female,No,0,No,NA,1,2,0,0,4,3,3,1,1,1,0,0,5,0,1,0,0,2,0,3,3,1,1,0,0,Novice,TRUE,0.625,2.125,0.571428571
5f69c6,1,Clip24,6.2479,Novice,27,Female,No,0,No,NA,1,2,0,0,4,3,3,1,1,1,0,0,5,0,1,0,0,2,0,3,3,1,1,0,0,Novice,TRUE,0.625,2.125,0.571428571
5f69c6,1,Clip33,11.6865,Novice,27,Female,No,0,No,NA,1,2,0,0,4,3,3,1,1,1,0,0,5,0,1,0,0,2,0,3,3,1,1,0,0,Novice,TRUE,0.625,2.125,0.571428571
5f69c6,1,Clip22,4.841800001,Novice,27,Female,No,0,No,NA,1,2,0,0,4,3,3,1,1,1,0,0,5,0,1,0,0,2,0,3,3,1,1,0,0,Novice,TRUE,0.625,2.125,0.571428571
5f69c6,1,Clip39,8.331300001,Novice,27,Female,No,0,No,NA,1,2,0,0,4,3,3,1,1,1,0,0,5,0,1,0,0,2,0,3,3,1,1,0,0,Novice,TRUE,0.625,2.125,0.571428571
5f69c6,1,Clip37,6.4306,Novice,27,Female,No,0,No,NA,1,2,0,0,4,3,3,1,1,1,0,0,5,0,1,0,0,2,0,3,3,1,1,0,0,Novice,TRUE,0.625,2.125,0.571428571
5f69c6,0,Clip36,16.2893,Novice,27,Female,No,0,No,NA,1,2,0,0,4,3,3,1,1,1,0,0,5,0,1,0,0,2,0,3,3,1,1,0,0,Novice,TRUE,0.625,2.125,0.571428571
5f69c6,1,Clip31,6.864199999,Novice,27,Female,No,0,No,NA,1,2,0,0,4,3,3,1,1,1,0,0,5,0,1,0,0,2,0,3,3,1,1,0,0,Novice,TRUE,0.625,2.125,0.571428571
5f69c6,0,Clip21,11.856,Novice,27,Female,No,0,No,NA,1,2,0,0,4,3,3,1,1,1,0,0,5,0,1,0,0,2,0,3,3,1,1,0,0,Novice,TRUE,0.625,2.125,0.571428571
5f69c6,1,Clip02,4.577300001,Novice,27,Female,No,0,No,NA,1,2,0,0,4,3,3,1,1,1,0,0,5,0,1,0,0,2,0,3,3,1,1,0,0,Novice,TRUE,0.625,2.125,0.571428571
5f69c6,1,Clip30,39.0822,Novice,27,Female,No,0,No,NA,1,2,0,0,4,3,3,1,1,1,0,0,5,0,1,0,0,2,0,3,3,1,1,0,0,Novice,TRUE,0.625,2.125,0.571428571
5f69c6,1,Clip16,12.1759,Novice,27,Female,No,0,No,NA,1,2,0,0,4,3,3,1,1,1,0,0,5,0,1,0,0,2,0,3,3,1,1,0,0,Novice,TRUE,0.625,2.125,0.571428571
5f69c6,1,Clip38,8.6749,Novice,27,Female,No,0,No,NA,1,2,0,0,4,3,3,1,1,1,0,0,5,0,1,0,0,2,0,3,3,1,1,0,0,Novice,TRUE,0.625,2.125,0.571428571
5f69c6,1,Clip13,9.373799999,Novice,27,Female,No,0,No,NA,1,2,0,0,4,3,3,1,1,1,0,0,5,0,1,0,0,2,0,3,3,1,1,0,0,Novice,TRUE,0.625,2.125,0.571428571
5f69c6,1,Clip20,5.182800001,Novice,27,Female,No,0,No,NA,1,2,0,0,4,3,3,1,1,1,0,0,5,0,1,0,0,2,0,3,3,1,1,0,0,Novice,TRUE,0.625,2.125,0.571428571
5f69c6,1,Clip07,18.7281,Novice,27,Female,No,0,No,NA,1,2,0,0,4,3,3,1,1,1,0,0,5,0,1,0,0,2,0,3,3,1,1,0,0,Novice,TRUE,0.625,2.125,0.571428571
5f69c6,1,Clip11,9.1991,Novice,27,Female,No,0,No,NA,1,2,0,0,4,3,3,1,1,1,0,0,5,0,1,0,0,2,0,3,3,1,1,0,0,Novice,TRUE,0.625,2.125,0.571428571
5f69c6,0,Clip17,9.686,Novice,27,Female,No,0,No,NA,1,2,0,0,4,3,3,1,1,1,0,0,5,0,1,0,0,2,0,3,3,1,1,0,0,Novice,TRUE,0.625,2.125,0.571428571
5f69c6,1,Clip03,6.4861,Novice,27,Female,No,0,No,NA,1,2,0,0,4,3,3,1,1,1,0,0,5,0,1,0,0,2,0,3,3,1,1,0,0,Novice,TRUE,0.625,2.125,0.571428571
5f69c6,1,Clip05,4.9411,Novice,27,Female,No,0,No,NA,1,2,0,0,4,3,3,1,1,1,0,0,5,0,1,0,0,2,0,3,3,1,1,0,0,Novice,TRUE,0.625,2.125,0.571428571
5f69c6,0,Clip28,20.2178,Novice,27,Female,No,0,No,NA,1,2,0,0,4,3,3,1,1,1,0,0,5,0,1,0,0,2,0,3,3,1,1,0,0,Novice,TRUE,0.625,2.125,0.571428571
5f69c6,1,Clip10,3.0244,Novice,27,Female,No,0,No,NA,1,2,0,0,4,3,3,1,1,1,0,0,5,0,1,0,0,2,0,3,3,1,1,0,0,Novice,TRUE,0.625,2.125,0.571428571
5f69c6,1,Clip01,5.179300001,Novice,27,Female,No,0,No,NA,1,2,0,0,4,3,3,1,1,1,0,0,5,0,1,0,0,2,0,3,3,1,1,0,0,Novice,TRUE,0.625,2.125,0.571428571
5f69c6,1,Clip32,6.8279,Novice,27,Female,No,0,No,NA,1,2,0,0,4,3,3,1,1,1,0,0,5,0,1,0,0,2,0,3,3,1,1,0,0,Novice,TRUE,0.625,2.125,0.571428571
5f69c6,1,Clip29,5.794200001,Novice,27,Female,No,0,No,NA,1,2,0,0,4,3,3,1,1,1,0,0,5,0,1,0,0,2,0,3,3,1,1,0,0,Novice,TRUE,0.625,2.125,0.571428571
5f69c6,1,Clip26,5.324799999,Novice,27,Female,No,0,No,NA,1,2,0,0,4,3,3,1,1,1,0,0,5,0,1,0,0,2,0,3,3,1,1,0,0,Novice,TRUE,0.625,2.125,0.571428571
5f69c6,1,Clip18,6.8209,Novice,27,Female,No,0,No,NA,1,2,0,0,4,3,3,1,1,1,0,0,5,0,1,0,0,2,0,3,3,1,1,0,0,Novice,TRUE,0.625,2.125,0.571428571
5f69c6,1,Clip34,17.2017,Novice,27,Female,No,0,No,NA,1,2,0,0,4,3,3,1,1,1,0,0,5,0,1,0,0,2,0,3,3,1,1,0,0,Novice,TRUE,0.625,2.125,0.571428571
5f69c6,1,Clip15,4.2135,Novice,27,Female,No,0,No,NA,1,2,0,0,4,3,3,1,1,1,0,0,5,0,1,0,0,2,0,3,3,1,1,0,0,Novice,TRUE,0.625,2.125,0.571428571
5f69c6,1,Clip40,4.123099998,Novice,27,Female,No,0,No,NA,1,2,0,0,4,3,3,1,1,1,0,0,5,0,1,0,0,2,0,3,3,1,1,0,0,Novice,TRUE,0.625,2.125,0.571428571
5f69c6,0,Clip23,31.5156,Novice,27,Female,No,0,No,NA,1,2,0,0,4,3,3,1,1,1,0,0,5,0,1,0,0,2,0,3,3,1,1,0,0,Novice,TRUE,0.625,2.125,0.571428571
5f69c6,1,Clip09,4.951099998,Novice,27,Female,No,0,No,NA,1,2,0,0,4,3,3,1,1,1,0,0,5,0,1,0,0,2,0,3,3,1,1,0,0,Novice,TRUE,0.625,2.125,0.571428571
5f69c6,1,Clip06,7.741699999,Novice,27,Female,No,0,No,NA,1,2,0,0,4,3,3,1,1,1,0,0,5,0,1,0,0,2,0,3,3,1,1,0,0,Novice,TRUE,0.625,2.125,0.571428571
5f69c6,1,Clip27,23.1073,Novice,27,Female,No,0,No,NA,1,2,0,0,4,3,3,1,1,1,0,0,5,0,1,0,0,2,0,3,3,1,1,0,0,Novice,TRUE,0.625,2.125,0.571428571
5f69c6,0,Clip35,141.1644,Novice,27,Female,No,0,No,NA,1,2,0,0,4,3,3,1,1,1,0,0,5,0,1,0,0,2,0,3,3,1,1,0,0,Novice,TRUE,0.625,2.125,0.571428571
5f69c6,1,Clip19,3.2009,Novice,27,Female,No,0,No,NA,1,2,0,0,4,3,3,1,1,1,0,0,5,0,1,0,0,2,0,3,3,1,1,0,0,Novice,TRUE,0.625,2.125,0.571428571
5b9ca6,1,Clip40,6.3036,Novice,34,Female,No,0.5,No,0,0,0,0,0,2,0,0,0,1,0,0,0,5,0,0,0,0,0,0,0,1,0,0,0,0,Novice,TRUE,0.125,0.375,0
5b9ca6,1,Clip37,11.6424,Novice,34,Female,No,0.5,No,0,0,0,0,0,2,0,0,0,1,0,0,0,5,0,0,0,0,0,0,0,1,0,0,0,0,Novice,TRUE,0.125,0.375,0
5b9ca6,1,Clip04,3.6668,Novice,34,Female,No,0.5,No,0,0,0,0,0,2,0,0,0,1,0,0,0,5,0,0,0,0,0,0,0,1,0,0,0,0,Novice,TRUE,0.125,0.375,0
5b9ca6,1,Clip08,6.7216,Novice,34,Female,No,0.5,No,0,0,0,0,0,2,0,0,0,1,0,0,0,5,0,0,0,0,0,0,0,1,0,0,0,0,Novice,TRUE,0.125,0.375,0
5b9ca6,0,Clip21,6.4916,Novice,34,Female,No,0.5,No,0,0,0,0,0,2,0,0,0,1,0,0,0,5,0,0,0,0,0,0,0,1,0,0,0,0,Novice,TRUE,0.125,0.375,0
5b9ca6,0,Clip16,11.715,Novice,34,Female,No,0.5,No,0,0,0,0,0,2,0,0,0,1,0,0,0,5,0,0,0,0,0,0,0,1,0,0,0,0,Novice,TRUE,0.125,0.375,0
5b9ca6,0,Clip25,10.3817,Novice,34,Female,No,0.5,No,0,0,0,0,0,2,0,0,0,1,0,0,0,5,0,0,0,0,0,0,0,1,0,0,0,0,Novice,TRUE,0.125,0.375,0
5b9ca6,0,Clip02,8.8305,Novice,34,Female,No,0.5,No,0,0,0,0,0,2,0,0,0,1,0,0,0,5,0,0,0,0,0,0,0,1,0,0,0,0,Novice,TRUE,0.125,0.375,0
5b9ca6,1,Clip09,6.8801,Novice,34,Female,No,0.5,No,0,0,0,0,0,2,0,0,0,1,0,0,0,5,0,0,0,0,0,0,0,1,0,0,0,0,Novice,TRUE,0.125,0.375,0
5b9ca6,1,Clip06,8.0816,Novice,34,Female,No,0.5,No,0,0,0,0,0,2,0,0,0,1,0,0,0,5,0,0,0,0,0,0,0,1,0,0,0,0,Novice,TRUE,0.125,0.375,0
5b9ca6,1,Clip19,8.2797,Novice,34,Female,No,0.5,No,0,0,0,0,0,2,0,0,0,1,0,0,0,5,0,0,0,0,0,0,0,1,0,0,0,0,Novice,TRUE,0.125,0.375,0
5b9ca6,1,Clip27,5.6301,Novice,34,Female,No,0.5,No,0,0,0,0,0,2,0,0,0,1,0,0,0,5,0,0,0,0,0,0,0,1,0,0,0,0,Novice,TRUE,0.125,0.375,0
5b9ca6,1,Clip30,5.4725,Novice,34,Female,No,0.5,No,0,0,0,0,0,2,0,0,0,1,0,0,0,5,0,0,0,0,0,0,0,1,0,0,0,0,Novice,TRUE,0.125,0.375,0
5b9ca6,1,Clip17,4.1743,Novice,34,Female,No,0.5,No,0,0,0,0,0,2,0,0,0,1,0,0,0,5,0,0,0,0,0,0,0,1,0,0,0,0,Novice,TRUE,0.125,0.375,0
5b9ca6,1,Clip24,6.8795,Novice,34,Female,No,0.5,No,0,0,0,0,0,2,0,0,0,1,0,0,0,5,0,0,0,0,0,0,0,1,0,0,0,0,Novice,TRUE,0.125,0.375,0
5b9ca6,1,Clip07,3.5811,Novice,34,Female,No,0.5,No,0,0,0,0,0,2,0,0,0,1,0,0,0,5,0,0,0,0,0,0,0,1,0,0,0,0,Novice,TRUE,0.125,0.375,0
5b9ca6,0,Clip23,6.155,Novice,34,Female,No,0.5,No,0,0,0,0,0,2,0,0,0,1,0,0,0,5,0,0,0,0,0,0,0,1,0,0,0,0,Novice,TRUE,0.125,0.375,0
5b9ca6,1,Clip01,5.9616,Novice,34,Female,No,0.5,No,0,0,0,0,0,2,0,0,0,1,0,0,0,5,0,0,0,0,0,0,0,1,0,0,0,0,Novice,TRUE,0.125,0.375,0
5b9ca6,1,Clip14,4.8491,Novice,34,Female,No,0.5,No,0,0,0,0,0,2,0,0,0,1,0,0,0,5,0,0,0,0,0,0,0,1,0,0,0,0,Novice,TRUE,0.125,0.375,0
5b9ca6,1,Clip10,4.9549,Novice,34,Female,No,0.5,No,0,0,0,0,0,2,0,0,0,1,0,0,0,5,0,0,0,0,0,0,0,1,0,0,0,0,Novice,TRUE,0.125,0.375,0
5b9ca6,1,Clip26,3.0948,Novice,34,Female,No,0.5,No,0,0,0,0,0,2,0,0,0,1,0,0,0,5,0,0,0,0,0,0,0,1,0,0,0,0,Novice,TRUE,0.125,0.375,0
5b9ca6,0,Clip03,7.6747,Novice,34,Female,No,0.5,No,0,0,0,0,0,2,0,0,0,1,0,0,0,5,0,0,0,0,0,0,0,1,0,0,0,0,Novice,TRUE,0.125,0.375,0
5b9ca6,1,Clip20,3.0723,Novice,34,Female,No,0.5,No,0,0,0,0,0,2,0,0,0,1,0,0,0,5,0,0,0,0,0,0,0,1,0,0,0,0,Novice,TRUE,0.125,0.375,0
5b9ca6,0,Clip33,7.6899,Novice,34,Female,No,0.5,No,0,0,0,0,0,2,0,0,0,1,0,0,0,5,0,0,0,0,0,0,0,1,0,0,0,0,Novice,TRUE,0.125,0.375,0
5b9ca6,1,Clip36,3.8033,Novice,34,Female,No,0.5,No,0,0,0,0,0,2,0,0,0,1,0,0,0,5,0,0,0,0,0,0,0,1,0,0,0,0,Novice,TRUE,0.125,0.375,0
5b9ca6,1,Clip12,8.1919,Novice,34,Female,No,0.5,No,0,0,0,0,0,2,0,0,0,1,0,0,0,5,0,0,0,0,0,0,0,1,0,0,0,0,Novice,TRUE,0.125,0.375,0
5b9ca6,0,Clip32,3.6652,Novice,34,Female,No,0.5,No,0,0,0,0,0,2,0,0,0,1,0,0,0,5,0,0,0,0,0,0,0,1,0,0,0,0,Novice,TRUE,0.125,0.375,0
5b9ca6,0,Clip38,7.3707,Novice,34,Female,No,0.5,No,0,0,0,0,0,2,0,0,0,1,0,0,0,5,0,0,0,0,0,0,0,1,0,0,0,0,Novice,TRUE,0.125,0.375,0
5b9ca6,0,Clip18,8.0745,Novice,34,Female,No,0.5,No,0,0,0,0,0,2,0,0,0,1,0,0,0,5,0,0,0,0,0,0,0,1,0,0,0,0,Novice,TRUE,0.125,0.375,0
5b9ca6,1,Clip05,4.4442,Novice,34,Female,No,0.5,No,0,0,0,0,0,2,0,0,0,1,0,0,0,5,0,0,0,0,0,0,0,1,0,0,0,0,Novice,TRUE,0.125,0.375,0
5b9ca6,1,Clip15,2.5841,Novice,34,Female,No,0.5,No,0,0,0,0,0,2,0,0,0,1,0,0,0,5,0,0,0,0,0,0,0,1,0,0,0,0,Novice,TRUE,0.125,0.375,0
5b9ca6,1,Clip22,2.3191,Novice,34,Female,No,0.5,No,0,0,0,0,0,2,0,0,0,1,0,0,0,5,0,0,0,0,0,0,0,1,0,0,0,0,Novice,TRUE,0.125,0.375,0
5b9ca6,1,Clip29,3.6473,Novice,34,Female,No,0.5,No,0,0,0,0,0,2,0,0,0,1,0,0,0,5,0,0,0,0,0,0,0,1,0,0,0,0,Novice,TRUE,0.125,0.375,0
5b9ca6,0,Clip34,8.524,Novice,34,Female,No,0.5,No,0,0,0,0,0,2,0,0,0,1,0,0,0,5,0,0,0,0,0,0,0,1,0,0,0,0,Novice,TRUE,0.125,0.375,0
5b9ca6,1,Clip11,7.8871,Novice,34,Female,No,0.5,No,0,0,0,0,0,2,0,0,0,1,0,0,0,5,0,0,0,0,0,0,0,1,0,0,0,0,Novice,TRUE,0.125,0.375,0
5b9ca6,1,Clip13,6.5567,Novice,34,Female,No,0.5,No,0,0,0,0,0,2,0,0,0,1,0,0,0,5,0,0,0,0,0,0,0,1,0,0,0,0,Novice,TRUE,0.125,0.375,0
5b9ca6,0,Clip31,5.0529,Novice,34,Female,No,0.5,No,0,0,0,0,0,2,0,0,0,1,0,0,0,5,0,0,0,0,0,0,0,1,0,0,0,0,Novice,TRUE,0.125,0.375,0
5b9ca6,0,Clip28,4.2399,Novice,34,Female,No,0.5,No,0,0,0,0,0,2,0,0,0,1,0,0,0,5,0,0,0,0,0,0,0,1,0,0,0,0,Novice,TRUE,0.125,0.375,0
5b9ca6,1,Clip39,5.8562,Novice,34,Female,No,0.5,No,0,0,0,0,0,2,0,0,0,1,0,0,0,5,0,0,0,0,0,0,0,1,0,0,0,0,Novice,TRUE,0.125,0.375,0
5b9ca6,0,Clip35,4.1361,Novice,34,Female,No,0.5,No,0,0,0,0,0,2,0,0,0,1,0,0,0,5,0,0,0,0,0,0,0,1,0,0,0,0,Novice,TRUE,0.125,0.375,0
6504fe,1,Clip30,6.613,Novice,38,Male,Yes,0.5,No,0,1,0,0,2,2,3,3,1,1,0,2,1,5,1,0,0,1,1,1,1,2,1,0,0,1,Novice,TRUE,0.875,1.875,0.428571429
6504fe,1,Clip29,5.572,Novice,38,Male,Yes,0.5,No,0,1,0,0,2,2,3,3,1,1,0,2,1,5,1,0,0,1,1,1,1,2,1,0,0,1,Novice,TRUE,0.875,1.875,0.428571429
6504fe,1,Clip07,12.486,Novice,38,Male,Yes,0.5,No,0,1,0,0,2,2,3,3,1,1,0,2,1,5,1,0,0,1,1,1,1,2,1,0,0,1,Novice,TRUE,0.875,1.875,0.428571429
6504fe,1,Clip18,5.903,Novice,38,Male,Yes,0.5,No,0,1,0,0,2,2,3,3,1,1,0,2,1,5,1,0,0,1,1,1,1,2,1,0,0,1,Novice,TRUE,0.875,1.875,0.428571429
6504fe,1,Clip06,3.801,Novice,38,Male,Yes,0.5,No,0,1,0,0,2,2,3,3,1,1,0,2,1,5,1,0,0,1,1,1,1,2,1,0,0,1,Novice,TRUE,0.875,1.875,0.428571429
6504fe,0,Clip11,10.684,Novice,38,Male,Yes,0.5,No,0,1,0,0,2,2,3,3,1,1,0,2,1,5,1,0,0,1,1,1,1,2,1,0,0,1,Novice,TRUE,0.875,1.875,0.428571429
6504fe,0,Clip35,25.726,Novice,38,Male,Yes,0.5,No,0,1,0,0,2,2,3,3,1,1,0,2,1,5,1,0,0,1,1,1,1,2,1,0,0,1,Novice,TRUE,0.875,1.875,0.428571429
6504fe,1,Clip22,5.13,Novice,38,Male,Yes,0.5,No,0,1,0,0,2,2,3,3,1,1,0,2,1,5,1,0,0,1,1,1,1,2,1,0,0,1,Novice,TRUE,0.875,1.875,0.428571429
6504fe,1,Clip01,8.754,Novice,38,Male,Yes,0.5,No,0,1,0,0,2,2,3,3,1,1,0,2,1,5,1,0,0,1,1,1,1,2,1,0,0,1,Novice,TRUE,0.875,1.875,0.428571429
6504fe,0,Clip03,3.983,Novice,38,Male,Yes,0.5,No,0,1,0,0,2,2,3,3,1,1,0,2,1,5,1,0,0,1,1,1,1,2,1,0,0,1,Novice,TRUE,0.875,1.875,0.428571429
6504fe,1,Clip04,2.527,Novice,38,Male,Yes,0.5,No,0,1,0,0,2,2,3,3,1,1,0,2,1,5,1,0,0,1,1,1,1,2,1,0,0,1,Novice,TRUE,0.875,1.875,0.428571429
6504fe,1,Clip33,4.26,Novice,38,Male,Yes,0.5,No,0,1,0,0,2,2,3,3,1,1,0,2,1,5,1,0,0,1,1,1,1,2,1,0,0,1,Novice,TRUE,0.875,1.875,0.428571429
6504fe,1,Clip16,4.428,Novice,38,Male,Yes,0.5,No,0,1,0,0,2,2,3,3,1,1,0,2,1,5,1,0,0,1,1,1,1,2,1,0,0,1,Novice,TRUE,0.875,1.875,0.428571429
6504fe,1,Clip23,3.892,Novice,38,Male,Yes,0.5,No,0,1,0,0,2,2,3,3,1,1,0,2,1,5,1,0,0,1,1,1,1,2,1,0,0,1,Novice,TRUE,0.875,1.875,0.428571429
6504fe,1,Clip37,4.207,Novice,38,Male,Yes,0.5,No,0,1,0,0,2,2,3,3,1,1,0,2,1,5,1,0,0,1,1,1,1,2,1,0,0,1,Novice,TRUE,0.875,1.875,0.428571429
6504fe,1,Clip05,4.883,Novice,38,Male,Yes,0.5,No,0,1,0,0,2,2,3,3,1,1,0,2,1,5,1,0,0,1,1,1,1,2,1,0,0,1,Novice,TRUE,0.875,1.875,0.428571429
6504fe,1,Clip12,6.58,Novice,38,Male,Yes,0.5,No,0,1,0,0,2,2,3,3,1,1,0,2,1,5,1,0,0,1,1,1,1,2,1,0,0,1,Novice,TRUE,0.875,1.875,0.428571429
6504fe,1,Clip32,3.766,Novice,38,Male,Yes,0.5,No,0,1,0,0,2,2,3,3,1,1,0,2,1,5,1,0,0,1,1,1,1,2,1,0,0,1,Novice,TRUE,0.875,1.875,0.428571429
6504fe,1,Clip14,2.58,Novice,38,Male,Yes,0.5,No,0,1,0,0,2,2,3,3,1,1,0,2,1,5,1,0,0,1,1,1,1,2,1,0,0,1,Novice,TRUE,0.875,1.875,0.428571429
6504fe,0,Clip20,6.665,Novice,38,Male,Yes,0.5,No,0,1,0,0,2,2,3,3,1,1,0,2,1,5,1,0,0,1,1,1,1,2,1,0,0,1,Novice,TRUE,0.875,1.875,0.428571429
6504fe,1,Clip10,2.88,Novice,38,Male,Yes,0.5,No,0,1,0,0,2,2,3,3,1,1,0,2,1,5,1,0,0,1,1,1,1,2,1,0,0,1,Novice,TRUE,0.875,1.875,0.428571429
6504fe,0,Clip21,7.945,Novice,38,Male,Yes,0.5,No,0,1,0,0,2,2,3,3,1,1,0,2,1,5,1,0,0,1,1,1,1,2,1,0,0,1,Novice,TRUE,0.875,1.875,0.428571429
6504fe,0,Clip38,3.934,Novice,38,Male,Yes,0.5,No,0,1,0,0,2,2,3,3,1,1,0,2,1,5,1,0,0,1,1,1,1,2,1,0,0,1,Novice,TRUE,0.875,1.875,0.428571429
6504fe,0,Clip08,6.89,Novice,38,Male,Yes,0.5,No,0,1,0,0,2,2,3,3,1,1,0,2,1,5,1,0,0,1,1,1,1,2,1,0,0,1,Novice,TRUE,0.875,1.875,0.428571429
6504fe,1,Clip09,6.35,Novice,38,Male,Yes,0.5,No,0,1,0,0,2,2,3,3,1,1,0,2,1,5,1,0,0,1,1,1,1,2,1,0,0,1,Novice,TRUE,0.875,1.875,0.428571429
6504fe,1,Clip15,2.527,Novice,38,Male,Yes,0.5,No,0,1,0,0,2,2,3,3,1,1,0,2,1,5,1,0,0,1,1,1,1,2,1,0,0,1,Novice,TRUE,0.875,1.875,0.428571429
6504fe,0,Clip24,10.282,Novice,38,Male,Yes,0.5,No,0,1,0,0,2,2,3,3,1,1,0,2,1,5,1,0,0,1,1,1,1,2,1,0,0,1,Novice,TRUE,0.875,1.875,0.428571429
6504fe,1,Clip36,5.002,Novice,38,Male,Yes,0.5,No,0,1,0,0,2,2,3,3,1,1,0,2,1,5,1,0,0,1,1,1,1,2,1,0,0,1,Novice,TRUE,0.875,1.875,0.428571429
6504fe,1,Clip02,3.435,Novice,38,Male,Yes,0.5,No,0,1,0,0,2,2,3,3,1,1,0,2,1,5,1,0,0,1,1,1,1,2,1,0,0,1,Novice,TRUE,0.875,1.875,0.428571429
6504fe,0,Clip39,11.057,Novice,38,Male,Yes,0.5,No,0,1,0,0,2,2,3,3,1,1,0,2,1,5,1,0,0,1,1,1,1,2,1,0,0,1,Novice,TRUE,0.875,1.875,0.428571429
6504fe,1,Clip40,10.932,Novice,38,Male,Yes,0.5,No,0,1,0,0,2,2,3,3,1,1,0,2,1,5,1,0,0,1,1,1,1,2,1,0,0,1,Novice,TRUE,0.875,1.875,0.428571429
6504fe,0,Clip34,7.512,Novice,38,Male,Yes,0.5,No,0,1,0,0,2,2,3,3,1,1,0,2,1,5,1,0,0,1,1,1,1,2,1,0,0,1,Novice,TRUE,0.875,1.875,0.428571429
6504fe,1,Clip27,4.899,Novice,38,Male,Yes,0.5,No,0,1,0,0,2,2,3,3,1,1,0,2,1,5,1,0,0,1,1,1,1,2,1,0,0,1,Novice,TRUE,0.875,1.875,0.428571429
6504fe,1,Clip25,6.845,Novice,38,Male,Yes,0.5,No,0,1,0,0,2,2,3,3,1,1,0,2,1,5,1,0,0,1,1,1,1,2,1,0,0,1,Novice,TRUE,0.875,1.875,0.428571429
6504fe,1,Clip31,3.061,Novice,38,Male,Yes,0.5,No,0,1,0,0,2,2,3,3,1,1,0,2,1,5,1,0,0,1,1,1,1,2,1,0,0,1,Novice,TRUE,0.875,1.875,0.428571429
6504fe,1,Clip26,3.128,Novice,38,Male,Yes,0.5,No,0,1,0,0,2,2,3,3,1,1,0,2,1,5,1,0,0,1,1,1,1,2,1,0,0,1,Novice,TRUE,0.875,1.875,0.428571429
6504fe,1,Clip13,8.113,Novice,38,Male,Yes,0.5,No,0,1,0,0,2,2,3,3,1,1,0,2,1,5,1,0,0,1,1,1,1,2,1,0,0,1,Novice,TRUE,0.875,1.875,0.428571429
6504fe,1,Clip19,2.752,Novice,38,Male,Yes,0.5,No,0,1,0,0,2,2,3,3,1,1,0,2,1,5,1,0,0,1,1,1,1,2,1,0,0,1,Novice,TRUE,0.875,1.875,0.428571429
6504fe,1,Clip28,5.191,Novice,38,Male,Yes,0.5,No,0,1,0,0,2,2,3,3,1,1,0,2,1,5,1,0,0,1,1,1,1,2,1,0,0,1,Novice,TRUE,0.875,1.875,0.428571429
6504fe,1,Clip17,5.111,Novice,38,Male,Yes,0.5,No,0,1,0,0,2,2,3,3,1,1,0,2,1,5,1,0,0,1,1,1,1,2,1,0,0,1,Novice,TRUE,0.875,1.875,0.428571429
62b5ce,1,Clip31,4.625,Novice,30,Male,No,0.16,No,0,0,0,0,0,0,3,1,1,0,0,2,0,5,0,0,0,0,0,0,0,3,0,1,0,0,Novice,TRUE,0.125,1.125,0.142857143
62b5ce,1,Clip32,13.992,Novice,30,Male,No,0.16,No,0,0,0,0,0,0,3,1,1,0,0,2,0,5,0,0,0,0,0,0,0,3,0,1,0,0,Novice,TRUE,0.125,1.125,0.142857143
62b5ce,0,Clip36,12.459,Novice,30,Male,No,0.16,No,0,0,0,0,0,0,3,1,1,0,0,2,0,5,0,0,0,0,0,0,0,3,0,1,0,0,Novice,TRUE,0.125,1.125,0.142857143
62b5ce,1,Clip26,5.139,Novice,30,Male,No,0.16,No,0,0,0,0,0,0,3,1,1,0,0,2,0,5,0,0,0,0,0,0,0,3,0,1,0,0,Novice,TRUE,0.125,1.125,0.142857143
62b5ce,0,Clip34,12.209,Novice,30,Male,No,0.16,No,0,0,0,0,0,0,3,1,1,0,0,2,0,5,0,0,0,0,0,0,0,3,0,1,0,0,Novice,TRUE,0.125,1.125,0.142857143
62b5ce,0,Clip38,11.807,Novice,30,Male,No,0.16,No,0,0,0,0,0,0,3,1,1,0,0,2,0,5,0,0,0,0,0,0,0,3,0,1,0,0,Novice,TRUE,0.125,1.125,0.142857143
62b5ce,1,Clip40,4.525,Novice,30,Male,No,0.16,No,0,0,0,0,0,0,3,1,1,0,0,2,0,5,0,0,0,0,0,0,0,3,0,1,0,0,Novice,TRUE,0.125,1.125,0.142857143
62b5ce,0,Clip39,4.21,Novice,30,Male,No,0.16,No,0,0,0,0,0,0,3,1,1,0,0,2,0,5,0,0,0,0,0,0,0,3,0,1,0,0,Novice,TRUE,0.125,1.125,0.142857143
62b5ce,1,Clip21,9.827,Novice,30,Male,No,0.16,No,0,0,0,0,0,0,3,1,1,0,0,2,0,5,0,0,0,0,0,0,0,3,0,1,0,0,Novice,TRUE,0.125,1.125,0.142857143
62b5ce,0,Clip15,9.612,Novice,30,Male,No,0.16,No,0,0,0,0,0,0,3,1,1,0,0,2,0,5,0,0,0,0,0,0,0,3,0,1,0,0,Novice,TRUE,0.125,1.125,0.142857143
62b5ce,0,Clip06,9.391,Novice,30,Male,No,0.16,No,0,0,0,0,0,0,3,1,1,0,0,2,0,5,0,0,0,0,0,0,0,3,0,1,0,0,Novice,TRUE,0.125,1.125,0.142857143
62b5ce,0,Clip20,12.928,Novice,30,Male,No,0.16,No,0,0,0,0,0,0,3,1,1,0,0,2,0,5,0,0,0,0,0,0,0,3,0,1,0,0,Novice,TRUE,0.125,1.125,0.142857143
62b5ce,1,Clip01,7.074,Novice,30,Male,No,0.16,No,0,0,0,0,0,0,3,1,1,0,0,2,0,5,0,0,0,0,0,0,0,3,0,1,0,0,Novice,TRUE,0.125,1.125,0.142857143
62b5ce,0,Clip03,13.548,Novice,30,Male,No,0.16,No,0,0,0,0,0,0,3,1,1,0,0,2,0,5,0,0,0,0,0,0,0,3,0,1,0,0,Novice,TRUE,0.125,1.125,0.142857143
62b5ce,0,Clip33,10.228,Novice,30,Male,No,0.16,No,0,0,0,0,0,0,3,1,1,0,0,2,0,5,0,0,0,0,0,0,0,3,0,1,0,0,Novice,TRUE,0.125,1.125,0.142857143
62b5ce,0,Clip16,8.605,Novice,30,Male,No,0.16,No,0,0,0,0,0,0,3,1,1,0,0,2,0,5,0,0,0,0,0,0,0,3,0,1,0,0,Novice,TRUE,0.125,1.125,0.142857143
62b5ce,1,Clip07,5.522,Novice,30,Male,No,0.16,No,0,0,0,0,0,0,3,1,1,0,0,2,0,5,0,0,0,0,0,0,0,3,0,1,0,0,Novice,TRUE,0.125,1.125,0.142857143
62b5ce,0,Clip17,8.174,Novice,30,Male,No,0.16,No,0,0,0,0,0,0,3,1,1,0,0,2,0,5,0,0,0,0,0,0,0,3,0,1,0,0,Novice,TRUE,0.125,1.125,0.142857143
62b5ce,1,Clip09,5.892,Novice,30,Male,No,0.16,No,0,0,0,0,0,0,3,1,1,0,0,2,0,5,0,0,0,0,0,0,0,3,0,1,0,0,Novice,TRUE,0.125,1.125,0.142857143
62b5ce,1,Clip05,4.61,Novice,30,Male,No,0.16,No,0,0,0,0,0,0,3,1,1,0,0,2,0,5,0,0,0,0,0,0,0,3,0,1,0,0,Novice,TRUE,0.125,1.125,0.142857143
62b5ce,1,Clip30,4.34,Novice,30,Male,No,0.16,No,0,0,0,0,0,0,3,1,1,0,0,2,0,5,0,0,0,0,0,0,0,3,0,1,0,0,Novice,TRUE,0.125,1.125,0.142857143
62b5ce,1,Clip29,4.948,Novice,30,Male,No,0.16,No,0,0,0,0,0,0,3,1,1,0,0,2,0,5,0,0,0,0,0,0,0,3,0,1,0,0,Novice,TRUE,0.125,1.125,0.142857143
62b5ce,1,Clip14,4.075,Novice,30,Male,No,0.16,No,0,0,0,0,0,0,3,1,1,0,0,2,0,5,0,0,0,0,0,0,0,3,0,1,0,0,Novice,TRUE,0.125,1.125,0.142857143
62b5ce,1,Clip02,3.427,Novice,30,Male,No,0.16,No,0,0,0,0,0,0,3,1,1,0,0,2,0,5,0,0,0,0,0,0,0,3,0,1,0,0,Novice,TRUE,0.125,1.125,0.142857143
62b5ce,1,Clip19,3.575,Novice,30,Male,No,0.16,No,0,0,0,0,0,0,3,1,1,0,0,2,0,5,0,0,0,0,0,0,0,3,0,1,0,0,Novice,TRUE,0.125,1.125,0.142857143
62b5ce,1,Clip37,4.077,Novice,30,Male,No,0.16,No,0,0,0,0,0,0,3,1,1,0,0,2,0,5,0,0,0,0,0,0,0,3,0,1,0,0,Novice,TRUE,0.125,1.125,0.142857143
62b5ce,0,Clip24,10.409,Novice,30,Male,No,0.16,No,0,0,0,0,0,0,3,1,1,0,0,2,0,5,0,0,0,0,0,0,0,3,0,1,0,0,Novice,TRUE,0.125,1.125,0.142857143
62b5ce,1,Clip13,6.559,Novice,30,Male,No,0.16,No,0,0,0,0,0,0,3,1,1,0,0,2,0,5,0,0,0,0,0,0,0,3,0,1,0,0,Novice,TRUE,0.125,1.125,0.142857143
62b5ce,1,Clip18,6.164,Novice,30,Male,No,0.16,No,0,0,0,0,0,0,3,1,1,0,0,2,0,5,0,0,0,0,0,0,0,3,0,1,0,0,Novice,TRUE,0.125,1.125,0.142857143
62b5ce,0,Clip35,8.676,Novice,30,Male,No,0.16,No,0,0,0,0,0,0,3,1,1,0,0,2,0,5,0,0,0,0,0,0,0,3,0,1,0,0,Novice,TRUE,0.125,1.125,0.142857143
62b5ce,1,Clip08,12.41,Novice,30,Male,No,0.16,No,0,0,0,0,0,0,3,1,1,0,0,2,0,5,0,0,0,0,0,0,0,3,0,1,0,0,Novice,TRUE,0.125,1.125,0.142857143
62b5ce,1,Clip12,6.849,Novice,30,Male,No,0.16,No,0,0,0,0,0,0,3,1,1,0,0,2,0,5,0,0,0,0,0,0,0,3,0,1,0,0,Novice,TRUE,0.125,1.125,0.142857143
62b5ce,0,Clip11,8.839,Novice,30,Male,No,0.16,No,0,0,0,0,0,0,3,1,1,0,0,2,0,5,0,0,0,0,0,0,0,3,0,1,0,0,Novice,TRUE,0.125,1.125,0.142857143
62b5ce,1,Clip04,5.823,Novice,30,Male,No,0.16,No,0,0,0,0,0,0,3,1,1,0,0,2,0,5,0,0,0,0,0,0,0,3,0,1,0,0,Novice,TRUE,0.125,1.125,0.142857143
62b5ce,1,Clip22,4.273,Novice,30,Male,No,0.16,No,0,0,0,0,0,0,3,1,1,0,0,2,0,5,0,0,0,0,0,0,0,3,0,1,0,0,Novice,TRUE,0.125,1.125,0.142857143
62b5ce,0,Clip25,5.916,Novice,30,Male,No,0.16,No,0,0,0,0,0,0,3,1,1,0,0,2,0,5,0,0,0,0,0,0,0,3,0,1,0,0,Novice,TRUE,0.125,1.125,0.142857143
62b5ce,0,Clip28,15.742,Novice,30,Male,No,0.16,No,0,0,0,0,0,0,3,1,1,0,0,2,0,5,0,0,0,0,0,0,0,3,0,1,0,0,Novice,TRUE,0.125,1.125,0.142857143
62b5ce,0,Clip27,3.546,Novice,30,Male,No,0.16,No,0,0,0,0,0,0,3,1,1,0,0,2,0,5,0,0,0,0,0,0,0,3,0,1,0,0,Novice,TRUE,0.125,1.125,0.142857143
62b5ce,0,Clip23,3.576,Novice,30,Male,No,0.16,No,0,0,0,0,0,0,3,1,1,0,0,2,0,5,0,0,0,0,0,0,0,3,0,1,0,0,Novice,TRUE,0.125,1.125,0.142857143
62b5ce,1,Clip10,2.997,Novice,30,Male,No,0.16,No,0,0,0,0,0,0,3,1,1,0,0,2,0,5,0,0,0,0,0,0,0,3,0,1,0,0,Novice,TRUE,0.125,1.125,0.142857143
65412f,0,Clip13,9.7557,Novice,22,Male,Yes,1,Yes,1,0,0,0,0,0,0,0,0,0,0,0,0,5,0,0,0,0,0,0,0,0,1,0,0,0,Novice,TRUE,0.125,0,0
65412f,1,Clip07,4.1899,Novice,22,Male,Yes,1,Yes,1,0,0,0,0,0,0,0,0,0,0,0,0,5,0,0,0,0,0,0,0,0,1,0,0,0,Novice,TRUE,0.125,0,0
65412f,0,Clip17,8.3061,Novice,22,Male,Yes,1,Yes,1,0,0,0,0,0,0,0,0,0,0,0,0,5,0,0,0,0,0,0,0,0,1,0,0,0,Novice,TRUE,0.125,0,0
65412f,1,Clip20,4.261,Novice,22,Male,Yes,1,Yes,1,0,0,0,0,0,0,0,0,0,0,0,0,5,0,0,0,0,0,0,0,0,1,0,0,0,Novice,TRUE,0.125,0,0
65412f,0,Clip37,9.775,Novice,22,Male,Yes,1,Yes,1,0,0,0,0,0,0,0,0,0,0,0,0,5,0,0,0,0,0,0,0,0,1,0,0,0,Novice,TRUE,0.125,0,0
65412f,1,Clip15,4.557,Novice,22,Male,Yes,1,Yes,1,0,0,0,0,0,0,0,0,0,0,0,0,5,0,0,0,0,0,0,0,0,1,0,0,0,Novice,TRUE,0.125,0,0
65412f,0,Clip16,2.1958,Novice,22,Male,Yes,1,Yes,1,0,0,0,0,0,0,0,0,0,0,0,0,5,0,0,0,0,0,0,0,0,1,0,0,0,Novice,TRUE,0.125,0,0
65412f,0,Clip03,16.7587,Novice,22,Male,Yes,1,Yes,1,0,0,0,0,0,0,0,0,0,0,0,0,5,0,0,0,0,0,0,0,0,1,0,0,0,Novice,TRUE,0.125,0,0
65412f,1,Clip39,9.2314,Novice,22,Male,Yes,1,Yes,1,0,0,0,0,0,0,0,0,0,0,0,0,5,0,0,0,0,0,0,0,0,1,0,0,0,Novice,TRUE,0.125,0,0
65412f,1,Clip18,7.6261,Novice,22,Male,Yes,1,Yes,1,0,0,0,0,0,0,0,0,0,0,0,0,5,0,0,0,0,0,0,0,0,1,0,0,0,Novice,TRUE,0.125,0,0
65412f,0,Clip02,3.2212,Novice,22,Male,Yes,1,Yes,1,0,0,0,0,0,0,0,0,0,0,0,0,5,0,0,0,0,0,0,0,0,1,0,0,0,Novice,TRUE,0.125,0,0
65412f,1,Clip10,45.058,Novice,22,Male,Yes,1,Yes,1,0,0,0,0,0,0,0,0,0,0,0,0,5,0,0,0,0,0,0,0,0,1,0,0,0,Novice,TRUE,0.125,0,0
65412f,0,Clip24,8.7325,Novice,22,Male,Yes,1,Yes,1,0,0,0,0,0,0,0,0,0,0,0,0,5,0,0,0,0,0,0,0,0,1,0,0,0,Novice,TRUE,0.125,0,0
65412f,0,Clip08,21.3567,Novice,22,Male,Yes,1,Yes,1,0,0,0,0,0,0,0,0,0,0,0,0,5,0,0,0,0,0,0,0,0,1,0,0,0,Novice,TRUE,0.125,0,0
65412f,0,Clip01,4.5534,Novice,22,Male,Yes,1,Yes,1,0,0,0,0,0,0,0,0,0,0,0,0,5,0,0,0,0,0,0,0,0,1,0,0,0,Novice,TRUE,0.125,0,0
65412f,1,Clip23,6.2748,Novice,22,Male,Yes,1,Yes,1,0,0,0,0,0,0,0,0,0,0,0,0,5,0,0,0,0,0,0,0,0,1,0,0,0,Novice,TRUE,0.125,0,0
65412f,1,Clip05,26.4999,Novice,22,Male,Yes,1,Yes,1,0,0,0,0,0,0,0,0,0,0,0,0,5,0,0,0,0,0,0,0,0,1,0,0,0,Novice,TRUE,0.125,0,0
65412f,0,Clip36,18.0448,Novice,22,Male,Yes,1,Yes,1,0,0,0,0,0,0,0,0,0,0,0,0,5,0,0,0,0,0,0,0,0,1,0,0,0,Novice,TRUE,0.125,0,0
65412f,0,Clip33,3.9217,Novice,22,Male,Yes,1,Yes,1,0,0,0,0,0,0,0,0,0,0,0,0,5,0,0,0,0,0,0,0,0,1,0,0,0,Novice,TRUE,0.125,0,0
65412f,0,Clip12,36.1207,Novice,22,Male,Yes,1,Yes,1,0,0,0,0,0,0,0,0,0,0,0,0,5,0,0,0,0,0,0,0,0,1,0,0,0,Novice,TRUE,0.125,0,0
65412f,0,Clip26,79.1473,Novice,22,Male,Yes,1,Yes,1,0,0,0,0,0,0,0,0,0,0,0,0,5,0,0,0,0,0,0,0,0,1,0,0,0,Novice,TRUE,0.125,0,0
65412f,1,Clip40,41.5326,Novice,22,Male,Yes,1,Yes,1,0,0,0,0,0,0,0,0,0,0,0,0,5,0,0,0,0,0,0,0,0,1,0,0,0,Novice,TRUE,0.125,0,0
65412f,1,Clip04,3.6373,Novice,22,Male,Yes,1,Yes,1,0,0,0,0,0,0,0,0,0,0,0,0,5,0,0,0,0,0,0,0,0,1,0,0,0,Novice,TRUE,0.125,0,0
65412f,0,Clip22,19.3497,Novice,22,Male,Yes,1,Yes,1,0,0,0,0,0,0,0,0,0,0,0,0,5,0,0,0,0,0,0,0,0,1,0,0,0,Novice,TRUE,0.125,0,0
65412f,0,Clip09,16.8846,Novice,22,Male,Yes,1,Yes,1,0,0,0,0,0,0,0,0,0,0,0,0,5,0,0,0,0,0,0,0,0,1,0,0,0,Novice,TRUE,0.125,0,0
65412f,1,Clip25,2.897,Novice,22,Male,Yes,1,Yes,1,0,0,0,0,0,0,0,0,0,0,0,0,5,0,0,0,0,0,0,0,0,1,0,0,0,Novice,TRUE,0.125,0,0
65412f,0,Clip28,10.454,Novice,22,Male,Yes,1,Yes,1,0,0,0,0,0,0,0,0,0,0,0,0,5,0,0,0,0,0,0,0,0,1,0,0,0,Novice,TRUE,0.125,0,0
65412f,0,Clip35,3.5056,Novice,22,Male,Yes,1,Yes,1,0,0,0,0,0,0,0,0,0,0,0,0,5,0,0,0,0,0,0,0,0,1,0,0,0,Novice,TRUE,0.125,0,0
65412f,1,Clip34,3.5833,Novice,22,Male,Yes,1,Yes,1,0,0,0,0,0,0,0,0,0,0,0,0,5,0,0,0,0,0,0,0,0,1,0,0,0,Novice,TRUE,0.125,0,0
65412f,1,Clip30,3.6412,Novice,22,Male,Yes,1,Yes,1,0,0,0,0,0,0,0,0,0,0,0,0,5,0,0,0,0,0,0,0,0,1,0,0,0,Novice,TRUE,0.125,0,0
65412f,0,Clip19,5.1648,Novice,22,Male,Yes,1,Yes,1,0,0,0,0,0,0,0,0,0,0,0,0,5,0,0,0,0,0,0,0,0,1,0,0,0,Novice,TRUE,0.125,0,0
65412f,0,Clip38,2.7462,Novice,22,Male,Yes,1,Yes,1,0,0,0,0,0,0,0,0,0,0,0,0,5,0,0,0,0,0,0,0,0,1,0,0,0,Novice,TRUE,0.125,0,0
65412f,0,Clip21,2.0414,Novice,22,Male,Yes,1,Yes,1,0,0,0,0,0,0,0,0,0,0,0,0,5,0,0,0,0,0,0,0,0,1,0,0,0,Novice,TRUE,0.125,0,0
65412f,0,Clip06,84.0011,Novice,22,Male,Yes,1,Yes,1,0,0,0,0,0,0,0,0,0,0,0,0,5,0,0,0,0,0,0,0,0,1,0,0,0,Novice,TRUE,0.125,0,0
65412f,1,Clip27,1.7718,Novice,22,Male,Yes,1,Yes,1,0,0,0,0,0,0,0,0,0,0,0,0,5,0,0,0,0,0,0,0,0,1,0,0,0,Novice,TRUE,0.125,0,0
65412f,1,Clip32,2.4921,Novice,22,Male,Yes,1,Yes,1,0,0,0,0,0,0,0,0,0,0,0,0,5,0,0,0,0,0,0,0,0,1,0,0,0,Novice,TRUE,0.125,0,0
65412f,1,Clip11,3.8457,Novice,22,Male,Yes,1,Yes,1,0,0,0,0,0,0,0,0,0,0,0,0,5,0,0,0,0,0,0,0,0,1,0,0,0,Novice,TRUE,0.125,0,0
65412f,0,Clip14,4.1663,Novice,22,Male,Yes,1,Yes,1,0,0,0,0,0,0,0,0,0,0,0,0,5,0,0,0,0,0,0,0,0,1,0,0,0,Novice,TRUE,0.125,0,0
65412f,0,Clip29,13.7913,Novice,22,Male,Yes,1,Yes,1,0,0,0,0,0,0,0,0,0,0,0,0,5,0,0,0,0,0,0,0,0,1,0,0,0,Novice,TRUE,0.125,0,0
65412f,1,Clip31,2.0378,Novice,22,Male,Yes,1,Yes,1,0,0,0,0,0,0,0,0,0,0,0,0,5,0,0,0,0,0,0,0,0,1,0,0,0,Novice,TRUE,0.125,0,0
55ad9b,1,Clip33,8.199,Novice,30,Female,Yes,0.5,No,0,0,0,0,0,2,1,1,0,1,0,1,0,5,0,0,0,0,1,2,1,2,1,0,0,0,Novice,TRUE,0.375,1.25,0
55ad9b,1,Clip22,7.4867,Novice,30,Female,Yes,0.5,No,0,0,0,0,0,2,1,1,0,1,0,1,0,5,0,0,0,0,1,2,1,2,1,0,0,0,Novice,TRUE,0.375,1.25,0
55ad9b,0,Clip34,11.0246,Novice,30,Female,Yes,0.5,No,0,0,0,0,0,2,1,1,0,1,0,1,0,5,0,0,0,0,1,2,1,2,1,0,0,0,Novice,TRUE,0.375,1.25,0
55ad9b,0,Clip23,8.8545,Novice,30,Female,Yes,0.5,No,0,0,0,0,0,2,1,1,0,1,0,1,0,5,0,0,0,0,1,2,1,2,1,0,0,0,Novice,TRUE,0.375,1.25,0
55ad9b,1,Clip18,4.5718,Novice,30,Female,Yes,0.5,No,0,0,0,0,0,2,1,1,0,1,0,1,0,5,0,0,0,0,1,2,1,2,1,0,0,0,Novice,TRUE,0.375,1.25,0
55ad9b,0,Clip25,7.528,Novice,30,Female,Yes,0.5,No,0,0,0,0,0,2,1,1,0,1,0,1,0,5,0,0,0,0,1,2,1,2,1,0,0,0,Novice,TRUE,0.375,1.25,0
55ad9b,1,Clip26,4.4493,Novice,30,Female,Yes,0.5,No,0,0,0,0,0,2,1,1,0,1,0,1,0,5,0,0,0,0,1,2,1,2,1,0,0,0,Novice,TRUE,0.375,1.25,0
55ad9b,1,Clip21,9.0272,Novice,30,Female,Yes,0.5,No,0,0,0,0,0,2,1,1,0,1,0,1,0,5,0,0,0,0,1,2,1,2,1,0,0,0,Novice,TRUE,0.375,1.25,0
55ad9b,0,Clip11,14.2873,Novice,30,Female,Yes,0.5,No,0,0,0,0,0,2,1,1,0,1,0,1,0,5,0,0,0,0,1,2,1,2,1,0,0,0,Novice,TRUE,0.375,1.25,0
55ad9b,1,Clip05,8.0739,Novice,30,Female,Yes,0.5,No,0,0,0,0,0,2,1,1,0,1,0,1,0,5,0,0,0,0,1,2,1,2,1,0,0,0,Novice,TRUE,0.375,1.25,0
55ad9b,1,Clip37,5.7402,Novice,30,Female,Yes,0.5,No,0,0,0,0,0,2,1,1,0,1,0,1,0,5,0,0,0,0,1,2,1,2,1,0,0,0,Novice,TRUE,0.375,1.25,0
55ad9b,1,Clip03,10.0599,Novice,30,Female,Yes,0.5,No,0,0,0,0,0,2,1,1,0,1,0,1,0,5,0,0,0,0,1,2,1,2,1,0,0,0,Novice,TRUE,0.375,1.25,0
55ad9b,1,Clip15,4.356,Novice,30,Female,Yes,0.5,No,0,0,0,0,0,2,1,1,0,1,0,1,0,5,0,0,0,0,1,2,1,2,1,0,0,0,Novice,TRUE,0.375,1.25,0
55ad9b,1,Clip14,5.3141,Novice,30,Female,Yes,0.5,No,0,0,0,0,0,2,1,1,0,1,0,1,0,5,0,0,0,0,1,2,1,2,1,0,0,0,Novice,TRUE,0.375,1.25,0
55ad9b,1,Clip30,5.2217,Novice,30,Female,Yes,0.5,No,0,0,0,0,0,2,1,1,0,1,0,1,0,5,0,0,0,0,1,2,1,2,1,0,0,0,Novice,TRUE,0.375,1.25,0
55ad9b,1,Clip07,6.4359,Novice,30,Female,Yes,0.5,No,0,0,0,0,0,2,1,1,0,1,0,1,0,5,0,0,0,0,1,2,1,2,1,0,0,0,Novice,TRUE,0.375,1.25,0
55ad9b,0,Clip17,13.499,Novice,30,Female,Yes,0.5,No,0,0,0,0,0,2,1,1,0,1,0,1,0,5,0,0,0,0,1,2,1,2,1,0,0,0,Novice,TRUE,0.375,1.25,0
55ad9b,1,Clip04,6.3161,Novice,30,Female,Yes,0.5,No,0,0,0,0,0,2,1,1,0,1,0,1,0,5,0,0,0,0,1,2,1,2,1,0,0,0,Novice,TRUE,0.375,1.25,0
55ad9b,1,Clip08,6.6261,Novice,30,Female,Yes,0.5,No,0,0,0,0,0,2,1,1,0,1,0,1,0,5,0,0,0,0,1,2,1,2,1,0,0,0,Novice,TRUE,0.375,1.25,0
55ad9b,1,Clip06,4.7186,Novice,30,Female,Yes,0.5,No,0,0,0,0,0,2,1,1,0,1,0,1,0,5,0,0,0,0,1,2,1,2,1,0,0,0,Novice,TRUE,0.375,1.25,0
55ad9b,1,Clip02,4.3883,Novice,30,Female,Yes,0.5,No,0,0,0,0,0,2,1,1,0,1,0,1,0,5,0,0,0,0,1,2,1,2,1,0,0,0,Novice,TRUE,0.375,1.25,0
55ad9b,0,Clip32,7.2381,Novice,30,Female,Yes,0.5,No,0,0,0,0,0,2,1,1,0,1,0,1,0,5,0,0,0,0,1,2,1,2,1,0,0,0,Novice,TRUE,0.375,1.25,0
55ad9b,0,Clip24,9.4702,Novice,30,Female,Yes,0.5,No,0,0,0,0,0,2,1,1,0,1,0,1,0,5,0,0,0,0,1,2,1,2,1,0,0,0,Novice,TRUE,0.375,1.25,0
55ad9b,1,Clip35,9.3123,Novice,30,Female,Yes,0.5,No,0,0,0,0,0,2,1,1,0,1,0,1,0,5,0,0,0,0,1,2,1,2,1,0,0,0,Novice,TRUE,0.375,1.25,0
55ad9b,1,Clip29,5.5654,Novice,30,Female,Yes,0.5,No,0,0,0,0,0,2,1,1,0,1,0,1,0,5,0,0,0,0,1,2,1,2,1,0,0,0,Novice,TRUE,0.375,1.25,0
55ad9b,1,Clip01,3.8572,Novice,30,Female,Yes,0.5,No,0,0,0,0,0,2,1,1,0,1,0,1,0,5,0,0,0,0,1,2,1,2,1,0,0,0,Novice,TRUE,0.375,1.25,0
55ad9b,1,Clip36,4.6404,Novice,30,Female,Yes,0.5,No,0,0,0,0,0,2,1,1,0,1,0,1,0,5,0,0,0,0,1,2,1,2,1,0,0,0,Novice,TRUE,0.375,1.25,0
55ad9b,0,Clip20,10.3932,Novice,30,Female,Yes,0.5,No,0,0,0,0,0,2,1,1,0,1,0,1,0,5,0,0,0,0,1,2,1,2,1,0,0,0,Novice,TRUE,0.375,1.25,0
55ad9b,1,Clip09,4.7383,Novice,30,Female,Yes,0.5,No,0,0,0,0,0,2,1,1,0,1,0,1,0,5,0,0,0,0,1,2,1,2,1,0,0,0,Novice,TRUE,0.375,1.25,0
55ad9b,0,Clip39,4.7405,Novice,30,Female,Yes,0.5,No,0,0,0,0,0,2,1,1,0,1,0,1,0,5,0,0,0,0,1,2,1,2,1,0,0,0,Novice,TRUE,0.375,1.25,0
55ad9b,1,Clip12,9.5738,Novice,30,Female,Yes,0.5,No,0,0,0,0,0,2,1,1,0,1,0,1,0,5,0,0,0,0,1,2,1,2,1,0,0,0,Novice,TRUE,0.375,1.25,0
55ad9b,0,Clip16,18.389,Novice,30,Female,Yes,0.5,No,0,0,0,0,0,2,1,1,0,1,0,1,0,5,0,0,0,0,1,2,1,2,1,0,0,0,Novice,TRUE,0.375,1.25,0
55ad9b,1,Clip19,2.8146,Novice,30,Female,Yes,0.5,No,0,0,0,0,0,2,1,1,0,1,0,1,0,5,0,0,0,0,1,2,1,2,1,0,0,0,Novice,TRUE,0.375,1.25,0
55ad9b,1,Clip31,2.2215,Novice,30,Female,Yes,0.5,No,0,0,0,0,0,2,1,1,0,1,0,1,0,5,0,0,0,0,1,2,1,2,1,0,0,0,Novice,TRUE,0.375,1.25,0
55ad9b,1,Clip10,5.4039,Novice,30,Female,Yes,0.5,No,0,0,0,0,0,2,1,1,0,1,0,1,0,5,0,0,0,0,1,2,1,2,1,0,0,0,Novice,TRUE,0.375,1.25,0
55ad9b,1,Clip27,7.2572,Novice,30,Female,Yes,0.5,No,0,0,0,0,0,2,1,1,0,1,0,1,0,5,0,0,0,0,1,2,1,2,1,0,0,0,Novice,TRUE,0.375,1.25,0
55ad9b,1,Clip13,4.525,Novice,30,Female,Yes,0.5,No,0,0,0,0,0,2,1,1,0,1,0,1,0,5,0,0,0,0,1,2,1,2,1,0,0,0,Novice,TRUE,0.375,1.25,0
55ad9b,1,Clip40,6.0871,Novice,30,Female,Yes,0.5,No,0,0,0,0,0,2,1,1,0,1,0,1,0,5,0,0,0,0,1,2,1,2,1,0,0,0,Novice,TRUE,0.375,1.25,0
55ad9b,0,Clip38,8.9105,Novice,30,Female,Yes,0.5,No,0,0,0,0,0,2,1,1,0,1,0,1,0,5,0,0,0,0,1,2,1,2,1,0,0,0,Novice,TRUE,0.375,1.25,0
55ad9b,1,Clip28,3.3716,Novice,30,Female,Yes,0.5,No,0,0,0,0,0,2,1,1,0,1,0,1,0,5,0,0,0,0,1,2,1,2,1,0,0,0,Novice,TRUE,0.375,1.25,0
63fc84,0,Clip22,7.7666,Novice,24,Male,No,0,No,NA,0,0,0,0,1,2,2,1,0,0,1,0,5,0,0,0,0,0,0,0,1,0,0,0,0,Novice,TRUE,0,0.875,0.142857143
63fc84,0,Clip38,6.9276,Novice,24,Male,No,0,No,NA,0,0,0,0,1,2,2,1,0,0,1,0,5,0,0,0,0,0,0,0,1,0,0,0,0,Novice,TRUE,0,0.875,0.142857143
63fc84,0,Clip03,9.7463,Novice,24,Male,No,0,No,NA,0,0,0,0,1,2,2,1,0,0,1,0,5,0,0,0,0,0,0,0,1,0,0,0,0,Novice,TRUE,0,0.875,0.142857143
63fc84,1,Clip17,14.5347,Novice,24,Male,No,0,No,NA,0,0,0,0,1,2,2,1,0,0,1,0,5,0,0,0,0,0,0,0,1,0,0,0,0,Novice,TRUE,0,0.875,0.142857143
63fc84,1,Clip39,9.4065,Novice,24,Male,No,0,No,NA,0,0,0,0,1,2,2,1,0,0,1,0,5,0,0,0,0,0,0,0,1,0,0,0,0,Novice,TRUE,0,0.875,0.142857143
63fc84,0,Clip26,5.612,Novice,24,Male,No,0,No,NA,0,0,0,0,1,2,2,1,0,0,1,0,5,0,0,0,0,0,0,0,1,0,0,0,0,Novice,TRUE,0,0.875,0.142857143
63fc84,1,Clip30,7.1136,Novice,24,Male,No,0,No,NA,0,0,0,0,1,2,2,1,0,0,1,0,5,0,0,0,0,0,0,0,1,0,0,0,0,Novice,TRUE,0,0.875,0.142857143
63fc84,0,Clip09,4.5101,Novice,24,Male,No,0,No,NA,0,0,0,0,1,2,2,1,0,0,1,0,5,0,0,0,0,0,0,0,1,0,0,0,0,Novice,TRUE,0,0.875,0.142857143
63fc84,0,Clip10,7.1343,Novice,24,Male,No,0,No,NA,0,0,0,0,1,2,2,1,0,0,1,0,5,0,0,0,0,0,0,0,1,0,0,0,0,Novice,TRUE,0,0.875,0.142857143
63fc84,0,Clip04,6.7222,Novice,24,Male,No,0,No,NA,0,0,0,0,1,2,2,1,0,0,1,0,5,0,0,0,0,0,0,0,1,0,0,0,0,Novice,TRUE,0,0.875,0.142857143
63fc84,1,Clip06,10.0812,Novice,24,Male,No,0,No,NA,0,0,0,0,1,2,2,1,0,0,1,0,5,0,0,0,0,0,0,0,1,0,0,0,0,Novice,TRUE,0,0.875,0.142857143
63fc84,1,Clip25,3.2107,Novice,24,Male,No,0,No,NA,0,0,0,0,1,2,2,1,0,0,1,0,5,0,0,0,0,0,0,0,1,0,0,0,0,Novice,TRUE,0,0.875,0.142857143
63fc84,1,Clip29,4.6796,Novice,24,Male,No,0,No,NA,0,0,0,0,1,2,2,1,0,0,1,0,5,0,0,0,0,0,0,0,1,0,0,0,0,Novice,TRUE,0,0.875,0.142857143
63fc84,0,Clip13,14.9439,Novice,24,Male,No,0,No,NA,0,0,0,0,1,2,2,1,0,0,1,0,5,0,0,0,0,0,0,0,1,0,0,0,0,Novice,TRUE,0,0.875,0.142857143
63fc84,0,Clip01,4.9768,Novice,24,Male,No,0,No,NA,0,0,0,0,1,2,2,1,0,0,1,0,5,0,0,0,0,0,0,0,1,0,0,0,0,Novice,TRUE,0,0.875,0.142857143
63fc84,1,Clip02,3.7902,Novice,24,Male,No,0,No,NA,0,0,0,0,1,2,2,1,0,0,1,0,5,0,0,0,0,0,0,0,1,0,0,0,0,Novice,TRUE,0,0.875,0.142857143
63fc84,1,Clip21,8.3868,Novice,24,Male,No,0,No,NA,0,0,0,0,1,2,2,1,0,0,1,0,5,0,0,0,0,0,0,0,1,0,0,0,0,Novice,TRUE,0,0.875,0.142857143
63fc84,1,Clip19,7.9875,Novice,24,Male,No,0,No,NA,0,0,0,0,1,2,2,1,0,0,1,0,5,0,0,0,0,0,0,0,1,0,0,0,0,Novice,TRUE,0,0.875,0.142857143
63fc84,1,Clip37,5.0027,Novice,24,Male,No,0,No,NA,0,0,0,0,1,2,2,1,0,0,1,0,5,0,0,0,0,0,0,0,1,0,0,0,0,Novice,TRUE,0,0.875,0.142857143
63fc84,1,Clip14,4.5333,Novice,24,Male,No,0,No,NA,0,0,0,0,1,2,2,1,0,0,1,0,5,0,0,0,0,0,0,0,1,0,0,0,0,Novice,TRUE,0,0.875,0.142857143
63fc84,1,Clip28,2.8846,Novice,24,Male,No,0,No,NA,0,0,0,0,1,2,2,1,0,0,1,0,5,0,0,0,0,0,0,0,1,0,0,0,0,Novice,TRUE,0,0.875,0.142857143
63fc84,1,Clip35,10.5479,Novice,24,Male,No,0,No,NA,0,0,0,0,1,2,2,1,0,0,1,0,5,0,0,0,0,0,0,0,1,0,0,0,0,Novice,TRUE,0,0.875,0.142857143
63fc84,1,Clip36,8.4152,Novice,24,Male,No,0,No,NA,0,0,0,0,1,2,2,1,0,0,1,0,5,0,0,0,0,0,0,0,1,0,0,0,0,Novice,TRUE,0,0.875,0.142857143
63fc84,1,Clip08,11.1129,Novice,24,Male,No,0,No,NA,0,0,0,0,1,2,2,1,0,0,1,0,5,0,0,0,0,0,0,0,1,0,0,0,0,Novice,TRUE,0,0.875,0.142857143
63fc84,1,Clip40,4.7805,Novice,24,Male,No,0,No,NA,0,0,0,0,1,2,2,1,0,0,1,0,5,0,0,0,0,0,0,0,1,0,0,0,0,Novice,TRUE,0,0.875,0.142857143
63fc84,1,Clip15,8.5606,Novice,24,Male,No,0,No,NA,0,0,0,0,1,2,2,1,0,0,1,0,5,0,0,0,0,0,0,0,1,0,0,0,0,Novice,TRUE,0,0.875,0.142857143
63fc84,1,Clip05,5.1499,Novice,24,Male,No,0,No,NA,0,0,0,0,1,2,2,1,0,0,1,0,5,0,0,0,0,0,0,0,1,0,0,0,0,Novice,TRUE,0,0.875,0.142857143
63fc84,1,Clip16,18.9177,Novice,24,Male,No,0,No,NA,0,0,0,0,1,2,2,1,0,0,1,0,5,0,0,0,0,0,0,0,1,0,0,0,0,Novice,TRUE,0,0.875,0.142857143
63fc84,1,Clip27,5.3507,Novice,24,Male,No,0,No,NA,0,0,0,0,1,2,2,1,0,0,1,0,5,0,0,0,0,0,0,0,1,0,0,0,0,Novice,TRUE,0,0.875,0.142857143
63fc84,1,Clip11,15.6842,Novice,24,Male,No,0,No,NA,0,0,0,0,1,2,2,1,0,0,1,0,5,0,0,0,0,0,0,0,1,0,0,0,0,Novice,TRUE,0,0.875,0.142857143
63fc84,0,Clip23,16.1536,Novice,24,Male,No,0,No,NA,0,0,0,0,1,2,2,1,0,0,1,0,5,0,0,0,0,0,0,0,1,0,0,0,0,Novice,TRUE,0,0.875,0.142857143
63fc84,1,Clip32,8.36,Novice,24,Male,No,0,No,NA,0,0,0,0,1,2,2,1,0,0,1,0,5,0,0,0,0,0,0,0,1,0,0,0,0,Novice,TRUE,0,0.875,0.142857143
63fc84,0,Clip33,8.9628,Novice,24,Male,No,0,No,NA,0,0,0,0,1,2,2,1,0,0,1,0,5,0,0,0,0,0,0,0,1,0,0,0,0,Novice,TRUE,0,0.875,0.142857143
63fc84,1,Clip18,9.2456,Novice,24,Male,No,0,No,NA,0,0,0,0,1,2,2,1,0,0,1,0,5,0,0,0,0,0,0,0,1,0,0,0,0,Novice,TRUE,0,0.875,0.142857143
63fc84,1,Clip34,4.2617,Novice,24,Male,No,0,No,NA,0,0,0,0,1,2,2,1,0,0,1,0,5,0,0,0,0,0,0,0,1,0,0,0,0,Novice,TRUE,0,0.875,0.142857143
63fc84,0,Clip31,5.4562,Novice,24,Male,No,0,No,NA,0,0,0,0,1,2,2,1,0,0,1,0,5,0,0,0,0,0,0,0,1,0,0,0,0,Novice,TRUE,0,0.875,0.142857143
63fc84,0,Clip24,35.2945,Novice,24,Male,No,0,No,NA,0,0,0,0,1,2,2,1,0,0,1,0,5,0,0,0,0,0,0,0,1,0,0,0,0,Novice,TRUE,0,0.875,0.142857143
63fc84,0,Clip07,8.1938,Novice,24,Male,No,0,No,NA,0,0,0,0,1,2,2,1,0,0,1,0,5,0,0,0,0,0,0,0,1,0,0,0,0,Novice,TRUE,0,0.875,0.142857143
63fc84,0,Clip12,36.2434,Novice,24,Male,No,0,No,NA,0,0,0,0,1,2,2,1,0,0,1,0,5,0,0,0,0,0,0,0,1,0,0,0,0,Novice,TRUE,0,0.875,0.142857143
63fc84,0,Clip20,4.692,Novice,24,Male,No,0,No,NA,0,0,0,0,1,2,2,1,0,0,1,0,5,0,0,0,0,0,0,0,1,0,0,0,0,Novice,TRUE,0,0.875,0.142857143
619f02,1,Clip11,21.7394,Novice,32,Female,No,1,No,0,0,0,0,0,0,0,0,1,0,0,1,0,5,0,0,0,0,0,0,0,1,0,0,0,1,Novice,TRUE,0.125,0.25,0.142857143
619f02,1,Clip23,8.5183,Novice,32,Female,No,1,No,0,0,0,0,0,0,0,0,1,0,0,1,0,5,0,0,0,0,0,0,0,1,0,0,0,1,Novice,TRUE,0.125,0.25,0.142857143
619f02,0,Clip04,17.4659,Novice,32,Female,No,1,No,0,0,0,0,0,0,0,0,1,0,0,1,0,5,0,0,0,0,0,0,0,1,0,0,0,1,Novice,TRUE,0.125,0.25,0.142857143
619f02,1,Clip06,8.9195,Novice,32,Female,No,1,No,0,0,0,0,0,0,0,0,1,0,0,1,0,5,0,0,0,0,0,0,0,1,0,0,0,1,Novice,TRUE,0.125,0.25,0.142857143
619f02,0,Clip28,16.7409,Novice,32,Female,No,1,No,0,0,0,0,0,0,0,0,1,0,0,1,0,5,0,0,0,0,0,0,0,1,0,0,0,1,Novice,TRUE,0.125,0.25,0.142857143
619f02,0,Clip22,11.1385,Novice,32,Female,No,1,No,0,0,0,0,0,0,0,0,1,0,0,1,0,5,0,0,0,0,0,0,0,1,0,0,0,1,Novice,TRUE,0.125,0.25,0.142857143
619f02,0,Clip16,11.9662,Novice,32,Female,No,1,No,0,0,0,0,0,0,0,0,1,0,0,1,0,5,0,0,0,0,0,0,0,1,0,0,0,1,Novice,TRUE,0.125,0.25,0.142857143
619f02,1,Clip26,5.9844,Novice,32,Female,No,1,No,0,0,0,0,0,0,0,0,1,0,0,1,0,5,0,0,0,0,0,0,0,1,0,0,0,1,Novice,TRUE,0.125,0.25,0.142857143
619f02,0,Clip33,9.7625,Novice,32,Female,No,1,No,0,0,0,0,0,0,0,0,1,0,0,1,0,5,0,0,0,0,0,0,0,1,0,0,0,1,Novice,TRUE,0.125,0.25,0.142857143
619f02,1,Clip40,5.7423,Novice,32,Female,No,1,No,0,0,0,0,0,0,0,0,1,0,0,1,0,5,0,0,0,0,0,0,0,1,0,0,0,1,Novice,TRUE,0.125,0.25,0.142857143
619f02,0,Clip35,19.5898,Novice,32,Female,No,1,No,0,0,0,0,0,0,0,0,1,0,0,1,0,5,0,0,0,0,0,0,0,1,0,0,0,1,Novice,TRUE,0.125,0.25,0.142857143
619f02,0,Clip05,33.5303,Novice,32,Female,No,1,No,0,0,0,0,0,0,0,0,1,0,0,1,0,5,0,0,0,0,0,0,0,1,0,0,0,1,Novice,TRUE,0.125,0.25,0.142857143
619f02,1,Clip10,10.501,Novice,32,Female,No,1,No,0,0,0,0,0,0,0,0,1,0,0,1,0,5,0,0,0,0,0,0,0,1,0,0,0,1,Novice,TRUE,0.125,0.25,0.142857143
619f02,1,Clip25,4.7249,Novice,32,Female,No,1,No,0,0,0,0,0,0,0,0,1,0,0,1,0,5,0,0,0,0,0,0,0,1,0,0,0,1,Novice,TRUE,0.125,0.25,0.142857143
619f02,1,Clip17,6.9642,Novice,32,Female,No,1,No,0,0,0,0,0,0,0,0,1,0,0,1,0,5,0,0,0,0,0,0,0,1,0,0,0,1,Novice,TRUE,0.125,0.25,0.142857143
619f02,1,Clip07,15.4316,Novice,32,Female,No,1,No,0,0,0,0,0,0,0,0,1,0,0,1,0,5,0,0,0,0,0,0,0,1,0,0,0,1,Novice,TRUE,0.125,0.25,0.142857143
619f02,1,Clip30,7.5855,Novice,32,Female,No,1,No,0,0,0,0,0,0,0,0,1,0,0,1,0,5,0,0,0,0,0,0,0,1,0,0,0,1,Novice,TRUE,0.125,0.25,0.142857143
619f02,1,Clip13,6.4232,Novice,32,Female,No,1,No,0,0,0,0,0,0,0,0,1,0,0,1,0,5,0,0,0,0,0,0,0,1,0,0,0,1,Novice,TRUE,0.125,0.25,0.142857143
619f02,1,Clip08,14.5775,Novice,32,Female,No,1,No,0,0,0,0,0,0,0,0,1,0,0,1,0,5,0,0,0,0,0,0,0,1,0,0,0,1,Novice,TRUE,0.125,0.25,0.142857143
619f02,0,Clip24,14.5583,Novice,32,Female,No,1,No,0,0,0,0,0,0,0,0,1,0,0,1,0,5,0,0,0,0,0,0,0,1,0,0,0,1,Novice,TRUE,0.125,0.25,0.142857143
619f02,1,Clip39,5.2352,Novice,32,Female,No,1,No,0,0,0,0,0,0,0,0,1,0,0,1,0,5,0,0,0,0,0,0,0,1,0,0,0,1,Novice,TRUE,0.125,0.25,0.142857143
619f02,0,Clip01,45.3928,Novice,32,Female,No,1,No,0,0,0,0,0,0,0,0,1,0,0,1,0,5,0,0,0,0,0,0,0,1,0,0,0,1,Novice,TRUE,0.125,0.25,0.142857143
619f02,1,Clip37,5.3373,Novice,32,Female,No,1,No,0,0,0,0,0,0,0,0,1,0,0,1,0,5,0,0,0,0,0,0,0,1,0,0,0,1,Novice,TRUE,0.125,0.25,0.142857143
619f02,1,Clip36,3.5102,Novice,32,Female,No,1,No,0,0,0,0,0,0,0,0,1,0,0,1,0,5,0,0,0,0,0,0,0,1,0,0,0,1,Novice,TRUE,0.125,0.25,0.142857143
619f02,0,Clip32,29.1082,Novice,32,Female,No,1,No,0,0,0,0,0,0,0,0,1,0,0,1,0,5,0,0,0,0,0,0,0,1,0,0,0,1,Novice,TRUE,0.125,0.25,0.142857143
619f02,1,Clip29,7.4757,Novice,32,Female,No,1,No,0,0,0,0,0,0,0,0,1,0,0,1,0,5,0,0,0,0,0,0,0,1,0,0,0,1,Novice,TRUE,0.125,0.25,0.142857143
619f02,1,Clip27,8.8655,Novice,32,Female,No,1,No,0,0,0,0,0,0,0,0,1,0,0,1,0,5,0,0,0,0,0,0,0,1,0,0,0,1,Novice,TRUE,0.125,0.25,0.142857143
619f02,0,Clip21,5.8467,Novice,32,Female,No,1,No,0,0,0,0,0,0,0,0,1,0,0,1,0,5,0,0,0,0,0,0,0,1,0,0,0,1,Novice,TRUE,0.125,0.25,0.142857143
619f02,0,Clip34,9.8357,Novice,32,Female,No,1,No,0,0,0,0,0,0,0,0,1,0,0,1,0,5,0,0,0,0,0,0,0,1,0,0,0,1,Novice,TRUE,0.125,0.25,0.142857143
619f02,0,Clip09,16.3326,Novice,32,Female,No,1,No,0,0,0,0,0,0,0,0,1,0,0,1,0,5,0,0,0,0,0,0,0,1,0,0,0,1,Novice,TRUE,0.125,0.25,0.142857143
619f02,1,Clip02,7.2482,Novice,32,Female,No,1,No,0,0,0,0,0,0,0,0,1,0,0,1,0,5,0,0,0,0,0,0,0,1,0,0,0,1,Novice,TRUE,0.125,0.25,0.142857143
619f02,1,Clip19,6.4735,Novice,32,Female,No,1,No,0,0,0,0,0,0,0,0,1,0,0,1,0,5,0,0,0,0,0,0,0,1,0,0,0,1,Novice,TRUE,0.125,0.25,0.142857143
619f02,1,Clip18,7.7611,Novice,32,Female,No,1,No,0,0,0,0,0,0,0,0,1,0,0,1,0,5,0,0,0,0,0,0,0,1,0,0,0,1,Novice,TRUE,0.125,0.25,0.142857143
619f02,0,Clip14,15.6478,Novice,32,Female,No,1,No,0,0,0,0,0,0,0,0,1,0,0,1,0,5,0,0,0,0,0,0,0,1,0,0,0,1,Novice,TRUE,0.125,0.25,0.142857143
619f02,0,Clip20,10.2658,Novice,32,Female,No,1,No,0,0,0,0,0,0,0,0,1,0,0,1,0,5,0,0,0,0,0,0,0,1,0,0,0,1,Novice,TRUE,0.125,0.25,0.142857143
619f02,1,Clip12,13.7773,Novice,32,Female,No,1,No,0,0,0,0,0,0,0,0,1,0,0,1,0,5,0,0,0,0,0,0,0,1,0,0,0,1,Novice,TRUE,0.125,0.25,0.142857143
619f02,1,Clip15,5.9555,Novice,32,Female,No,1,No,0,0,0,0,0,0,0,0,1,0,0,1,0,5,0,0,0,0,0,0,0,1,0,0,0,1,Novice,TRUE,0.125,0.25,0.142857143
619f02,1,Clip31,5.4719,Novice,32,Female,No,1,No,0,0,0,0,0,0,0,0,1,0,0,1,0,5,0,0,0,0,0,0,0,1,0,0,0,1,Novice,TRUE,0.125,0.25,0.142857143
619f02,0,Clip38,7.3879,Novice,32,Female,No,1,No,0,0,0,0,0,0,0,0,1,0,0,1,0,5,0,0,0,0,0,0,0,1,0,0,0,1,Novice,TRUE,0.125,0.25,0.142857143
619f02,0,Clip03,5.8085,Novice,32,Female,No,1,No,0,0,0,0,0,0,0,0,1,0,0,1,0,5,0,0,0,0,0,0,0,1,0,0,0,1,Novice,TRUE,0.125,0.25,0.142857143
5ece02,0,Clip24,16.1932,Novice,41,Female,No,0,No,0,0,0,0,0,0,0,0,0,0,0,0,0,5,0,0,0,0,0,0,0,0,0,0,0,0,Novice,TRUE,0,0,0
5ece02,1,Clip25,7.4532,Novice,41,Female,No,0,No,0,0,0,0,0,0,0,0,0,0,0,0,0,5,0,0,0,0,0,0,0,0,0,0,0,0,Novice,TRUE,0,0,0
5ece02,1,Clip03,4.1302,Novice,41,Female,No,0,No,0,0,0,0,0,0,0,0,0,0,0,0,0,5,0,0,0,0,0,0,0,0,0,0,0,0,Novice,TRUE,0,0,0
5ece02,0,Clip38,8.3201,Novice,41,Female,No,0,No,0,0,0,0,0,0,0,0,0,0,0,0,0,5,0,0,0,0,0,0,0,0,0,0,0,0,Novice,TRUE,0,0,0
5ece02,1,Clip32,3.2472,Novice,41,Female,No,0,No,0,0,0,0,0,0,0,0,0,0,0,0,0,5,0,0,0,0,0,0,0,0,0,0,0,0,Novice,TRUE,0,0,0
5ece02,1,Clip15,3.0602,Novice,41,Female,No,0,No,0,0,0,0,0,0,0,0,0,0,0,0,0,5,0,0,0,0,0,0,0,0,0,0,0,0,Novice,TRUE,0,0,0
5ece02,1,Clip22,3.8358,Novice,41,Female,No,0,No,0,0,0,0,0,0,0,0,0,0,0,0,0,5,0,0,0,0,0,0,0,0,0,0,0,0,Novice,TRUE,0,0,0
5ece02,1,Clip30,6.2921,Novice,41,Female,No,0,No,0,0,0,0,0,0,0,0,0,0,0,0,0,5,0,0,0,0,0,0,0,0,0,0,0,0,Novice,TRUE,0,0,0
5ece02,0,Clip20,19.3059,Novice,41,Female,No,0,No,0,0,0,0,0,0,0,0,0,0,0,0,0,5,0,0,0,0,0,0,0,0,0,0,0,0,Novice,TRUE,0,0,0
5ece02,0,Clip13,18.2615,Novice,41,Female,No,0,No,0,0,0,0,0,0,0,0,0,0,0,0,0,5,0,0,0,0,0,0,0,0,0,0,0,0,Novice,TRUE,0,0,0
5ece02,1,Clip12,7.3334,Novice,41,Female,No,0,No,0,0,0,0,0,0,0,0,0,0,0,0,0,5,0,0,0,0,0,0,0,0,0,0,0,0,Novice,TRUE,0,0,0
5ece02,1,Clip23,2.8513,Novice,41,Female,No,0,No,0,0,0,0,0,0,0,0,0,0,0,0,0,5,0,0,0,0,0,0,0,0,0,0,0,0,Novice,TRUE,0,0,0
5ece02,1,Clip19,2.2545,Novice,41,Female,No,0,No,0,0,0,0,0,0,0,0,0,0,0,0,0,5,0,0,0,0,0,0,0,0,0,0,0,0,Novice,TRUE,0,0,0
5ece02,0,Clip08,13.1102,Novice,41,Female,No,0,No,0,0,0,0,0,0,0,0,0,0,0,0,0,5,0,0,0,0,0,0,0,0,0,0,0,0,Novice,TRUE,0,0,0
5ece02,1,Clip21,5.3018,Novice,41,Female,No,0,No,0,0,0,0,0,0,0,0,0,0,0,0,0,5,0,0,0,0,0,0,0,0,0,0,0,0,Novice,TRUE,0,0,0
5ece02,0,Clip36,11.0002,Novice,41,Female,No,0,No,0,0,0,0,0,0,0,0,0,0,0,0,0,5,0,0,0,0,0,0,0,0,0,0,0,0,Novice,TRUE,0,0,0
5ece02,1,Clip18,7.8051,Novice,41,Female,No,0,No,0,0,0,0,0,0,0,0,0,0,0,0,0,5,0,0,0,0,0,0,0,0,0,0,0,0,Novice,TRUE,0,0,0
5ece02,1,Clip26,2.5205,Novice,41,Female,No,0,No,0,0,0,0,0,0,0,0,0,0,0,0,0,5,0,0,0,0,0,0,0,0,0,0,0,0,Novice,TRUE,0,0,0
5ece02,1,Clip09,5.5148,Novice,41,Female,No,0,No,0,0,0,0,0,0,0,0,0,0,0,0,0,5,0,0,0,0,0,0,0,0,0,0,0,0,Novice,TRUE,0,0,0
5ece02,1,Clip27,6.3396,Novice,41,Female,No,0,No,0,0,0,0,0,0,0,0,0,0,0,0,0,5,0,0,0,0,0,0,0,0,0,0,0,0,Novice,TRUE,0,0,0
5ece02,1,Clip16,7.0257,Novice,41,Female,No,0,No,0,0,0,0,0,0,0,0,0,0,0,0,0,5,0,0,0,0,0,0,0,0,0,0,0,0,Novice,TRUE,0,0,0
5ece02,1,Clip29,3.0349,Novice,41,Female,No,0,No,0,0,0,0,0,0,0,0,0,0,0,0,0,5,0,0,0,0,0,0,0,0,0,0,0,0,Novice,TRUE,0,0,0
5ece02,1,Clip35,3.4125,Novice,41,Female,No,0,No,0,0,0,0,0,0,0,0,0,0,0,0,0,5,0,0,0,0,0,0,0,0,0,0,0,0,Novice,TRUE,0,0,0
5ece02,1,Clip17,3.1693,Novice,41,Female,No,0,No,0,0,0,0,0,0,0,0,0,0,0,0,0,5,0,0,0,0,0,0,0,0,0,0,0,0,Novice,TRUE,0,0,0
5ece02,1,Clip39,6.8297,Novice,41,Female,No,0,No,0,0,0,0,0,0,0,0,0,0,0,0,0,5,0,0,0,0,0,0,0,0,0,0,0,0,Novice,TRUE,0,0,0
5ece02,1,Clip06,2.1641,Novice,41,Female,No,0,No,0,0,0,0,0,0,0,0,0,0,0,0,0,5,0,0,0,0,0,0,0,0,0,0,0,0,Novice,TRUE,0,0,0
5ece02,1,Clip04,2.418,Novice,41,Female,No,0,No,0,0,0,0,0,0,0,0,0,0,0,0,0,5,0,0,0,0,0,0,0,0,0,0,0,0,Novice,TRUE,0,0,0
5ece02,1,Clip10,3.0548,Novice,41,Female,No,0,No,0,0,0,0,0,0,0,0,0,0,0,0,0,5,0,0,0,0,0,0,0,0,0,0,0,0,Novice,TRUE,0,0,0
5ece02,1,Clip34,7.4939,Novice,41,Female,No,0,No,0,0,0,0,0,0,0,0,0,0,0,0,0,5,0,0,0,0,0,0,0,0,0,0,0,0,Novice,TRUE,0,0,0
5ece02,1,Clip40,4.9691,Novice,41,Female,No,0,No,0,0,0,0,0,0,0,0,0,0,0,0,0,5,0,0,0,0,0,0,0,0,0,0,0,0,Novice,TRUE,0,0,0
5ece02,1,Clip01,6.6879,Novice,41,Female,No,0,No,0,0,0,0,0,0,0,0,0,0,0,0,0,5,0,0,0,0,0,0,0,0,0,0,0,0,Novice,TRUE,0,0,0
5ece02,1,Clip37,2.1265,Novice,41,Female,No,0,No,0,0,0,0,0,0,0,0,0,0,0,0,0,5,0,0,0,0,0,0,0,0,0,0,0,0,Novice,TRUE,0,0,0
5ece02,1,Clip31,1.9945,Novice,41,Female,No,0,No,0,0,0,0,0,0,0,0,0,0,0,0,0,5,0,0,0,0,0,0,0,0,0,0,0,0,Novice,TRUE,0,0,0
5ece02,1,Clip11,6.1931,Novice,41,Female,No,0,No,0,0,0,0,0,0,0,0,0,0,0,0,0,5,0,0,0,0,0,0,0,0,0,0,0,0,Novice,TRUE,0,0,0
5ece02,1,Clip02,2.5029,Novice,41,Female,No,0,No,0,0,0,0,0,0,0,0,0,0,0,0,0,5,0,0,0,0,0,0,0,0,0,0,0,0,Novice,TRUE,0,0,0
5ece02,1,Clip28,3.119,Novice,41,Female,No,0,No,0,0,0,0,0,0,0,0,0,0,0,0,0,5,0,0,0,0,0,0,0,0,0,0,0,0,Novice,TRUE,0,0,0
5ece02,1,Clip14,3.8099,Novice,41,Female,No,0,No,0,0,0,0,0,0,0,0,0,0,0,0,0,5,0,0,0,0,0,0,0,0,0,0,0,0,Novice,TRUE,0,0,0
5ece02,0,Clip07,8.9334,Novice,41,Female,No,0,No,0,0,0,0,0,0,0,0,0,0,0,0,0,5,0,0,0,0,0,0,0,0,0,0,0,0,Novice,TRUE,0,0,0
5ece02,1,Clip05,4.2507,Novice,41,Female,No,0,No,0,0,0,0,0,0,0,0,0,0,0,0,0,5,0,0,0,0,0,0,0,0,0,0,0,0,Novice,TRUE,0,0,0
5ece02,1,Clip33,6.0852,Novice,41,Female,No,0,No,0,0,0,0,0,0,0,0,0,0,0,0,0,5,0,0,0,0,0,0,0,0,0,0,0,0,Novice,TRUE,0,0,0
5e9aca,1,Clip16,4.6522,Novice,29,Female,No,0.75,No,0,2,0,0,0,3,2,3,1,3,0,1,0,5,0,1,0,1,1,1,0,0,1,2,2,1,Novice,TRUE,1,1.5,0.571428571
5e9aca,1,Clip07,5.2501,Novice,29,Female,No,0.75,No,0,2,0,0,0,3,2,3,1,3,0,1,0,5,0,1,0,1,1,1,0,0,1,2,2,1,Novice,TRUE,1,1.5,0.571428571
5e9aca,0,Clip10,5.7329,Novice,29,Female,No,0.75,No,0,2,0,0,0,3,2,3,1,3,0,1,0,5,0,1,0,1,1,1,0,0,1,2,2,1,Novice,TRUE,1,1.5,0.571428571
5e9aca,0,Clip01,5.2302,Novice,29,Female,No,0.75,No,0,2,0,0,0,3,2,3,1,3,0,1,0,5,0,1,0,1,1,1,0,0,1,2,2,1,Novice,TRUE,1,1.5,0.571428571
5e9aca,1,Clip37,2.5593,Novice,29,Female,No,0.75,No,0,2,0,0,0,3,2,3,1,3,0,1,0,5,0,1,0,1,1,1,0,0,1,2,2,1,Novice,TRUE,1,1.5,0.571428571
5e9aca,1,Clip36,2.1526,Novice,29,Female,No,0.75,No,0,2,0,0,0,3,2,3,1,3,0,1,0,5,0,1,0,1,1,1,0,0,1,2,2,1,Novice,TRUE,1,1.5,0.571428571
5e9aca,1,Clip05,4.2805,Novice,29,Female,No,0.75,No,0,2,0,0,0,3,2,3,1,3,0,1,0,5,0,1,0,1,1,1,0,0,1,2,2,1,Novice,TRUE,1,1.5,0.571428571
5e9aca,0,Clip15,3.7006,Novice,29,Female,No,0.75,No,0,2,0,0,0,3,2,3,1,3,0,1,0,5,0,1,0,1,1,1,0,0,1,2,2,1,Novice,TRUE,1,1.5,0.571428571
5e9aca,1,Clip30,4.2314,Novice,29,Female,No,0.75,No,0,2,0,0,0,3,2,3,1,3,0,1,0,5,0,1,0,1,1,1,0,0,1,2,2,1,Novice,TRUE,1,1.5,0.571428571
5e9aca,1,Clip11,9.3086,Novice,29,Female,No,0.75,No,0,2,0,0,0,3,2,3,1,3,0,1,0,5,0,1,0,1,1,1,0,0,1,2,2,1,Novice,TRUE,1,1.5,0.571428571
5e9aca,1,Clip12,7.8595,Novice,29,Female,No,0.75,No,0,2,0,0,0,3,2,3,1,3,0,1,0,5,0,1,0,1,1,1,0,0,1,2,2,1,Novice,TRUE,1,1.5,0.571428571
5e9aca,1,Clip23,2.1488,Novice,29,Female,No,0.75,No,0,2,0,0,0,3,2,3,1,3,0,1,0,5,0,1,0,1,1,1,0,0,1,2,2,1,Novice,TRUE,1,1.5,0.571428571
5e9aca,0,Clip14,5.8027,Novice,29,Female,No,0.75,No,0,2,0,0,0,3,2,3,1,3,0,1,0,5,0,1,0,1,1,1,0,0,1,2,2,1,Novice,TRUE,1,1.5,0.571428571
5e9aca,1,Clip33,2.1632,Novice,29,Female,No,0.75,No,0,2,0,0,0,3,2,3,1,3,0,1,0,5,0,1,0,1,1,1,0,0,1,2,2,1,Novice,TRUE,1,1.5,0.571428571
5e9aca,0,Clip21,2.3941,Novice,29,Female,No,0.75,No,0,2,0,0,0,3,2,3,1,3,0,1,0,5,0,1,0,1,1,1,0,0,1,2,2,1,Novice,TRUE,1,1.5,0.571428571
5e9aca,0,Clip24,3.0137,Novice,29,Female,No,0.75,No,0,2,0,0,0,3,2,3,1,3,0,1,0,5,0,1,0,1,1,1,0,0,1,2,2,1,Novice,TRUE,1,1.5,0.571428571
5e9aca,1,Clip22,3.611,Novice,29,Female,No,0.75,No,0,2,0,0,0,3,2,3,1,3,0,1,0,5,0,1,0,1,1,1,0,0,1,2,2,1,Novice,TRUE,1,1.5,0.571428571
5e9aca,1,Clip20,1.6564,Novice,29,Female,No,0.75,No,0,2,0,0,0,3,2,3,1,3,0,1,0,5,0,1,0,1,1,1,0,0,1,2,2,1,Novice,TRUE,1,1.5,0.571428571
5e9aca,0,Clip13,1.9989,Novice,29,Female,No,0.75,No,0,2,0,0,0,3,2,3,1,3,0,1,0,5,0,1,0,1,1,1,0,0,1,2,2,1,Novice,TRUE,1,1.5,0.571428571
5e9aca,0,Clip03,3.6678,Novice,29,Female,No,0.75,No,0,2,0,0,0,3,2,3,1,3,0,1,0,5,0,1,0,1,1,1,0,0,1,2,2,1,Novice,TRUE,1,1.5,0.571428571
5e9aca,1,Clip17,4.0993,Novice,29,Female,No,0.75,No,0,2,0,0,0,3,2,3,1,3,0,1,0,5,0,1,0,1,1,1,0,0,1,2,2,1,Novice,TRUE,1,1.5,0.571428571
5e9aca,1,Clip35,6.6801,Novice,29,Female,No,0.75,No,0,2,0,0,0,3,2,3,1,3,0,1,0,5,0,1,0,1,1,1,0,0,1,2,2,1,Novice,TRUE,1,1.5,0.571428571
5e9aca,1,Clip09,8.005,Novice,29,Female,No,0.75,No,0,2,0,0,0,3,2,3,1,3,0,1,0,5,0,1,0,1,1,1,0,0,1,2,2,1,Novice,TRUE,1,1.5,0.571428571
5e9aca,0,Clip34,8.1947,Novice,29,Female,No,0.75,No,0,2,0,0,0,3,2,3,1,3,0,1,0,5,0,1,0,1,1,1,0,0,1,2,2,1,Novice,TRUE,1,1.5,0.571428571
5e9aca,1,Clip29,2.302,Novice,29,Female,No,0.75,No,0,2,0,0,0,3,2,3,1,3,0,1,0,5,0,1,0,1,1,1,0,0,1,2,2,1,Novice,TRUE,1,1.5,0.571428571
5e9aca,0,Clip39,13.2086,Novice,29,Female,No,0.75,No,0,2,0,0,0,3,2,3,1,3,0,1,0,5,0,1,0,1,1,1,0,0,1,2,2,1,Novice,TRUE,1,1.5,0.571428571
5e9aca,1,Clip08,8.4051,Novice,29,Female,No,0.75,No,0,2,0,0,0,3,2,3,1,3,0,1,0,5,0,1,0,1,1,1,0,0,1,2,2,1,Novice,TRUE,1,1.5,0.571428571
5e9aca,1,Clip18,3.8274,Novice,29,Female,No,0.75,No,0,2,0,0,0,3,2,3,1,3,0,1,0,5,0,1,0,1,1,1,0,0,1,2,2,1,Novice,TRUE,1,1.5,0.571428571
5e9aca,0,Clip25,8.5871,Novice,29,Female,No,0.75,No,0,2,0,0,0,3,2,3,1,3,0,1,0,5,0,1,0,1,1,1,0,0,1,2,2,1,Novice,TRUE,1,1.5,0.571428571
5e9aca,1,Clip19,4.7498,Novice,29,Female,No,0.75,No,0,2,0,0,0,3,2,3,1,3,0,1,0,5,0,1,0,1,1,1,0,0,1,2,2,1,Novice,TRUE,1,1.5,0.571428571
5e9aca,0,Clip28,1.2219,Novice,29,Female,No,0.75,No,0,2,0,0,0,3,2,3,1,3,0,1,0,5,0,1,0,1,1,1,0,0,1,2,2,1,Novice,TRUE,1,1.5,0.571428571
5e9aca,0,Clip38,11.5908,Novice,29,Female,No,0.75,No,0,2,0,0,0,3,2,3,1,3,0,1,0,5,0,1,0,1,1,1,0,0,1,2,2,1,Novice,TRUE,1,1.5,0.571428571
5e9aca,0,Clip06,3.2119,Novice,29,Female,No,0.75,No,0,2,0,0,0,3,2,3,1,3,0,1,0,5,0,1,0,1,1,1,0,0,1,2,2,1,Novice,TRUE,1,1.5,0.571428571
5e9aca,0,Clip27,8.3966,Novice,29,Female,No,0.75,No,0,2,0,0,0,3,2,3,1,3,0,1,0,5,0,1,0,1,1,1,0,0,1,2,2,1,Novice,TRUE,1,1.5,0.571428571
5e9aca,0,Clip32,2.8191,Novice,29,Female,No,0.75,No,0,2,0,0,0,3,2,3,1,3,0,1,0,5,0,1,0,1,1,1,0,0,1,2,2,1,Novice,TRUE,1,1.5,0.571428571
5e9aca,0,Clip26,6.182,Novice,29,Female,No,0.75,No,0,2,0,0,0,3,2,3,1,3,0,1,0,5,0,1,0,1,1,1,0,0,1,2,2,1,Novice,TRUE,1,1.5,0.571428571
5e9aca,1,Clip02,8.2004,Novice,29,Female,No,0.75,No,0,2,0,0,0,3,2,3,1,3,0,1,0,5,0,1,0,1,1,1,0,0,1,2,2,1,Novice,TRUE,1,1.5,0.571428571
5e9aca,1,Clip04,96.3623,Novice,29,Female,No,0.75,No,0,2,0,0,0,3,2,3,1,3,0,1,0,5,0,1,0,1,1,1,0,0,1,2,2,1,Novice,TRUE,1,1.5,0.571428571
5e9aca,0,Clip40,7.05,Novice,29,Female,No,0.75,No,0,2,0,0,0,3,2,3,1,3,0,1,0,5,0,1,0,1,1,1,0,0,1,2,2,1,Novice,TRUE,1,1.5,0.571428571
5e9aca,1,Clip31,2.1462,Novice,29,Female,No,0.75,No,0,2,0,0,0,3,2,3,1,3,0,1,0,5,0,1,0,1,1,1,0,0,1,2,2,1,Novice,TRUE,1,1.5,0.571428571
5b9052,1,Clip27,8.7479,Novice,24,Male,Yes,0,No,0,0,0,0,0,0,0,0,0,0,0,0,0,5,0,0,0,0,0,0,0,0,0,0,0,0,Novice,TRUE,0,0,0
5b9052,0,Clip28,8.0597,Novice,24,Male,Yes,0,No,0,0,0,0,0,0,0,0,0,0,0,0,0,5,0,0,0,0,0,0,0,0,0,0,0,0,Novice,TRUE,0,0,0
5b9052,1,Clip10,3.6353,Novice,24,Male,Yes,0,No,0,0,0,0,0,0,0,0,0,0,0,0,0,5,0,0,0,0,0,0,0,0,0,0,0,0,Novice,TRUE,0,0,0
5b9052,1,Clip18,4.2906,Novice,24,Male,Yes,0,No,0,0,0,0,0,0,0,0,0,0,0,0,0,5,0,0,0,0,0,0,0,0,0,0,0,0,Novice,TRUE,0,0,0
5b9052,1,Clip04,3.9901,Novice,24,Male,Yes,0,No,0,0,0,0,0,0,0,0,0,0,0,0,0,5,0,0,0,0,0,0,0,0,0,0,0,0,Novice,TRUE,0,0,0
5b9052,1,Clip37,4.9129,Novice,24,Male,Yes,0,No,0,0,0,0,0,0,0,0,0,0,0,0,0,5,0,0,0,0,0,0,0,0,0,0,0,0,Novice,TRUE,0,0,0
5b9052,0,Clip39,3.9758,Novice,24,Male,Yes,0,No,0,0,0,0,0,0,0,0,0,0,0,0,0,5,0,0,0,0,0,0,0,0,0,0,0,0,Novice,TRUE,0,0,0
5b9052,0,Clip11,13.6511,Novice,24,Male,Yes,0,No,0,0,0,0,0,0,0,0,0,0,0,0,0,5,0,0,0,0,0,0,0,0,0,0,0,0,Novice,TRUE,0,0,0
5b9052,0,Clip33,15.1845,Novice,24,Male,Yes,0,No,0,0,0,0,0,0,0,0,0,0,0,0,0,5,0,0,0,0,0,0,0,0,0,0,0,0,Novice,TRUE,0,0,0
5b9052,1,Clip09,5.2883,Novice,24,Male,Yes,0,No,0,0,0,0,0,0,0,0,0,0,0,0,0,5,0,0,0,0,0,0,0,0,0,0,0,0,Novice,TRUE,0,0,0
5b9052,0,Clip05,4.8433,Novice,24,Male,Yes,0,No,0,0,0,0,0,0,0,0,0,0,0,0,0,5,0,0,0,0,0,0,0,0,0,0,0,0,Novice,TRUE,0,0,0
5b9052,1,Clip30,3.1149,Novice,24,Male,Yes,0,No,0,0,0,0,0,0,0,0,0,0,0,0,0,5,0,0,0,0,0,0,0,0,0,0,0,0,Novice,TRUE,0,0,0
5b9052,1,Clip16,13.9466,Novice,24,Male,Yes,0,No,0,0,0,0,0,0,0,0,0,0,0,0,0,5,0,0,0,0,0,0,0,0,0,0,0,0,Novice,TRUE,0,0,0
5b9052,1,Clip29,9.7141,Novice,24,Male,Yes,0,No,0,0,0,0,0,0,0,0,0,0,0,0,0,5,0,0,0,0,0,0,0,0,0,0,0,0,Novice,TRUE,0,0,0
5b9052,1,Clip31,3.2988,Novice,24,Male,Yes,0,No,0,0,0,0,0,0,0,0,0,0,0,0,0,5,0,0,0,0,0,0,0,0,0,0,0,0,Novice,TRUE,0,0,0
5b9052,0,Clip24,11.4362,Novice,24,Male,Yes,0,No,0,0,0,0,0,0,0,0,0,0,0,0,0,5,0,0,0,0,0,0,0,0,0,0,0,0,Novice,TRUE,0,0,0
5b9052,1,Clip22,4.7399,Novice,24,Male,Yes,0,No,0,0,0,0,0,0,0,0,0,0,0,0,0,5,0,0,0,0,0,0,0,0,0,0,0,0,Novice,TRUE,0,0,0
5b9052,0,Clip40,14.0831,Novice,24,Male,Yes,0,No,0,0,0,0,0,0,0,0,0,0,0,0,0,5,0,0,0,0,0,0,0,0,0,0,0,0,Novice,TRUE,0,0,0
5b9052,1,Clip15,3.4708,Novice,24,Male,Yes,0,No,0,0,0,0,0,0,0,0,0,0,0,0,0,5,0,0,0,0,0,0,0,0,0,0,0,0,Novice,TRUE,0,0,0
5b9052,1,Clip12,7.7408,Novice,24,Male,Yes,0,No,0,0,0,0,0,0,0,0,0,0,0,0,0,5,0,0,0,0,0,0,0,0,0,0,0,0,Novice,TRUE,0,0,0
5b9052,0,Clip19,17.3462,Novice,24,Male,Yes,0,No,0,0,0,0,0,0,0,0,0,0,0,0,0,5,0,0,0,0,0,0,0,0,0,0,0,0,Novice,TRUE,0,0,0
5b9052,0,Clip38,6.1897,Novice,24,Male,Yes,0,No,0,0,0,0,0,0,0,0,0,0,0,0,0,5,0,0,0,0,0,0,0,0,0,0,0,0,Novice,TRUE,0,0,0
5b9052,0,Clip21,6.6044,Novice,24,Male,Yes,0,No,0,0,0,0,0,0,0,0,0,0,0,0,0,5,0,0,0,0,0,0,0,0,0,0,0,0,Novice,TRUE,0,0,0
5b9052,1,Clip02,2.354,Novice,24,Male,Yes,0,No,0,0,0,0,0,0,0,0,0,0,0,0,0,5,0,0,0,0,0,0,0,0,0,0,0,0,Novice,TRUE,0,0,0
5b9052,1,Clip35,4.5023,Novice,24,Male,Yes,0,No,0,0,0,0,0,0,0,0,0,0,0,0,0,5,0,0,0,0,0,0,0,0,0,0,0,0,Novice,TRUE,0,0,0
5b9052,0,Clip08,7.4502,Novice,24,Male,Yes,0,No,0,0,0,0,0,0,0,0,0,0,0,0,0,5,0,0,0,0,0,0,0,0,0,0,0,0,Novice,TRUE,0,0,0
5b9052,1,Clip34,9.2002,Novice,24,Male,Yes,0,No,0,0,0,0,0,0,0,0,0,0,0,0,0,5,0,0,0,0,0,0,0,0,0,0,0,0,Novice,TRUE,0,0,0
5b9052,1,Clip13,9.0886,Novice,24,Male,Yes,0,No,0,0,0,0,0,0,0,0,0,0,0,0,0,5,0,0,0,0,0,0,0,0,0,0,0,0,Novice,TRUE,0,0,0
5b9052,0,Clip25,11.5757,Novice,24,Male,Yes,0,No,0,0,0,0,0,0,0,0,0,0,0,0,0,5,0,0,0,0,0,0,0,0,0,0,0,0,Novice,TRUE,0,0,0
5b9052,0,Clip07,25.1636,Novice,24,Male,Yes,0,No,0,0,0,0,0,0,0,0,0,0,0,0,0,5,0,0,0,0,0,0,0,0,0,0,0,0,Novice,TRUE,0,0,0
5b9052,0,Clip20,13.7155,Novice,24,Male,Yes,0,No,0,0,0,0,0,0,0,0,0,0,0,0,0,5,0,0,0,0,0,0,0,0,0,0,0,0,Novice,TRUE,0,0,0
5b9052,0,Clip36,4.8427,Novice,24,Male,Yes,0,No,0,0,0,0,0,0,0,0,0,0,0,0,0,5,0,0,0,0,0,0,0,0,0,0,0,0,Novice,TRUE,0,0,0
5b9052,0,Clip03,14.3442,Novice,24,Male,Yes,0,No,0,0,0,0,0,0,0,0,0,0,0,0,0,5,0,0,0,0,0,0,0,0,0,0,0,0,Novice,TRUE,0,0,0
5b9052,1,Clip14,3.6526,Novice,24,Male,Yes,0,No,0,0,0,0,0,0,0,0,0,0,0,0,0,5,0,0,0,0,0,0,0,0,0,0,0,0,Novice,TRUE,0,0,0
5b9052,1,Clip06,8.4703,Novice,24,Male,Yes,0,No,0,0,0,0,0,0,0,0,0,0,0,0,0,5,0,0,0,0,0,0,0,0,0,0,0,0,Novice,TRUE,0,0,0
5b9052,0,Clip17,13.4933,Novice,24,Male,Yes,0,No,0,0,0,0,0,0,0,0,0,0,0,0,0,5,0,0,0,0,0,0,0,0,0,0,0,0,Novice,TRUE,0,0,0
5b9052,1,Clip23,5.3841,Novice,24,Male,Yes,0,No,0,0,0,0,0,0,0,0,0,0,0,0,0,5,0,0,0,0,0,0,0,0,0,0,0,0,Novice,TRUE,0,0,0
5b9052,1,Clip26,5.6716,Novice,24,Male,Yes,0,No,0,0,0,0,0,0,0,0,0,0,0,0,0,5,0,0,0,0,0,0,0,0,0,0,0,0,Novice,TRUE,0,0,0
5b9052,0,Clip32,5.4583,Novice,24,Male,Yes,0,No,0,0,0,0,0,0,0,0,0,0,0,0,0,5,0,0,0,0,0,0,0,0,0,0,0,0,Novice,TRUE,0,0,0
5b9052,0,Clip01,13.9369,Novice,24,Male,Yes,0,No,0,0,0,0,0,0,0,0,0,0,0,0,0,5,0,0,0,0,0,0,0,0,0,0,0,0,Novice,TRUE,0,0,0
637a73,0,Clip21,8.383,Novice,20,Male,Yes,0.5,No,0,0,0,1,0,4,2,3,1,0,0,2,0,5,0,0,0,0,0,0,0,3,1,1,0,1,Novice,TRUE,0.375,1.75,0.285714286
637a73,1,Clip40,13.307,Novice,20,Male,Yes,0.5,No,0,0,0,1,0,4,2,3,1,0,0,2,0,5,0,0,0,0,0,0,0,3,1,1,0,1,Novice,TRUE,0.375,1.75,0.285714286
637a73,0,Clip24,10.055,Novice,20,Male,Yes,0.5,No,0,0,0,1,0,4,2,3,1,0,0,2,0,5,0,0,0,0,0,0,0,3,1,1,0,1,Novice,TRUE,0.375,1.75,0.285714286
637a73,0,Clip34,14.428,Novice,20,Male,Yes,0.5,No,0,0,0,1,0,4,2,3,1,0,0,2,0,5,0,0,0,0,0,0,0,3,1,1,0,1,Novice,TRUE,0.375,1.75,0.285714286
637a73,1,Clip39,10.815,Novice,20,Male,Yes,0.5,No,0,0,0,1,0,4,2,3,1,0,0,2,0,5,0,0,0,0,0,0,0,3,1,1,0,1,Novice,TRUE,0.375,1.75,0.285714286
637a73,1,Clip15,5.575,Novice,20,Male,Yes,0.5,No,0,0,0,1,0,4,2,3,1,0,0,2,0,5,0,0,0,0,0,0,0,3,1,1,0,1,Novice,TRUE,0.375,1.75,0.285714286
637a73,1,Clip02,2.695,Novice,20,Male,Yes,0.5,No,0,0,0,1,0,4,2,3,1,0,0,2,0,5,0,0,0,0,0,0,0,3,1,1,0,1,Novice,TRUE,0.375,1.75,0.285714286
637a73,1,Clip06,2.775,Novice,20,Male,Yes,0.5,No,0,0,0,1,0,4,2,3,1,0,0,2,0,5,0,0,0,0,0,0,0,3,1,1,0,1,Novice,TRUE,0.375,1.75,0.285714286
637a73,0,Clip17,10.139,Novice,20,Male,Yes,0.5,No,0,0,0,1,0,4,2,3,1,0,0,2,0,5,0,0,0,0,0,0,0,3,1,1,0,1,Novice,TRUE,0.375,1.75,0.285714286
637a73,1,Clip05,4.899,Novice,20,Male,Yes,0.5,No,0,0,0,1,0,4,2,3,1,0,0,2,0,5,0,0,0,0,0,0,0,3,1,1,0,1,Novice,TRUE,0.375,1.75,0.285714286
637a73,1,Clip08,5.82,Novice,20,Male,Yes,0.5,No,0,0,0,1,0,4,2,3,1,0,0,2,0,5,0,0,0,0,0,0,0,3,1,1,0,1,Novice,TRUE,0.375,1.75,0.285714286
637a73,0,Clip35,9.377,Novice,20,Male,Yes,0.5,No,0,0,0,1,0,4,2,3,1,0,0,2,0,5,0,0,0,0,0,0,0,3,1,1,0,1,Novice,TRUE,0.375,1.75,0.285714286
637a73,1,Clip11,19.319,Novice,20,Male,Yes,0.5,No,0,0,0,1,0,4,2,3,1,0,0,2,0,5,0,0,0,0,0,0,0,3,1,1,0,1,Novice,TRUE,0.375,1.75,0.285714286
637a73,1,Clip12,7.74,Novice,20,Male,Yes,0.5,No,0,0,0,1,0,4,2,3,1,0,0,2,0,5,0,0,0,0,0,0,0,3,1,1,0,1,Novice,TRUE,0.375,1.75,0.285714286
637a73,1,Clip16,3.856,Novice,20,Male,Yes,0.5,No,0,0,0,1,0,4,2,3,1,0,0,2,0,5,0,0,0,0,0,0,0,3,1,1,0,1,Novice,TRUE,0.375,1.75,0.285714286
637a73,1,Clip13,6.18,Novice,20,Male,Yes,0.5,No,0,0,0,1,0,4,2,3,1,0,0,2,0,5,0,0,0,0,0,0,0,3,1,1,0,1,Novice,TRUE,0.375,1.75,0.285714286
637a73,0,Clip32,7.402,Novice,20,Male,Yes,0.5,No,0,0,0,1,0,4,2,3,1,0,0,2,0,5,0,0,0,0,0,0,0,3,1,1,0,1,Novice,TRUE,0.375,1.75,0.285714286
637a73,1,Clip37,3.247,Novice,20,Male,Yes,0.5,No,0,0,0,1,0,4,2,3,1,0,0,2,0,5,0,0,0,0,0,0,0,3,1,1,0,1,Novice,TRUE,0.375,1.75,0.285714286
637a73,1,Clip18,5.57,Novice,20,Male,Yes,0.5,No,0,0,0,1,0,4,2,3,1,0,0,2,0,5,0,0,0,0,0,0,0,3,1,1,0,1,Novice,TRUE,0.375,1.75,0.285714286
637a73,1,Clip36,20.471,Novice,20,Male,Yes,0.5,No,0,0,0,1,0,4,2,3,1,0,0,2,0,5,0,0,0,0,0,0,0,3,1,1,0,1,Novice,TRUE,0.375,1.75,0.285714286
637a73,1,Clip19,2.94,Novice,20,Male,Yes,0.5,No,0,0,0,1,0,4,2,3,1,0,0,2,0,5,0,0,0,0,0,0,0,3,1,1,0,1,Novice,TRUE,0.375,1.75,0.285714286
637a73,1,Clip14,2.206,Novice,20,Male,Yes,0.5,No,0,0,0,1,0,4,2,3,1,0,0,2,0,5,0,0,0,0,0,0,0,3,1,1,0,1,Novice,TRUE,0.375,1.75,0.285714286
637a73,0,Clip20,6.504,Novice,20,Male,Yes,0.5,No,0,0,0,1,0,4,2,3,1,0,0,2,0,5,0,0,0,0,0,0,0,3,1,1,0,1,Novice,TRUE,0.375,1.75,0.285714286
637a73,1,Clip27,4.389,Novice,20,Male,Yes,0.5,No,0,0,0,1,0,4,2,3,1,0,0,2,0,5,0,0,0,0,0,0,0,3,1,1,0,1,Novice,TRUE,0.375,1.75,0.285714286
637a73,1,Clip25,5.904,Novice,20,Male,Yes,0.5,No,0,0,0,1,0,4,2,3,1,0,0,2,0,5,0,0,0,0,0,0,0,3,1,1,0,1,Novice,TRUE,0.375,1.75,0.285714286
637a73,1,Clip03,4.602,Novice,20,Male,Yes,0.5,No,0,0,0,1,0,4,2,3,1,0,0,2,0,5,0,0,0,0,0,0,0,3,1,1,0,1,Novice,TRUE,0.375,1.75,0.285714286
637a73,0,Clip33,6.608,Novice,20,Male,Yes,0.5,No,0,0,0,1,0,4,2,3,1,0,0,2,0,5,0,0,0,0,0,0,0,3,1,1,0,1,Novice,TRUE,0.375,1.75,0.285714286
637a73,1,Clip30,3.123,Novice,20,Male,Yes,0.5,No,0,0,0,1,0,4,2,3,1,0,0,2,0,5,0,0,0,0,0,0,0,3,1,1,0,1,Novice,TRUE,0.375,1.75,0.285714286
637a73,1,Clip09,8.714,Novice,20,Male,Yes,0.5,No,0,0,0,1,0,4,2,3,1,0,0,2,0,5,0,0,0,0,0,0,0,3,1,1,0,1,Novice,TRUE,0.375,1.75,0.285714286
637a73,1,Clip23,2.325,Novice,20,Male,Yes,0.5,No,0,0,0,1,0,4,2,3,1,0,0,2,0,5,0,0,0,0,0,0,0,3,1,1,0,1,Novice,TRUE,0.375,1.75,0.285714286
637a73,1,Clip38,4.001,Novice,20,Male,Yes,0.5,No,0,0,0,1,0,4,2,3,1,0,0,2,0,5,0,0,0,0,0,0,0,3,1,1,0,1,Novice,TRUE,0.375,1.75,0.285714286
637a73,1,Clip22,7.206,Novice,20,Male,Yes,0.5,No,0,0,0,1,0,4,2,3,1,0,0,2,0,5,0,0,0,0,0,0,0,3,1,1,0,1,Novice,TRUE,0.375,1.75,0.285714286
637a73,1,Clip01,3.116,Novice,20,Male,Yes,0.5,No,0,0,0,1,0,4,2,3,1,0,0,2,0,5,0,0,0,0,0,0,0,3,1,1,0,1,Novice,TRUE,0.375,1.75,0.285714286
637a73,1,Clip29,6.365,Novice,20,Male,Yes,0.5,No,0,0,0,1,0,4,2,3,1,0,0,2,0,5,0,0,0,0,0,0,0,3,1,1,0,1,Novice,TRUE,0.375,1.75,0.285714286
637a73,0,Clip07,15.887,Novice,20,Male,Yes,0.5,No,0,0,0,1,0,4,2,3,1,0,0,2,0,5,0,0,0,0,0,0,0,3,1,1,0,1,Novice,TRUE,0.375,1.75,0.285714286
637a73,1,Clip31,2.551,Novice,20,Male,Yes,0.5,No,0,0,0,1,0,4,2,3,1,0,0,2,0,5,0,0,0,0,0,0,0,3,1,1,0,1,Novice,TRUE,0.375,1.75,0.285714286
637a73,1,Clip10,2.893,Novice,20,Male,Yes,0.5,No,0,0,0,1,0,4,2,3,1,0,0,2,0,5,0,0,0,0,0,0,0,3,1,1,0,1,Novice,TRUE,0.375,1.75,0.285714286
637a73,1,Clip26,2.528,Novice,20,Male,Yes,0.5,No,0,0,0,1,0,4,2,3,1,0,0,2,0,5,0,0,0,0,0,0,0,3,1,1,0,1,Novice,TRUE,0.375,1.75,0.285714286
637a73,0,Clip28,6.102,Novice,20,Male,Yes,0.5,No,0,0,0,1,0,4,2,3,1,0,0,2,0,5,0,0,0,0,0,0,0,3,1,1,0,1,Novice,TRUE,0.375,1.75,0.285714286
637a73,1,Clip04,3.357,Novice,20,Male,Yes,0.5,No,0,0,0,1,0,4,2,3,1,0,0,2,0,5,0,0,0,0,0,0,0,3,1,1,0,1,Novice,TRUE,0.375,1.75,0.285714286
649493,1,Clip10,3.9045,Novice,28,Male,No,0,No,0,0,0,0,0,0,0,2,0,0,0,0,0,5,0,0,0,0,0,0,0,0,0,0,0,0,Novice,TRUE,0,0.25,0
649493,0,Clip09,4.7069,Novice,28,Male,No,0,No,0,0,0,0,0,0,0,2,0,0,0,0,0,5,0,0,0,0,0,0,0,0,0,0,0,0,Novice,TRUE,0,0.25,0
649493,0,Clip25,4.8403,Novice,28,Male,No,0,No,0,0,0,0,0,0,0,2,0,0,0,0,0,5,0,0,0,0,0,0,0,0,0,0,0,0,Novice,TRUE,0,0.25,0
649493,0,Clip36,5.5195,Novice,28,Male,No,0,No,0,0,0,0,0,0,0,2,0,0,0,0,0,5,0,0,0,0,0,0,0,0,0,0,0,0,Novice,TRUE,0,0.25,0
649493,0,Clip27,6.3822,Novice,28,Male,No,0,No,0,0,0,0,0,0,0,2,0,0,0,0,0,5,0,0,0,0,0,0,0,0,0,0,0,0,Novice,TRUE,0,0.25,0
649493,0,Clip24,4.1406,Novice,28,Male,No,0,No,0,0,0,0,0,0,0,2,0,0,0,0,0,5,0,0,0,0,0,0,0,0,0,0,0,0,Novice,TRUE,0,0.25,0
649493,0,Clip03,2.47,Novice,28,Male,No,0,No,0,0,0,0,0,0,0,2,0,0,0,0,0,5,0,0,0,0,0,0,0,0,0,0,0,0,Novice,TRUE,0,0.25,0
649493,0,Clip38,3.5146,Novice,28,Male,No,0,No,0,0,0,0,0,0,0,2,0,0,0,0,0,5,0,0,0,0,0,0,0,0,0,0,0,0,Novice,TRUE,0,0.25,0
649493,0,Clip16,6.0821,Novice,28,Male,No,0,No,0,0,0,0,0,0,0,2,0,0,0,0,0,5,0,0,0,0,0,0,0,0,0,0,0,0,Novice,TRUE,0,0.25,0
649493,0,Clip08,6.4723,Novice,28,Male,No,0,No,0,0,0,0,0,0,0,2,0,0,0,0,0,5,0,0,0,0,0,0,0,0,0,0,0,0,Novice,TRUE,0,0.25,0
649493,0,Clip12,2.1919,Novice,28,Male,No,0,No,0,0,0,0,0,0,0,2,0,0,0,0,0,5,0,0,0,0,0,0,0,0,0,0,0,0,Novice,TRUE,0,0.25,0
649493,0,Clip06,4.6087,Novice,28,Male,No,0,No,0,0,0,0,0,0,0,2,0,0,0,0,0,5,0,0,0,0,0,0,0,0,0,0,0,0,Novice,TRUE,0,0.25,0
649493,0,Clip04,3.1925,Novice,28,Male,No,0,No,0,0,0,0,0,0,0,2,0,0,0,0,0,5,0,0,0,0,0,0,0,0,0,0,0,0,Novice,TRUE,0,0.25,0
649493,0,Clip13,2.5631,Novice,28,Male,No,0,No,0,0,0,0,0,0,0,2,0,0,0,0,0,5,0,0,0,0,0,0,0,0,0,0,0,0,Novice,TRUE,0,0.25,0
649493,1,Clip31,2.259,Novice,28,Male,No,0,No,0,0,0,0,0,0,0,2,0,0,0,0,0,5,0,0,0,0,0,0,0,0,0,0,0,0,Novice,TRUE,0,0.25,0
649493,0,Clip37,5.284,Novice,28,Male,No,0,No,0,0,0,0,0,0,0,2,0,0,0,0,0,5,0,0,0,0,0,0,0,0,0,0,0,0,Novice,TRUE,0,0.25,0
649493,1,Clip11,2.3836,Novice,28,Male,No,0,No,0,0,0,0,0,0,0,2,0,0,0,0,0,5,0,0,0,0,0,0,0,0,0,0,0,0,Novice,TRUE,0,0.25,0
649493,0,Clip26,2.4203,Novice,28,Male,No,0,No,0,0,0,0,0,0,0,2,0,0,0,0,0,5,0,0,0,0,0,0,0,0,0,0,0,0,Novice,TRUE,0,0.25,0
649493,1,Clip34,2.8908,Novice,28,Male,No,0,No,0,0,0,0,0,0,0,2,0,0,0,0,0,5,0,0,0,0,0,0,0,0,0,0,0,0,Novice,TRUE,0,0.25,0
649493,0,Clip21,1.9151,Novice,28,Male,No,0,No,0,0,0,0,0,0,0,2,0,0,0,0,0,5,0,0,0,0,0,0,0,0,0,0,0,0,Novice,TRUE,0,0.25,0
649493,1,Clip01,2.724,Novice,28,Male,No,0,No,0,0,0,0,0,0,0,2,0,0,0,0,0,5,0,0,0,0,0,0,0,0,0,0,0,0,Novice,TRUE,0,0.25,0
649493,0,Clip22,7.2581,Novice,28,Male,No,0,No,0,0,0,0,0,0,0,2,0,0,0,0,0,5,0,0,0,0,0,0,0,0,0,0,0,0,Novice,TRUE,0,0.25,0
649493,1,Clip39,4.122,Novice,28,Male,No,0,No,0,0,0,0,0,0,0,2,0,0,0,0,0,5,0,0,0,0,0,0,0,0,0,0,0,0,Novice,TRUE,0,0.25,0
649493,0,Clip33,4.0189,Novice,28,Male,No,0,No,0,0,0,0,0,0,0,2,0,0,0,0,0,5,0,0,0,0,0,0,0,0,0,0,0,0,Novice,TRUE,0,0.25,0
649493,0,Clip20,4.6338,Novice,28,Male,No,0,No,0,0,0,0,0,0,0,2,0,0,0,0,0,5,0,0,0,0,0,0,0,0,0,0,0,0,Novice,TRUE,0,0.25,0
649493,1,Clip19,5.2627,Novice,28,Male,No,0,No,0,0,0,0,0,0,0,2,0,0,0,0,0,5,0,0,0,0,0,0,0,0,0,0,0,0,Novice,TRUE,0,0.25,0
649493,0,Clip35,4.5225,Novice,28,Male,No,0,No,0,0,0,0,0,0,0,2,0,0,0,0,0,5,0,0,0,0,0,0,0,0,0,0,0,0,Novice,TRUE,0,0.25,0
649493,0,Clip07,2.8804,Novice,28,Male,No,0,No,0,0,0,0,0,0,0,2,0,0,0,0,0,5,0,0,0,0,0,0,0,0,0,0,0,0,Novice,TRUE,0,0.25,0
649493,0,Clip05,2.0402,Novice,28,Male,No,0,No,0,0,0,0,0,0,0,2,0,0,0,0,0,5,0,0,0,0,0,0,0,0,0,0,0,0,Novice,TRUE,0,0.25,0
649493,1,Clip40,2.7714,Novice,28,Male,No,0,No,0,0,0,0,0,0,0,2,0,0,0,0,0,5,0,0,0,0,0,0,0,0,0,0,0,0,Novice,TRUE,0,0.25,0
649493,0,Clip30,1.8007,Novice,28,Male,No,0,No,0,0,0,0,0,0,0,2,0,0,0,0,0,5,0,0,0,0,0,0,0,0,0,0,0,0,Novice,TRUE,0,0.25,0
649493,0,Clip15,3.0747,Novice,28,Male,No,0,No,0,0,0,0,0,0,0,2,0,0,0,0,0,5,0,0,0,0,0,0,0,0,0,0,0,0,Novice,TRUE,0,0.25,0
649493,0,Clip02,2.6513,Novice,28,Male,No,0,No,0,0,0,0,0,0,0,2,0,0,0,0,0,5,0,0,0,0,0,0,0,0,0,0,0,0,Novice,TRUE,0,0.25,0
649493,0,Clip17,2.5807,Novice,28,Male,No,0,No,0,0,0,0,0,0,0,2,0,0,0,0,0,5,0,0,0,0,0,0,0,0,0,0,0,0,Novice,TRUE,0,0.25,0
649493,0,Clip29,3.1283,Novice,28,Male,No,0,No,0,0,0,0,0,0,0,2,0,0,0,0,0,5,0,0,0,0,0,0,0,0,0,0,0,0,Novice,TRUE,0,0.25,0
649493,0,Clip23,7.1354,Novice,28,Male,No,0,No,0,0,0,0,0,0,0,2,0,0,0,0,0,5,0,0,0,0,0,0,0,0,0,0,0,0,Novice,TRUE,0,0.25,0
649493,1,Clip18,2.6068,Novice,28,Male,No,0,No,0,0,0,0,0,0,0,2,0,0,0,0,0,5,0,0,0,0,0,0,0,0,0,0,0,0,Novice,TRUE,0,0.25,0
649493,0,Clip28,2.5226,Novice,28,Male,No,0,No,0,0,0,0,0,0,0,2,0,0,0,0,0,5,0,0,0,0,0,0,0,0,0,0,0,0,Novice,TRUE,0,0.25,0
649493,1,Clip14,1.893,Novice,28,Male,No,0,No,0,0,0,0,0,0,0,2,0,0,0,0,0,5,0,0,0,0,0,0,0,0,0,0,0,0,Novice,TRUE,0,0.25,0
649493,1,Clip32,2.4121,Novice,28,Male,No,0,No,0,0,0,0,0,0,0,2,0,0,0,0,0,5,0,0,0,0,0,0,0,0,0,0,0,0,Novice,TRUE,0,0.25,0
619348,1,Clip15,10.2968,Novice,19,Female,Yes,0.8,No,0,0,0,0,0,3,1,2,0,0,0,1,0,5,0,0,0,0,0,0,0,2,0,0,0,0,Novice,TRUE,0,1.125,0
619348,1,Clip18,8.2066,Novice,19,Female,Yes,0.8,No,0,0,0,0,0,3,1,2,0,0,0,1,0,5,0,0,0,0,0,0,0,2,0,0,0,0,Novice,TRUE,0,1.125,0
619348,0,Clip24,8.224,Novice,19,Female,Yes,0.8,No,0,0,0,0,0,3,1,2,0,0,0,1,0,5,0,0,0,0,0,0,0,2,0,0,0,0,Novice,TRUE,0,1.125,0
619348,1,Clip05,4.7009,Novice,19,Female,Yes,0.8,No,0,0,0,0,0,3,1,2,0,0,0,1,0,5,0,0,0,0,0,0,0,2,0,0,0,0,Novice,TRUE,0,1.125,0
619348,1,Clip09,4.7806,Novice,19,Female,Yes,0.8,No,0,0,0,0,0,3,1,2,0,0,0,1,0,5,0,0,0,0,0,0,0,2,0,0,0,0,Novice,TRUE,0,1.125,0
619348,1,Clip30,32.7079,Novice,19,Female,Yes,0.8,No,0,0,0,0,0,3,1,2,0,0,0,1,0,5,0,0,0,0,0,0,0,2,0,0,0,0,Novice,TRUE,0,1.125,0
619348,1,Clip10,4.0998,Novice,19,Female,Yes,0.8,No,0,0,0,0,0,3,1,2,0,0,0,1,0,5,0,0,0,0,0,0,0,2,0,0,0,0,Novice,TRUE,0,1.125,0
619348,1,Clip19,121.7248,Novice,19,Female,Yes,0.8,No,0,0,0,0,0,3,1,2,0,0,0,1,0,5,0,0,0,0,0,0,0,2,0,0,0,0,Novice,TRUE,0,1.125,0
619348,0,Clip08,12.8277,Novice,19,Female,Yes,0.8,No,0,0,0,0,0,3,1,2,0,0,0,1,0,5,0,0,0,0,0,0,0,2,0,0,0,0,Novice,TRUE,0,1.125,0
619348,1,Clip25,6.2443,Novice,19,Female,Yes,0.8,No,0,0,0,0,0,3,1,2,0,0,0,1,0,5,0,0,0,0,0,0,0,2,0,0,0,0,Novice,TRUE,0,1.125,0
619348,1,Clip13,5.2748,Novice,19,Female,Yes,0.8,No,0,0,0,0,0,3,1,2,0,0,0,1,0,5,0,0,0,0,0,0,0,2,0,0,0,0,Novice,TRUE,0,1.125,0
619348,1,Clip34,52.4496,Novice,19,Female,Yes,0.8,No,0,0,0,0,0,3,1,2,0,0,0,1,0,5,0,0,0,0,0,0,0,2,0,0,0,0,Novice,TRUE,0,1.125,0
619348,1,Clip29,9.5358,Novice,19,Female,Yes,0.8,No,0,0,0,0,0,3,1,2,0,0,0,1,0,5,0,0,0,0,0,0,0,2,0,0,0,0,Novice,TRUE,0,1.125,0
619348,1,Clip33,45.5788,Novice,19,Female,Yes,0.8,No,0,0,0,0,0,3,1,2,0,0,0,1,0,5,0,0,0,0,0,0,0,2,0,0,0,0,Novice,TRUE,0,1.125,0
619348,1,Clip11,3.435,Novice,19,Female,Yes,0.8,No,0,0,0,0,0,3,1,2,0,0,0,1,0,5,0,0,0,0,0,0,0,2,0,0,0,0,Novice,TRUE,0,1.125,0
619348,1,Clip12,4.1554,Novice,19,Female,Yes,0.8,No,0,0,0,0,0,3,1,2,0,0,0,1,0,5,0,0,0,0,0,0,0,2,0,0,0,0,Novice,TRUE,0,1.125,0
619348,0,Clip06,31.2596,Novice,19,Female,Yes,0.8,No,0,0,0,0,0,3,1,2,0,0,0,1,0,5,0,0,0,0,0,0,0,2,0,0,0,0,Novice,TRUE,0,1.125,0
619348,1,Clip07,6.4504,Novice,19,Female,Yes,0.8,No,0,0,0,0,0,3,1,2,0,0,0,1,0,5,0,0,0,0,0,0,0,2,0,0,0,0,Novice,TRUE,0,1.125,0
619348,0,Clip03,7.4298,Novice,19,Female,Yes,0.8,No,0,0,0,0,0,3,1,2,0,0,0,1,0,5,0,0,0,0,0,0,0,2,0,0,0,0,Novice,TRUE,0,1.125,0
619348,1,Clip38,6.8354,Novice,19,Female,Yes,0.8,No,0,0,0,0,0,3,1,2,0,0,0,1,0,5,0,0,0,0,0,0,0,2,0,0,0,0,Novice,TRUE,0,1.125,0
619348,1,Clip16,12.0075,Novice,19,Female,Yes,0.8,No,0,0,0,0,0,3,1,2,0,0,0,1,0,5,0,0,0,0,0,0,0,2,0,0,0,0,Novice,TRUE,0,1.125,0
619348,0,Clip21,6.395,Novice,19,Female,Yes,0.8,No,0,0,0,0,0,3,1,2,0,0,0,1,0,5,0,0,0,0,0,0,0,2,0,0,0,0,Novice,TRUE,0,1.125,0
619348,1,Clip36,14.7708,Novice,19,Female,Yes,0.8,No,0,0,0,0,0,3,1,2,0,0,0,1,0,5,0,0,0,0,0,0,0,2,0,0,0,0,Novice,TRUE,0,1.125,0
619348,1,Clip14,5.6967,Novice,19,Female,Yes,0.8,No,0,0,0,0,0,3,1,2,0,0,0,1,0,5,0,0,0,0,0,0,0,2,0,0,0,0,Novice,TRUE,0,1.125,0
619348,1,Clip27,6.3098,Novice,19,Female,Yes,0.8,No,0,0,0,0,0,3,1,2,0,0,0,1,0,5,0,0,0,0,0,0,0,2,0,0,0,0,Novice,TRUE,0,1.125,0
619348,1,Clip31,2.4616,Novice,19,Female,Yes,0.8,No,0,0,0,0,0,3,1,2,0,0,0,1,0,5,0,0,0,0,0,0,0,2,0,0,0,0,Novice,TRUE,0,1.125,0
619348,1,Clip40,2.9414,Novice,19,Female,Yes,0.8,No,0,0,0,0,0,3,1,2,0,0,0,1,0,5,0,0,0,0,0,0,0,2,0,0,0,0,Novice,TRUE,0,1.125,0
619348,0,Clip35,10.8445,Novice,19,Female,Yes,0.8,No,0,0,0,0,0,3,1,2,0,0,0,1,0,5,0,0,0,0,0,0,0,2,0,0,0,0,Novice,TRUE,0,1.125,0
619348,1,Clip23,6.4163,Novice,19,Female,Yes,0.8,No,0,0,0,0,0,3,1,2,0,0,0,1,0,5,0,0,0,0,0,0,0,2,0,0,0,0,Novice,TRUE,0,1.125,0
619348,1,Clip26,3.3858,Novice,19,Female,Yes,0.8,No,0,0,0,0,0,3,1,2,0,0,0,1,0,5,0,0,0,0,0,0,0,2,0,0,0,0,Novice,TRUE,0,1.125,0
619348,1,Clip22,6.1413,Novice,19,Female,Yes,0.8,No,0,0,0,0,0,3,1,2,0,0,0,1,0,5,0,0,0,0,0,0,0,2,0,0,0,0,Novice,TRUE,0,1.125,0
619348,1,Clip01,2.7456,Novice,19,Female,Yes,0.8,No,0,0,0,0,0,3,1,2,0,0,0,1,0,5,0,0,0,0,0,0,0,2,0,0,0,0,Novice,TRUE,0,1.125,0
619348,1,Clip39,4.5205,Novice,19,Female,Yes,0.8,No,0,0,0,0,0,3,1,2,0,0,0,1,0,5,0,0,0,0,0,0,0,2,0,0,0,0,Novice,TRUE,0,1.125,0
619348,0,Clip17,58.4144,Novice,19,Female,Yes,0.8,No,0,0,0,0,0,3,1,2,0,0,0,1,0,5,0,0,0,0,0,0,0,2,0,0,0,0,Novice,TRUE,0,1.125,0
619348,0,Clip28,11.6788,Novice,19,Female,Yes,0.8,No,0,0,0,0,0,3,1,2,0,0,0,1,0,5,0,0,0,0,0,0,0,2,0,0,0,0,Novice,TRUE,0,1.125,0
619348,1,Clip04,97.1293,Novice,19,Female,Yes,0.8,No,0,0,0,0,0,3,1,2,0,0,0,1,0,5,0,0,0,0,0,0,0,2,0,0,0,0,Novice,TRUE,0,1.125,0
619348,1,Clip37,4.6718,Novice,19,Female,Yes,0.8,No,0,0,0,0,0,3,1,2,0,0,0,1,0,5,0,0,0,0,0,0,0,2,0,0,0,0,Novice,TRUE,0,1.125,0
619348,1,Clip32,10.9629,Novice,19,Female,Yes,0.8,No,0,0,0,0,0,3,1,2,0,0,0,1,0,5,0,0,0,0,0,0,0,2,0,0,0,0,Novice,TRUE,0,1.125,0
619348,1,Clip02,13.7212,Novice,19,Female,Yes,0.8,No,0,0,0,0,0,3,1,2,0,0,0,1,0,5,0,0,0,0,0,0,0,2,0,0,0,0,Novice,TRUE,0,1.125,0
619348,0,Clip20,46.6217,Novice,19,Female,Yes,0.8,No,0,0,0,0,0,3,1,2,0,0,0,1,0,5,0,0,0,0,0,0,0,2,0,0,0,0,Novice,TRUE,0,1.125,0
5a97ca,0,Clip11,18.8819,Novice,24,Male,Yes,2,No,0,0,5,4,1,5,1,3,0,0,1,0,4,5,2,1,0,1,2,1,5,2,0,0,0,2,Novice,TRUE,0.875,2.125,2.142857143
5a97ca,1,Clip07,10.0723,Novice,24,Male,Yes,2,No,0,0,5,4,1,5,1,3,0,0,1,0,4,5,2,1,0,1,2,1,5,2,0,0,0,2,Novice,TRUE,0.875,2.125,2.142857143
5a97ca,1,Clip19,10.5222,Novice,24,Male,Yes,2,No,0,0,5,4,1,5,1,3,0,0,1,0,4,5,2,1,0,1,2,1,5,2,0,0,0,2,Novice,TRUE,0.875,2.125,2.142857143
5a97ca,1,Clip01,22.7112,Novice,24,Male,Yes,2,No,0,0,5,4,1,5,1,3,0,0,1,0,4,5,2,1,0,1,2,1,5,2,0,0,0,2,Novice,TRUE,0.875,2.125,2.142857143
5a97ca,1,Clip29,8.2177,Novice,24,Male,Yes,2,No,0,0,5,4,1,5,1,3,0,0,1,0,4,5,2,1,0,1,2,1,5,2,0,0,0,2,Novice,TRUE,0.875,2.125,2.142857143
5a97ca,1,Clip33,5.882,Novice,24,Male,Yes,2,No,0,0,5,4,1,5,1,3,0,0,1,0,4,5,2,1,0,1,2,1,5,2,0,0,0,2,Novice,TRUE,0.875,2.125,2.142857143
5a97ca,1,Clip17,29.9004,Novice,24,Male,Yes,2,No,0,0,5,4,1,5,1,3,0,0,1,0,4,5,2,1,0,1,2,1,5,2,0,0,0,2,Novice,TRUE,0.875,2.125,2.142857143
5a97ca,1,Clip14,24.9992,Novice,24,Male,Yes,2,No,0,0,5,4,1,5,1,3,0,0,1,0,4,5,2,1,0,1,2,1,5,2,0,0,0,2,Novice,TRUE,0.875,2.125,2.142857143
5a97ca,1,Clip30,9.4042,Novice,24,Male,Yes,2,No,0,0,5,4,1,5,1,3,0,0,1,0,4,5,2,1,0,1,2,1,5,2,0,0,0,2,Novice,TRUE,0.875,2.125,2.142857143
5a97ca,1,Clip23,7.0178,Novice,24,Male,Yes,2,No,0,0,5,4,1,5,1,3,0,0,1,0,4,5,2,1,0,1,2,1,5,2,0,0,0,2,Novice,TRUE,0.875,2.125,2.142857143
5a97ca,0,Clip32,12.62,Novice,24,Male,Yes,2,No,0,0,5,4,1,5,1,3,0,0,1,0,4,5,2,1,0,1,2,1,5,2,0,0,0,2,Novice,TRUE,0.875,2.125,2.142857143
5a97ca,1,Clip18,5.3253,Novice,24,Male,Yes,2,No,0,0,5,4,1,5,1,3,0,0,1,0,4,5,2,1,0,1,2,1,5,2,0,0,0,2,Novice,TRUE,0.875,2.125,2.142857143
5a97ca,0,Clip40,10.2232,Novice,24,Male,Yes,2,No,0,0,5,4,1,5,1,3,0,0,1,0,4,5,2,1,0,1,2,1,5,2,0,0,0,2,Novice,TRUE,0.875,2.125,2.142857143
5a97ca,0,Clip03,12.8742,Novice,24,Male,Yes,2,No,0,0,5,4,1,5,1,3,0,0,1,0,4,5,2,1,0,1,2,1,5,2,0,0,0,2,Novice,TRUE,0.875,2.125,2.142857143
5a97ca,0,Clip09,5.9768,Novice,24,Male,Yes,2,No,0,0,5,4,1,5,1,3,0,0,1,0,4,5,2,1,0,1,2,1,5,2,0,0,0,2,Novice,TRUE,0.875,2.125,2.142857143
5a97ca,0,Clip31,9.2227,Novice,24,Male,Yes,2,No,0,0,5,4,1,5,1,3,0,0,1,0,4,5,2,1,0,1,2,1,5,2,0,0,0,2,Novice,TRUE,0.875,2.125,2.142857143
5a97ca,0,Clip39,17.666,Novice,24,Male,Yes,2,No,0,0,5,4,1,5,1,3,0,0,1,0,4,5,2,1,0,1,2,1,5,2,0,0,0,2,Novice,TRUE,0.875,2.125,2.142857143
5a97ca,0,Clip35,25.033,Novice,24,Male,Yes,2,No,0,0,5,4,1,5,1,3,0,0,1,0,4,5,2,1,0,1,2,1,5,2,0,0,0,2,Novice,TRUE,0.875,2.125,2.142857143
5a97ca,1,Clip12,21.4622,Novice,24,Male,Yes,2,No,0,0,5,4,1,5,1,3,0,0,1,0,4,5,2,1,0,1,2,1,5,2,0,0,0,2,Novice,TRUE,0.875,2.125,2.142857143
5a97ca,0,Clip10,23.0982,Novice,24,Male,Yes,2,No,0,0,5,4,1,5,1,3,0,0,1,0,4,5,2,1,0,1,2,1,5,2,0,0,0,2,Novice,TRUE,0.875,2.125,2.142857143
5a97ca,0,Clip27,11.5715,Novice,24,Male,Yes,2,No,0,0,5,4,1,5,1,3,0,0,1,0,4,5,2,1,0,1,2,1,5,2,0,0,0,2,Novice,TRUE,0.875,2.125,2.142857143
5a97ca,0,Clip08,33.3244,Novice,24,Male,Yes,2,No,0,0,5,4,1,5,1,3,0,0,1,0,4,5,2,1,0,1,2,1,5,2,0,0,0,2,Novice,TRUE,0.875,2.125,2.142857143
5a97ca,0,Clip22,3.6956,Novice,24,Male,Yes,2,No,0,0,5,4,1,5,1,3,0,0,1,0,4,5,2,1,0,1,2,1,5,2,0,0,0,2,Novice,TRUE,0.875,2.125,2.142857143
5a97ca,1,Clip16,20.0671,Novice,24,Male,Yes,2,No,0,0,5,4,1,5,1,3,0,0,1,0,4,5,2,1,0,1,2,1,5,2,0,0,0,2,Novice,TRUE,0.875,2.125,2.142857143
5a97ca,1,Clip06,5.152,Novice,24,Male,Yes,2,No,0,0,5,4,1,5,1,3,0,0,1,0,4,5,2,1,0,1,2,1,5,2,0,0,0,2,Novice,TRUE,0.875,2.125,2.142857143
5a97ca,1,Clip20,21.2721,Novice,24,Male,Yes,2,No,0,0,5,4,1,5,1,3,0,0,1,0,4,5,2,1,0,1,2,1,5,2,0,0,0,2,Novice,TRUE,0.875,2.125,2.142857143
5a97ca,1,Clip34,18.4284,Novice,24,Male,Yes,2,No,0,0,5,4,1,5,1,3,0,0,1,0,4,5,2,1,0,1,2,1,5,2,0,0,0,2,Novice,TRUE,0.875,2.125,2.142857143
5a97ca,0,Clip26,15.0269,Novice,24,Male,Yes,2,No,0,0,5,4,1,5,1,3,0,0,1,0,4,5,2,1,0,1,2,1,5,2,0,0,0,2,Novice,TRUE,0.875,2.125,2.142857143
5a97ca,0,Clip21,11.6585,Novice,24,Male,Yes,2,No,0,0,5,4,1,5,1,3,0,0,1,0,4,5,2,1,0,1,2,1,5,2,0,0,0,2,Novice,TRUE,0.875,2.125,2.142857143
5a97ca,1,Clip28,10.8575,Novice,24,Male,Yes,2,No,0,0,5,4,1,5,1,3,0,0,1,0,4,5,2,1,0,1,2,1,5,2,0,0,0,2,Novice,TRUE,0.875,2.125,2.142857143
5a97ca,1,Clip05,6.3743,Novice,24,Male,Yes,2,No,0,0,5,4,1,5,1,3,0,0,1,0,4,5,2,1,0,1,2,1,5,2,0,0,0,2,Novice,TRUE,0.875,2.125,2.142857143
5a97ca,1,Clip13,4.8452,Novice,24,Male,Yes,2,No,0,0,5,4,1,5,1,3,0,0,1,0,4,5,2,1,0,1,2,1,5,2,0,0,0,2,Novice,TRUE,0.875,2.125,2.142857143
5a97ca,1,Clip02,3.0231,Novice,24,Male,Yes,2,No,0,0,5,4,1,5,1,3,0,0,1,0,4,5,2,1,0,1,2,1,5,2,0,0,0,2,Novice,TRUE,0.875,2.125,2.142857143
5a97ca,1,Clip15,3.2848,Novice,24,Male,Yes,2,No,0,0,5,4,1,5,1,3,0,0,1,0,4,5,2,1,0,1,2,1,5,2,0,0,0,2,Novice,TRUE,0.875,2.125,2.142857143
5a97ca,0,Clip25,8.4325,Novice,24,Male,Yes,2,No,0,0,5,4,1,5,1,3,0,0,1,0,4,5,2,1,0,1,2,1,5,2,0,0,0,2,Novice,TRUE,0.875,2.125,2.142857143
5a97ca,0,Clip24,5.1321,Novice,24,Male,Yes,2,No,0,0,5,4,1,5,1,3,0,0,1,0,4,5,2,1,0,1,2,1,5,2,0,0,0,2,Novice,TRUE,0.875,2.125,2.142857143
5a97ca,1,Clip37,3.4514,Novice,24,Male,Yes,2,No,0,0,5,4,1,5,1,3,0,0,1,0,4,5,2,1,0,1,2,1,5,2,0,0,0,2,Novice,TRUE,0.875,2.125,2.142857143
5a97ca,0,Clip38,4.6295,Novice,24,Male,Yes,2,No,0,0,5,4,1,5,1,3,0,0,1,0,4,5,2,1,0,1,2,1,5,2,0,0,0,2,Novice,TRUE,0.875,2.125,2.142857143
5a97ca,0,Clip36,5.9513,Novice,24,Male,Yes,2,No,0,0,5,4,1,5,1,3,0,0,1,0,4,5,2,1,0,1,2,1,5,2,0,0,0,2,Novice,TRUE,0.875,2.125,2.142857143
5a97ca,1,Clip04,4.1171,Novice,24,Male,Yes,2,No,0,0,5,4,1,5,1,3,0,0,1,0,4,5,2,1,0,1,2,1,5,2,0,0,0,2,Novice,TRUE,0.875,2.125,2.142857143
64bbd4,0,Clip04,9.0254,Novice,29,Male,Yes,0.5,No,NA,0,1,0,0,0,2,1,1,1,0,1,0,5,0,0,0,0,1,0,0,1,0,1,0,0,Novice,TRUE,0.375,0.625,0.285714286
64bbd4,1,Clip26,5.3034,Novice,29,Male,Yes,0.5,No,NA,0,1,0,0,0,2,1,1,1,0,1,0,5,0,0,0,0,1,0,0,1,0,1,0,0,Novice,TRUE,0.375,0.625,0.285714286
64bbd4,1,Clip19,5.3303,Novice,29,Male,Yes,0.5,No,NA,0,1,0,0,0,2,1,1,1,0,1,0,5,0,0,0,0,1,0,0,1,0,1,0,0,Novice,TRUE,0.375,0.625,0.285714286
64bbd4,1,Clip36,5.9963,Novice,29,Male,Yes,0.5,No,NA,0,1,0,0,0,2,1,1,1,0,1,0,5,0,0,0,0,1,0,0,1,0,1,0,0,Novice,TRUE,0.375,0.625,0.285714286
64bbd4,0,Clip06,9.0996,Novice,29,Male,Yes,0.5,No,NA,0,1,0,0,0,2,1,1,1,0,1,0,5,0,0,0,0,1,0,0,1,0,1,0,0,Novice,TRUE,0.375,0.625,0.285714286
64bbd4,1,Clip13,7.4212,Novice,29,Male,Yes,0.5,No,NA,0,1,0,0,0,2,1,1,1,0,1,0,5,0,0,0,0,1,0,0,1,0,1,0,0,Novice,TRUE,0.375,0.625,0.285714286
64bbd4,0,Clip39,8.0396,Novice,29,Male,Yes,0.5,No,NA,0,1,0,0,0,2,1,1,1,0,1,0,5,0,0,0,0,1,0,0,1,0,1,0,0,Novice,TRUE,0.375,0.625,0.285714286
64bbd4,0,Clip03,3.9679,Novice,29,Male,Yes,0.5,No,NA,0,1,0,0,0,2,1,1,1,0,1,0,5,0,0,0,0,1,0,0,1,0,1,0,0,Novice,TRUE,0.375,0.625,0.285714286
64bbd4,1,Clip05,4.5307,Novice,29,Male,Yes,0.5,No,NA,0,1,0,0,0,2,1,1,1,0,1,0,5,0,0,0,0,1,0,0,1,0,1,0,0,Novice,TRUE,0.375,0.625,0.285714286
64bbd4,0,Clip22,5.3183,Novice,29,Male,Yes,0.5,No,NA,0,1,0,0,0,2,1,1,1,0,1,0,5,0,0,0,0,1,0,0,1,0,1,0,0,Novice,TRUE,0.375,0.625,0.285714286
64bbd4,1,Clip18,3.1062,Novice,29,Male,Yes,0.5,No,NA,0,1,0,0,0,2,1,1,1,0,1,0,5,0,0,0,0,1,0,0,1,0,1,0,0,Novice,TRUE,0.375,0.625,0.285714286
64bbd4,1,Clip14,2.2676,Novice,29,Male,Yes,0.5,No,NA,0,1,0,0,0,2,1,1,1,0,1,0,5,0,0,0,0,1,0,0,1,0,1,0,0,Novice,TRUE,0.375,0.625,0.285714286
64bbd4,1,Clip07,5.0147,Novice,29,Male,Yes,0.5,No,NA,0,1,0,0,0,2,1,1,1,0,1,0,5,0,0,0,0,1,0,0,1,0,1,0,0,Novice,TRUE,0.375,0.625,0.285714286
64bbd4,0,Clip38,3.2654,Novice,29,Male,Yes,0.5,No,NA,0,1,0,0,0,2,1,1,1,0,1,0,5,0,0,0,0,1,0,0,1,0,1,0,0,Novice,TRUE,0.375,0.625,0.285714286
64bbd4,1,Clip30,4.1382,Novice,29,Male,Yes,0.5,No,NA,0,1,0,0,0,2,1,1,1,0,1,0,5,0,0,0,0,1,0,0,1,0,1,0,0,Novice,TRUE,0.375,0.625,0.285714286
64bbd4,1,Clip02,2.1181,Novice,29,Male,Yes,0.5,No,NA,0,1,0,0,0,2,1,1,1,0,1,0,5,0,0,0,0,1,0,0,1,0,1,0,0,Novice,TRUE,0.375,0.625,0.285714286
64bbd4,1,Clip29,4.771,Novice,29,Male,Yes,0.5,No,NA,0,1,0,0,0,2,1,1,1,0,1,0,5,0,0,0,0,1,0,0,1,0,1,0,0,Novice,TRUE,0.375,0.625,0.285714286
64bbd4,0,Clip28,8.5837,Novice,29,Male,Yes,0.5,No,NA,0,1,0,0,0,2,1,1,1,0,1,0,5,0,0,0,0,1,0,0,1,0,1,0,0,Novice,TRUE,0.375,0.625,0.285714286
64bbd4,1,Clip32,3.4838,Novice,29,Male,Yes,0.5,No,NA,0,1,0,0,0,2,1,1,1,0,1,0,5,0,0,0,0,1,0,0,1,0,1,0,0,Novice,TRUE,0.375,0.625,0.285714286
64bbd4,1,Clip23,3.4419,Novice,29,Male,Yes,0.5,No,NA,0,1,0,0,0,2,1,1,1,0,1,0,5,0,0,0,0,1,0,0,1,0,1,0,0,Novice,TRUE,0.375,0.625,0.285714286
64bbd4,0,Clip35,5.2745,Novice,29,Male,Yes,0.5,No,NA,0,1,0,0,0,2,1,1,1,0,1,0,5,0,0,0,0,1,0,0,1,0,1,0,0,Novice,TRUE,0.375,0.625,0.285714286
64bbd4,1,Clip31,2.9726,Novice,29,Male,Yes,0.5,No,NA,0,1,0,0,0,2,1,1,1,0,1,0,5,0,0,0,0,1,0,0,1,0,1,0,0,Novice,TRUE,0.375,0.625,0.285714286
64bbd4,0,Clip25,5.8098,Novice,29,Male,Yes,0.5,No,NA,0,1,0,0,0,2,1,1,1,0,1,0,5,0,0,0,0,1,0,0,1,0,1,0,0,Novice,TRUE,0.375,0.625,0.285714286
64bbd4,1,Clip37,3.7711,Novice,29,Male,Yes,0.5,No,NA,0,1,0,0,0,2,1,1,1,0,1,0,5,0,0,0,0,1,0,0,1,0,1,0,0,Novice,TRUE,0.375,0.625,0.285714286
64bbd4,1,Clip20,18.4818,Novice,29,Male,Yes,0.5,No,NA,0,1,0,0,0,2,1,1,1,0,1,0,5,0,0,0,0,1,0,0,1,0,1,0,0,Novice,TRUE,0.375,0.625,0.285714286
64bbd4,0,Clip24,6.9506,Novice,29,Male,Yes,0.5,No,NA,0,1,0,0,0,2,1,1,1,0,1,0,5,0,0,0,0,1,0,0,1,0,1,0,0,Novice,TRUE,0.375,0.625,0.285714286
64bbd4,0,Clip34,9.5764,Novice,29,Male,Yes,0.5,No,NA,0,1,0,0,0,2,1,1,1,0,1,0,5,0,0,0,0,1,0,0,1,0,1,0,0,Novice,TRUE,0.375,0.625,0.285714286
64bbd4,1,Clip16,11.8424,Novice,29,Male,Yes,0.5,No,NA,0,1,0,0,0,2,1,1,1,0,1,0,5,0,0,0,0,1,0,0,1,0,1,0,0,Novice,TRUE,0.375,0.625,0.285714286
64bbd4,0,Clip27,9.0629,Novice,29,Male,Yes,0.5,No,NA,0,1,0,0,0,2,1,1,1,0,1,0,5,0,0,0,0,1,0,0,1,0,1,0,0,Novice,TRUE,0.375,0.625,0.285714286
64bbd4,0,Clip15,10.6511,Novice,29,Male,Yes,0.5,No,NA,0,1,0,0,0,2,1,1,1,0,1,0,5,0,0,0,0,1,0,0,1,0,1,0,0,Novice,TRUE,0.375,0.625,0.285714286
64bbd4,1,Clip17,7.8191,Novice,29,Male,Yes,0.5,No,NA,0,1,0,0,0,2,1,1,1,0,1,0,5,0,0,0,0,1,0,0,1,0,1,0,0,Novice,TRUE,0.375,0.625,0.285714286
64bbd4,1,Clip12,7.7722,Novice,29,Male,Yes,0.5,No,NA,0,1,0,0,0,2,1,1,1,0,1,0,5,0,0,0,0,1,0,0,1,0,1,0,0,Novice,TRUE,0.375,0.625,0.285714286
64bbd4,1,Clip09,7.0747,Novice,29,Male,Yes,0.5,No,NA,0,1,0,0,0,2,1,1,1,0,1,0,5,0,0,0,0,1,0,0,1,0,1,0,0,Novice,TRUE,0.375,0.625,0.285714286
64bbd4,0,Clip33,7.6052,Novice,29,Male,Yes,0.5,No,NA,0,1,0,0,0,2,1,1,1,0,1,0,5,0,0,0,0,1,0,0,1,0,1,0,0,Novice,TRUE,0.375,0.625,0.285714286
64bbd4,1,Clip10,5.4955,Novice,29,Male,Yes,0.5,No,NA,0,1,0,0,0,2,1,1,1,0,1,0,5,0,0,0,0,1,0,0,1,0,1,0,0,Novice,TRUE,0.375,0.625,0.285714286
64bbd4,0,Clip01,10.1694,Novice,29,Male,Yes,0.5,No,NA,0,1,0,0,0,2,1,1,1,0,1,0,5,0,0,0,0,1,0,0,1,0,1,0,0,Novice,TRUE,0.375,0.625,0.285714286
64bbd4,0,Clip11,4.2914,Novice,29,Male,Yes,0.5,No,NA,0,1,0,0,0,2,1,1,1,0,1,0,5,0,0,0,0,1,0,0,1,0,1,0,0,Novice,TRUE,0.375,0.625,0.285714286
64bbd4,1,Clip08,10.1845,Novice,29,Male,Yes,0.5,No,NA,0,1,0,0,0,2,1,1,1,0,1,0,5,0,0,0,0,1,0,0,1,0,1,0,0,Novice,TRUE,0.375,0.625,0.285714286
64bbd4,0,Clip21,6.1918,Novice,29,Male,Yes,0.5,No,NA,0,1,0,0,0,2,1,1,1,0,1,0,5,0,0,0,0,1,0,0,1,0,1,0,0,Novice,TRUE,0.375,0.625,0.285714286
64bbd4,0,Clip40,10.4957,Novice,29,Male,Yes,0.5,No,NA,0,1,0,0,0,2,1,1,1,0,1,0,5,0,0,0,0,1,0,0,1,0,1,0,0,Novice,TRUE,0.375,0.625,0.285714286
